CustomerID,total_spend,number_of_orders,average_order_value,recency_days,customer_lifetime_days,purchase_frequency,unique_products,R_score,F_score,M_score,RFM_score,segment
12346.0,77183.6,1,77183.6,325,325,0.003067484662576687,1,1,1,5,7,Potential Loyal Customers
12347.0,4310.0,7,615.7142857142857,1,366,0.01907356948228883,103,5,5,5,15,Champions
12348.0,1797.24,4,449.31,74,357,0.0111731843575419,22,2,4,4,10,Loyal Customers
12349.0,1757.55,1,1757.55,18,18,0.05263157894736842,73,4,1,4,9,Potential Loyal Customers
12350.0,334.4,1,334.4,309,309,0.0032258064516129032,17,1,1,2,4,Lost Customers
12352.0,2506.04,8,313.255,35,296,0.026936026936026935,59,3,5,5,13,Champions
12353.0,89.0,1,89.0,203,203,0.004901960784313725,4,1,1,1,3,Lost Customers
12354.0,1079.4,1,1079.4,231,231,0.004310344827586207,58,1,1,4,6,At Risk
12355.0,459.4,1,459.4,213,213,0.004672897196261682,13,1,1,2,4,Lost Customers
12356.0,2811.43,3,937.1433333333333,22,325,0.009202453987730062,53,4,3,5,12,Loyal Customers
12357.0,6207.67,1,6207.67,32,32,0.030303030303030304,131,4,1,5,10,Loyal Customers
12358.0,1168.06,2,584.03,1,150,0.013245033112582781,13,5,2,4,11,Loyal Customers
12359.0,6372.58,4,1593.145,57,331,0.012048192771084338,214,3,4,5,12,Loyal Customers
12360.0,2662.06,3,887.3533333333334,51,200,0.014925373134328358,105,3,3,5,11,Loyal Customers
12361.0,189.9,1,189.9,286,286,0.003484320557491289,10,1,1,1,3,Lost Customers
12362.0,5226.23,10,522.6229999999999,2,295,0.033783783783783786,201,5,5,5,15,Champions
12363.0,552.0,2,276.0,109,241,0.008264462809917356,23,2,2,3,7,Potential Loyal Customers
12364.0,1313.1,4,328.275,7,111,0.03571428571428571,70,5,4,4,13,Champions
12365.0,641.38,2,320.69,290,290,0.006872852233676976,22,1,2,3,6,At Risk
12367.0,168.9,1,168.9,3,3,0.25,11,5,1,1,7,Potential Loyal Customers
12370.0,3545.69,4,886.4225,50,359,0.011111111111111112,143,3,4,5,12,Loyal Customers
12371.0,1887.96,2,943.98,44,59,0.03333333333333333,63,3,2,4,9,Potential Loyal Customers
12372.0,1298.04,3,432.68,71,296,0.010101010101010102,34,3,3,4,10,Loyal Customers
12373.0,364.6,1,364.6,310,310,0.003215434083601286,14,1,1,2,4,Lost Customers
12374.0,742.9300000000001,1,742.9300000000001,24,24,0.04,33,4,1,3,8,Potential Loyal Customers
12375.0,457.5,2,228.75,10,97,0.02040816326530612,14,5,2,2,9,Potential Loyal Customers
12377.0,1628.12,2,814.06,314,354,0.005633802816901409,72,1,2,4,7,Potential Loyal Customers
12378.0,4008.62,1,4008.62,129,129,0.007692307692307693,219,2,1,5,8,Potential Loyal Customers
12379.0,852.24,2,426.12,81,169,0.011764705882352941,39,2,2,3,7,Potential Loyal Customers
12380.0,2724.81,4,681.2025,21,185,0.021505376344086023,77,4,4,5,13,Champions
12381.0,1845.31,5,369.062,4,119,0.041666666666666664,70,5,4,4,13,Champions
12383.0,1850.56,5,370.11199999999997,184,351,0.014204545454545454,84,1,4,4,9,Potential Loyal Customers
12384.0,585.27,2,292.635,28,121,0.01639344262295082,26,4,2,3,9,Potential Loyal Customers
12386.0,401.9,2,200.95,337,366,0.005449591280653951,10,1,2,2,5,At Risk
12388.0,2780.66,6,463.4433333333333,15,326,0.01834862385321101,57,4,4,5,13,Champions
12390.0,549.84,1,549.84,79,79,0.0125,32,2,1,3,6,At Risk
12391.0,460.89,1,460.89,21,21,0.045454545454545456,92,4,1,2,7,Potential Loyal Customers
12393.0,1582.6000000000001,4,395.65000000000003,71,332,0.012012012012012012,47,3,4,4,11,Loyal Customers
12394.0,1272.48,2,636.24,63,216,0.009216589861751152,26,3,2,4,9,Potential Loyal Customers
12395.0,3018.63,12,251.5525,18,370,0.03234501347708895,91,4,5,5,14,Champions
12397.0,2409.9,2,1204.95,35,134,0.014814814814814815,110,3,2,5,10,Loyal Customers
12398.0,1635.6599999999999,1,1635.6599999999999,45,45,0.021739130434782608,85,3,1,4,8,Potential Loyal Customers
12399.0,1108.65,4,277.1625,118,261,0.015267175572519083,47,2,4,4,10,Loyal Customers
12401.0,84.3,1,84.3,302,302,0.0033003300330033004,5,1,1,1,3,Lost Customers
12402.0,225.6,1,225.6,322,322,0.0030959752321981426,11,1,1,1,3,Lost Customers
12403.0,427.7,1,427.7,49,49,0.02,5,3,1,2,6,At Risk
12405.0,1710.39,1,1710.39,148,148,0.006711409395973154,54,2,1,4,7,Potential Loyal Customers
12406.0,3415.3,2,1707.65,21,183,0.010869565217391304,92,4,2,5,11,Loyal Customers
12407.0,1708.1200000000001,5,341.624,49,263,0.01893939393939394,57,3,4,4,11,Loyal Customers
12408.0,2888.55,5,577.71,32,259,0.019230769230769232,81,4,4,5,13,Champions
12409.0,11072.67,3,3690.89,78,182,0.01639344262295082,91,2,3,5,10,Loyal Customers
12410.0,693.3299999999999,2,346.66499999999996,308,308,0.006472491909385114,26,1,2,3,6,At Risk
12412.0,1226.88,3,408.96000000000004,74,168,0.01775147928994083,43,2,3,4,9,Potential Loyal Customers
12413.0,758.1,3,252.70000000000002,66,336,0.008902077151335312,29,3,3,3,9,Potential Loyal Customers
12414.0,562.41,3,187.47,216,309,0.00967741935483871,16,1,3,3,7,Potential Loyal Customers
12415.0,124914.53,21,5948.310952380953,23,337,0.0621301775147929,444,4,5,5,14,Champions
12417.0,3649.1,9,405.4555555555555,2,357,0.025139664804469275,158,5,5,5,15,Champions
12418.0,668.58,1,668.58,112,112,0.008849557522123894,34,2,1,3,6,At Risk
12420.0,600.39,1,600.39,63,63,0.015625,29,3,1,3,7,Potential Loyal Customers
12421.0,807.04,4,201.76,15,318,0.012539184952978056,32,4,4,3,11,Loyal Customers
12422.0,803.5600000000001,3,267.85333333333335,95,324,0.009230769230769232,39,2,3,3,8,Potential Loyal Customers
12423.0,1859.31,8,232.41375,0,353,0.022598870056497175,97,5,5,4,14,Champions
12424.0,1760.96,2,880.48,162,162,0.012269938650306749,30,2,2,4,8,Potential Loyal Customers
12425.0,777.2,1,777.2,77,77,0.01282051282051282,36,2,1,3,6,At Risk
12426.0,582.73,1,582.73,194,194,0.005128205128205128,30,1,1,3,5,At Risk
12427.0,825.8,3,275.26666666666665,21,371,0.008064516129032258,26,4,3,3,10,Loyal Customers
12428.0,7956.46,9,884.0511111111111,25,283,0.03169014084507042,258,4,5,5,14,Champions
12429.0,3750.4,4,937.6,8,365,0.01092896174863388,82,5,4,5,14,Champions
12430.0,256.4,1,256.4,42,42,0.023255813953488372,11,3,1,2,6,At Risk
12431.0,6487.45,15,432.49666666666667,35,373,0.040106951871657755,163,3,5,5,13,Champions
12432.0,5059.32,5,1011.8639999999999,42,171,0.029069767441860465,107,3,4,5,12,Loyal Customers
12433.0,13375.87,7,1910.8385714285716,0,372,0.01876675603217158,219,5,5,5,15,Champions
12434.0,806.14,2,403.07,84,259,0.007692307692307693,46,2,2,3,7,Potential Loyal Customers
12435.0,7829.89,2,3914.945,79,267,0.007462686567164179,31,2,2,5,9,Potential Loyal Customers
12436.0,509.01,1,509.01,99,99,0.01,16,2,1,3,6,At Risk
12437.0,4951.41,18,275.0783333333333,1,330,0.054380664652567974,118,5,5,5,15,Champions
12438.0,2906.85,2,1453.425,13,139,0.014285714285714285,84,4,2,5,11,Loyal Customers
12441.0,173.55,1,173.55,366,366,0.0027247956403269754,11,1,1,1,3,Lost Customers
12442.0,172.06,1,172.06,2,2,0.3333333333333333,12,5,1,1,7,Potential Loyal Customers
12444.0,5005.46,5,1001.092,20,170,0.029239766081871343,138,4,4,5,13,Champions
12445.0,133.4,1,133.4,21,21,0.045454545454545456,4,4,1,1,6,At Risk
12446.0,1002.3100000000001,1,1002.3100000000001,57,57,0.017241379310344827,57,3,1,4,8,Potential Loyal Customers
12447.0,476.49,1,476.49,242,242,0.00411522633744856,26,1,1,2,4,Lost Customers
12448.0,449.45,1,449.45,43,43,0.022727272727272728,22,3,1,2,6,At Risk
12449.0,4067.29,4,1016.8225,21,186,0.0213903743315508,118,4,4,5,13,Champions
12450.0,197.88,2,98.94,155,172,0.011560693641618497,7,2,2,1,5,At Risk
12451.0,9035.52,5,1807.104,10,324,0.015384615384615385,265,5,4,5,14,Champions
12452.0,430.57,2,215.285,16,16,0.11764705882352941,21,4,2,2,8,Potential Loyal Customers
12453.0,707.09,1,707.09,133,133,0.007462686567164179,43,2,1,3,6,At Risk
12454.0,3528.34,1,3528.34,55,55,0.017857142857142856,15,3,1,5,9,Potential Loyal Customers
12455.0,2466.86,6,411.1433333333334,72,296,0.020202020202020204,85,2,4,5,11,Loyal Customers
12456.0,3181.04,3,1060.3466666666666,43,254,0.011764705882352941,105,3,3,5,11,Loyal Customers
12457.0,2363.23,7,337.6042857142857,65,238,0.029288702928870293,53,3,5,5,13,Champions
12458.0,947.4,2,473.7,70,284,0.007017543859649123,35,3,2,4,9,Potential Loyal Customers
12461.0,826.88,2,413.44,93,154,0.012903225806451613,35,2,2,3,7,Potential Loyal Customers
12462.0,1189.59,2,594.795,18,302,0.006600660066006601,51,4,2,4,10,Loyal Customers
12463.0,1344.78,4,336.195,52,241,0.01652892561983471,65,3,4,4,11,Loyal Customers
12464.0,1212.05,8,151.50625,9,308,0.025889967637540454,6,5,5,4,14,Champions
12465.0,742.1899999999999,2,371.09499999999997,16,168,0.011834319526627219,46,4,2,3,9,Potential Loyal Customers
12468.0,729.5400000000001,2,364.77000000000004,187,315,0.006329113924050633,36,1,2,3,6,At Risk
12471.0,19824.05,30,660.8016666666666,1,364,0.0821917808219178,150,5,5,5,15,Champions
12472.0,6572.11,7,938.8728571428571,31,368,0.018970189701897018,219,4,5,5,14,Champions
12473.0,3938.5499999999997,5,787.7099999999999,28,191,0.026041666666666668,140,4,4,5,13,Champions
12474.0,7375.79,18,409.7661111111111,16,329,0.05454545454545454,253,4,5,5,14,Champions
12475.0,723.38,1,723.38,53,53,0.018518518518518517,36,3,1,3,7,Potential Loyal Customers
12476.0,6816.42,11,619.6745454545454,15,360,0.030470914127423823,177,4,5,5,14,Champions
12477.0,13219.74,6,2203.29,22,301,0.019867549668874173,191,4,4,5,13,Champions
12478.0,680.99,1,680.99,3,3,0.25,36,5,1,3,9,Potential Loyal Customers
12479.0,527.2,1,527.2,10,10,0.09090909090909091,31,5,1,3,9,Potential Loyal Customers
12480.0,3281.63,4,820.4075,27,335,0.011904761904761904,129,4,4,5,13,Champions
12481.0,5596.32,10,559.632,22,365,0.0273224043715847,150,4,5,5,14,Champions
12483.0,2484.98,8,310.6225,16,338,0.02359882005899705,46,4,5,5,14,Champions
12484.0,4541.72,6,756.9533333333334,32,335,0.017857142857142856,256,4,4,5,13,Champions
12488.0,1298.66,3,432.8866666666667,9,75,0.039473684210526314,46,5,3,4,12,Loyal Customers
12489.0,334.93,1,334.93,335,335,0.002976190476190476,15,1,1,2,4,Lost Customers
12490.0,5417.93,10,541.793,4,329,0.030303030303030304,131,5,5,5,15,Champions
12491.0,460.40000000000003,1,460.40000000000003,38,38,0.02564102564102564,25,3,1,2,6,At Risk
12492.0,263.21000000000004,2,131.60500000000002,62,104,0.01904761904761905,19,3,2,2,7,Potential Loyal Customers
12493.0,433.74,2,216.87,165,196,0.01015228426395939,20,2,2,2,6,At Risk
12494.0,1246.1000000000001,7,178.01428571428573,15,365,0.01912568306010929,63,4,5,4,13,Champions
12497.0,1043.1,1,1043.1,81,81,0.012195121951219513,14,2,1,4,7,Potential Loyal Customers
12498.0,403.70000000000005,3,134.5666666666667,20,57,0.05172413793103448,21,4,3,2,9,Potential Loyal Customers
12500.0,4257.82,11,387.07454545454544,22,333,0.03293413173652695,34,4,5,5,14,Champions
12501.0,2169.39,1,2169.39,336,336,0.002967359050445104,149,1,1,5,7,Potential Loyal Customers
12502.0,3723.87,5,744.774,95,309,0.016129032258064516,102,2,4,5,11,Loyal Customers
12504.0,482.04999999999995,2,241.02499999999998,17,29,0.06666666666666667,6,4,2,2,8,Potential Loyal Customers
12506.0,73.5,1,73.5,232,232,0.004291845493562232,23,1,1,1,3,Lost Customers
12507.0,1304.81,3,434.93666666666667,133,298,0.010033444816053512,19,2,3,4,9,Potential Loyal Customers
12508.0,398.27,2,199.135,25,28,0.06896551724137931,57,4,2,2,8,Potential Loyal Customers
12509.0,176.5,1,176.5,283,283,0.0035211267605633804,7,1,1,1,3,Lost Customers
12510.0,982.5699999999999,2,491.28499999999997,142,324,0.006153846153846154,29,2,2,4,8,Potential Loyal Customers
12512.0,138.03,2,69.015,65,65,0.030303030303030304,31,3,2,1,6,At Risk
12513.0,612.29,1,612.29,112,112,0.008849557522123894,35,2,1,3,6,At Risk
12514.0,1017.68,1,1017.68,266,266,0.003745318352059925,51,1,1,4,6,At Risk
12515.0,383.7,1,383.7,352,352,0.0028328611898017,16,1,1,2,4,Lost Customers
12516.0,1312.06,2,656.03,77,180,0.011049723756906077,20,2,2,4,8,Potential Loyal Customers
12517.0,2502.84,5,500.56800000000004,27,189,0.02631578947368421,232,4,4,5,13,Champions
12518.0,2056.89,5,411.378,0,109,0.045454545454545456,84,5,4,4,13,Champions
12519.0,340.84,1,340.84,63,63,0.015625,17,3,1,2,6,At Risk
12520.0,2634.26,5,526.8520000000001,78,273,0.01824817518248175,121,2,4,5,11,Loyal Customers
12521.0,599.68,1,599.68,142,142,0.006993006993006993,38,2,1,3,6,At Risk
12522.0,192.72,2,96.36,38,50,0.0392156862745098,11,3,2,1,6,At Risk
12523.0,1789.77,11,162.70636363636365,18,331,0.03313253012048193,84,4,5,4,13,Champions
12524.0,4485.72,8,560.715,8,333,0.023952095808383235,113,5,5,5,15,Champions
12526.0,1316.66,3,438.8866666666667,0,93,0.031914893617021274,64,5,3,4,12,Loyal Customers
12527.0,348.71000000000004,3,116.23666666666668,81,325,0.009202453987730062,18,2,3,2,7,Potential Loyal Customers
12528.0,1933.48,6,322.24666666666667,8,312,0.019169329073482427,50,5,5,4,14,Champions
12530.0,1662.28,4,415.57,59,336,0.011869436201780416,51,3,4,4,11,Loyal Customers
12531.0,125.22,1,125.22,14,14,0.06666666666666667,17,4,1,1,6,At Risk
12532.0,349.83000000000004,1,349.83000000000004,29,29,0.03333333333333333,16,4,1,2,7,Potential Loyal Customers
12534.0,1089.18,1,1089.18,130,130,0.007633587786259542,63,2,1,4,7,Potential Loyal Customers
12535.0,716.35,2,358.175,91,186,0.0106951871657754,28,2,2,3,7,Potential Loyal Customers
12536.0,12601.830000000002,3,4200.610000000001,42,58,0.05084745762711865,260,3,3,5,11,Loyal Customers
12538.0,363.95,1,363.95,28,28,0.034482758620689655,21,4,1,2,7,Potential Loyal Customers
12539.0,5568.35,4,1392.0875,21,333,0.011976047904191617,157,4,4,5,13,Champions
12540.0,13400.24,17,788.2494117647059,19,361,0.04696132596685083,277,4,5,5,14,Champions
12541.0,981.18,3,327.06,29,280,0.010676156583629894,46,4,3,4,11,Loyal Customers
12544.0,372.7,1,372.7,35,35,0.027777777777777776,19,3,1,2,6,At Risk
12545.0,1000.39,2,500.195,74,259,0.007692307692307693,42,2,2,4,8,Potential Loyal Customers
12546.0,1161.5,2,580.75,46,77,0.02564102564102564,59,3,2,4,9,Potential Loyal Customers
12547.0,207.79999999999998,2,103.89999999999999,197,280,0.0071174377224199285,7,1,2,1,4,Lost Customers
12548.0,95.19999999999999,1,95.19999999999999,165,165,0.006024096385542169,5,2,1,1,4,Lost Customers
12550.0,964.83,1,964.83,78,78,0.012658227848101266,57,2,1,4,7,Potential Loyal Customers
12551.0,168.0,1,168.0,357,357,0.002793296089385475,10,1,1,1,3,Lost Customers
12552.0,437.82,2,218.91,38,39,0.05,20,3,2,2,7,Potential Loyal Customers
12553.0,3692.28,10,369.228,7,329,0.030303030303030304,95,5,5,5,15,Champions
12556.0,603.71,2,301.855,49,150,0.013245033112582781,100,3,2,3,8,Potential Loyal Customers
12557.0,11990.960000000001,5,2398.192,15,371,0.013440860215053764,15,4,4,5,13,Champions
12558.0,269.96,1,269.96,7,7,0.125,11,5,1,2,8,Potential Loyal Customers
12559.0,561.71,2,280.855,310,319,0.00625,21,1,2,3,6,At Risk
12560.0,2134.01,3,711.3366666666667,4,142,0.02097902097902098,91,5,3,5,13,Champions
12561.0,238.85,1,238.85,302,302,0.0033003300330033004,16,1,1,1,3,Lost Customers
12562.0,3781.7400000000002,7,540.2485714285715,7,198,0.035175879396984924,99,5,5,5,15,Champions
12564.0,456.9,1,456.9,260,260,0.0038314176245210726,21,1,1,2,4,Lost Customers
12565.0,145.92,1,145.92,288,288,0.0034602076124567475,9,1,1,1,3,Lost Customers
12566.0,351.65,1,351.65,85,85,0.011627906976744186,19,2,1,2,5,At Risk
12567.0,9401.28,10,940.128,22,369,0.02702702702702703,323,4,5,5,14,Champions
12569.0,4124.69,32,128.8965625,1,251,0.12698412698412698,92,5,5,5,15,Champions
12571.0,519.61,2,259.805,39,121,0.01639344262295082,31,3,2,3,8,Potential Loyal Customers
12572.0,1020.42,2,510.21,8,51,0.038461538461538464,53,5,2,4,11,Loyal Customers
12573.0,160.54000000000002,1,160.54000000000002,226,226,0.004405286343612335,26,1,1,1,3,Lost Customers
12574.0,218.45,1,218.45,315,315,0.0031645569620253164,11,1,1,1,3,Lost Customers
12576.0,1315.83,5,263.166,35,304,0.01639344262295082,72,3,4,4,11,Loyal Customers
12577.0,657.8,3,219.26666666666665,34,358,0.008356545961002786,137,3,3,3,9,Potential Loyal Customers
12578.0,2794.51,2,1397.255,20,329,0.006060606060606061,111,4,2,5,11,Loyal Customers
12579.0,440.42,1,440.42,77,77,0.01282051282051282,29,2,1,2,5,At Risk
12580.0,415.7,1,415.7,246,246,0.004048582995951417,24,1,1,2,4,Lost Customers
12581.0,197.71,1,197.71,39,39,0.025,15,3,1,1,5,At Risk
12582.0,511.36,2,255.68,238,288,0.006920415224913495,21,1,2,3,6,At Risk
12583.0,7281.38,15,485.42533333333336,2,373,0.040106951871657755,115,5,5,5,15,Champions
12584.0,2338.15,9,259.7944444444445,3,279,0.03214285714285714,44,5,5,5,15,Champions
12585.0,2040.1,2,1020.05,233,350,0.005698005698005698,77,1,2,4,7,Potential Loyal Customers
12586.0,196.94000000000003,1,196.94000000000003,16,16,0.058823529411764705,11,4,1,1,6,At Risk
12587.0,144.0,1,144.0,7,7,0.125,4,5,1,1,7,Potential Loyal Customers
12588.0,214.89999999999998,1,214.89999999999998,38,38,0.02564102564102564,10,3,1,1,5,At Risk
12589.0,646.68,2,323.34,28,144,0.013793103448275862,29,4,2,3,9,Potential Loyal Customers
12590.0,9864.26,2,4932.13,210,210,0.009478672985781991,68,1,2,5,8,Potential Loyal Customers
12591.0,452.84999999999997,1,452.84999999999997,316,316,0.0031545741324921135,26,1,1,2,4,Lost Customers
12592.0,437.6,2,218.8,91,212,0.009389671361502348,11,2,2,2,6,At Risk
12593.0,418.09999999999997,3,139.36666666666665,108,218,0.0136986301369863,14,2,3,2,7,Potential Loyal Customers
12594.0,3338.2200000000003,10,333.822,37,322,0.030959752321981424,50,3,5,5,13,Champions
12596.0,618.27,2,309.135,50,241,0.008264462809917356,25,3,2,3,8,Potential Loyal Customers
12597.0,3811.22,4,952.805,18,267,0.014925373134328358,184,4,4,5,13,Champions
12598.0,3023.08,8,377.885,9,284,0.028070175438596492,84,5,5,5,15,Champions
12599.0,1032.58,7,147.51142857142855,28,303,0.023026315789473683,32,4,5,4,13,Champions
12600.0,2599.04,10,259.904,28,370,0.026954177897574125,32,4,5,5,14,Champions
12601.0,577.0600000000001,5,115.412,189,332,0.015015015015015015,21,1,4,3,8,Potential Loyal Customers
12602.0,153.12,1,153.12,58,58,0.01694915254237288,12,3,1,1,5,At Risk
12603.0,739.1999999999999,1,739.1999999999999,21,21,0.045454545454545456,2,4,1,3,8,Potential Loyal Customers
12604.0,254.18,2,127.09,78,261,0.007633587786259542,15,2,2,2,6,At Risk
12607.0,1579.51,1,1579.51,59,59,0.016666666666666666,101,3,1,4,8,Potential Loyal Customers
12609.0,1126.85,3,375.6166666666666,77,317,0.009433962264150943,57,2,3,4,9,Potential Loyal Customers
12610.0,2099.54,5,419.908,22,125,0.03968253968253968,85,4,4,5,13,Champions
12611.0,1193.32,1,1193.32,51,51,0.019230769230769232,65,3,1,4,8,Potential Loyal Customers
12612.0,704.0400000000001,1,704.0400000000001,73,73,0.013513513513513514,19,2,1,3,6,At Risk
12613.0,3344.38,5,668.876,56,261,0.019083969465648856,124,3,4,5,12,Loyal Customers
12614.0,315.6,1,315.6,277,277,0.0035971223021582736,20,1,1,2,4,Lost Customers
12615.0,2291.19,4,572.7975,1,167,0.023809523809523808,82,5,4,5,14,Champions
12616.0,713.3,2,356.65,94,296,0.006734006734006734,25,2,2,3,7,Potential Loyal Customers
12617.0,355.53,1,355.53,28,28,0.034482758620689655,39,4,1,2,7,Potential Loyal Customers
12618.0,177.31,1,177.31,21,21,0.045454545454545456,11,4,1,1,6,At Risk
12619.0,3641.24,9,404.5822222222222,15,252,0.03557312252964427,50,4,5,5,14,Champions
12620.0,1339.41,3,446.47,14,204,0.014634146341463415,89,4,3,4,11,Loyal Customers
12621.0,13689.67,20,684.4835,1,365,0.0546448087431694,261,5,5,5,15,Champions
12622.0,180.1,1,180.1,231,231,0.004310344827586207,11,1,1,1,3,Lost Customers
12623.0,305.1,1,305.1,275,275,0.0036231884057971015,18,1,1,2,4,Lost Customers
12624.0,641.13,2,320.565,105,177,0.011235955056179775,36,2,2,3,7,Potential Loyal Customers
12625.0,2683.82,2,1341.91,211,318,0.006269592476489028,73,1,2,5,8,Potential Loyal Customers
12626.0,6620.48,9,735.6088888888888,22,326,0.027522935779816515,232,4,5,5,14,Champions
12627.0,4478.53,7,639.79,10,139,0.05,162,5,5,5,15,Champions
12628.0,786.46,3,262.15333333333336,3,64,0.046153846153846156,34,5,3,3,11,Loyal Customers
12630.0,1270.88,2,635.44,9,43,0.045454545454545456,60,5,2,4,11,Loyal Customers
12631.0,640.5,1,640.5,56,56,0.017543859649122806,31,3,1,3,7,Potential Loyal Customers
12633.0,2163.98,4,540.995,58,287,0.013888888888888888,73,3,4,5,12,Loyal Customers
12635.0,1689.18,2,844.59,89,154,0.012903225806451613,96,2,2,4,8,Potential Loyal Customers
12637.0,6021.9,8,752.7375,66,323,0.024691358024691357,205,3,5,5,13,Champions
12638.0,671.69,1,671.69,32,32,0.030303030303030304,39,4,1,3,8,Potential Loyal Customers
12639.0,486.1,1,486.1,238,238,0.0041841004184100415,22,1,1,2,4,Lost Customers
12640.0,1174.58,3,391.52666666666664,23,81,0.036585365853658534,47,4,3,4,11,Loyal Customers
12641.0,185.9,1,185.9,114,114,0.008695652173913044,10,2,1,1,4,Lost Customers
12642.0,1013.26,3,337.75333333333333,24,107,0.027777777777777776,39,4,3,4,11,Loyal Customers
12643.0,3344.64,6,557.4399999999999,127,332,0.018018018018018018,11,2,5,5,12,Loyal Customers
12644.0,477.91,1,477.91,129,129,0.007692307692307693,31,2,1,2,5,At Risk
12645.0,1775.18,4,443.795,33,315,0.012658227848101266,58,3,4,4,11,Loyal Customers
12646.0,1346.97,2,673.485,4,48,0.04081632653061224,43,5,2,4,11,Loyal Customers
12647.0,3722.82,12,310.235,21,368,0.032520325203252036,78,4,5,5,14,Champions
12648.0,318.05,1,318.05,154,154,0.0064516129032258064,21,2,1,2,5,At Risk
12649.0,623.51,3,207.83666666666667,106,211,0.014150943396226415,28,2,3,3,8,Potential Loyal Customers
12650.0,314.44,1,314.44,2,2,0.3333333333333333,20,5,1,2,8,Potential Loyal Customers
12651.0,114.0,1,114.0,334,334,0.0029850746268656717,9,1,1,1,3,Lost Customers
12652.0,919.98,1,919.98,330,330,0.0030211480362537764,48,1,1,3,5,At Risk
12653.0,2209.85,2,1104.925,148,296,0.006734006734006734,37,2,2,5,9,Potential Loyal Customers
12654.0,601.98,5,120.396,10,294,0.01694915254237288,31,5,4,3,12,Loyal Customers
12656.0,4051.17,5,810.234,16,233,0.021367521367521368,89,4,4,5,13,Champions
12657.0,1643.18,4,410.795,10,78,0.05063291139240506,35,5,4,4,13,Champions
12658.0,686.05,1,686.05,18,18,0.05263157894736842,36,4,1,3,8,Potential Loyal Customers
12659.0,91.68,1,91.68,29,29,0.03333333333333333,5,4,1,1,6,At Risk
12660.0,245.1,1,245.1,10,10,0.09090909090909091,13,5,1,1,7,Potential Loyal Customers
12662.0,3849.78,11,349.98,0,372,0.029490616621983913,129,5,5,5,15,Champions
12664.0,4881.88,9,542.4311111111111,7,322,0.02786377708978328,10,5,5,5,15,Champions
12665.0,63.0,1,63.0,324,324,0.003076923076923077,3,1,1,1,3,Lost Customers
12667.0,620.13,1,620.13,57,57,0.017241379310344827,33,3,1,3,7,Potential Loyal Customers
12668.0,3807.15,4,951.7875,11,355,0.011235955056179775,115,5,4,5,14,Champions
12669.0,2744.0299999999997,3,914.6766666666666,150,256,0.011673151750972763,98,2,3,5,10,Loyal Customers
12670.0,2996.05,5,599.21,9,232,0.02145922746781116,58,5,4,5,14,Champions
12672.0,225.89999999999998,1,225.89999999999998,329,329,0.0030303030303030303,10,1,1,1,3,Lost Customers
12673.0,610.52,2,305.26,4,326,0.0061162079510703364,42,5,2,3,10,Loyal Customers
12674.0,1970.6,4,492.65,38,207,0.019230769230769232,52,3,4,4,11,Loyal Customers
12676.0,1331.39,6,221.89833333333334,24,310,0.01929260450160772,33,4,5,4,13,Champions
12678.0,17628.46,12,1469.0383333333332,41,353,0.03389830508474576,105,3,5,5,13,Champions
12679.0,1113.02,4,278.255,58,283,0.014084507042253521,43,3,4,4,11,Loyal Customers
12680.0,862.81,4,215.7025,0,112,0.035398230088495575,33,5,4,3,12,Loyal Customers
12681.0,13787.54,22,626.7063636363637,14,367,0.059782608695652176,267,4,5,5,14,Champions
12682.0,12288.22,31,396.3941935483871,3,370,0.08355795148247978,209,5,5,5,15,Champions
12683.0,8476.57,15,565.1046666666666,3,365,0.040983606557377046,177,5,5,5,15,Champions
12684.0,2283.63,7,326.23285714285714,7,212,0.03286384976525822,61,5,5,5,15,Champions
12685.0,2863.08,6,477.18,27,93,0.06382978723404255,117,4,5,5,14,Champions
12686.0,89.14,1,89.14,371,371,0.002688172043010753,7,1,1,1,3,Lost Customers
12688.0,4873.8099999999995,1,4873.8099999999995,113,113,0.008771929824561403,171,2,1,5,8,Potential Loyal Customers
12689.0,1247.61,2,623.805,25,127,0.015625,57,4,2,4,10,Loyal Customers
12690.0,389.01,1,389.01,205,205,0.0048543689320388345,16,1,1,2,4,Lost Customers
12691.0,1035.8,6,172.63333333333333,27,356,0.01680672268907563,21,4,5,4,13,Champions
12693.0,855.91,4,213.9775,126,318,0.012539184952978056,35,2,4,3,9,Potential Loyal Customers
12694.0,869.67,2,434.835,69,182,0.01092896174863388,32,3,2,3,8,Potential Loyal Customers
12695.0,582.1,4,145.525,6,209,0.01904761904761905,23,5,4,3,12,Loyal Customers
12697.0,957.59,3,319.19666666666666,28,168,0.01775147928994083,37,4,3,4,11,Loyal Customers
12700.0,4939.99,4,1234.9975,7,214,0.018604651162790697,193,5,4,5,14,Champions
12701.0,797.71,2,398.855,79,241,0.008264462809917356,50,2,2,3,7,Potential Loyal Customers
12702.0,219.0,1,219.0,19,19,0.05,12,4,1,1,6,At Risk
12703.0,283.55,1,283.55,70,70,0.014084507042253521,21,3,1,2,6,At Risk
12704.0,2340.84,8,292.605,6,169,0.047058823529411764,64,5,5,5,15,Champions
12705.0,6868.29,9,763.1433333333333,14,356,0.025210084033613446,228,4,5,5,14,Champions
12707.0,603.42,1,603.42,291,291,0.003424657534246575,33,1,1,3,5,At Risk
12708.0,2712.91,10,271.291,29,368,0.02710027100271003,86,4,5,5,14,Champions
12709.0,9736.52,15,649.1013333333334,14,366,0.04087193460490463,93,4,5,5,14,Champions
12710.0,1149.02,3,383.00666666666666,96,200,0.014925373134328358,75,2,3,4,9,Potential Loyal Customers
12712.0,4396.13,13,338.1638461538462,28,370,0.03504043126684636,58,4,5,5,14,Champions
12713.0,848.55,1,848.55,0,0,1.0,38,5,1,3,9,Potential Loyal Customers
12714.0,4708.86,5,941.7719999999999,8,294,0.01694915254237288,216,5,4,5,14,Champions
12715.0,353.86,1,353.86,105,105,0.009433962264150943,20,2,1,2,5,At Risk
12716.0,1053.49,2,526.745,3,132,0.015037593984962405,60,5,2,4,11,Loyal Customers
12717.0,1030.98,2,515.49,150,245,0.008130081300813009,49,2,2,4,8,Potential Loyal Customers
12718.0,238.25,1,238.25,70,70,0.014084507042253521,19,3,1,1,5,At Risk
12719.0,644.95,2,322.475,4,64,0.03076923076923077,34,5,2,3,10,Loyal Customers
12720.0,5781.73,25,231.26919999999998,2,368,0.06775067750677506,211,5,5,5,15,Champions
12721.0,2656.13,6,442.68833333333333,31,354,0.016901408450704224,133,4,5,5,14,Champions
12722.0,997.63,4,249.4075,84,150,0.026490066225165563,50,2,4,4,10,Loyal Customers
12723.0,725.07,5,145.014,3,64,0.07692307692307693,53,5,4,3,12,Loyal Customers
12724.0,1031.41,4,257.8525,4,331,0.012048192771084338,47,5,4,4,13,Champions
12725.0,427.8,1,427.8,370,370,0.0026954177897574125,24,1,1,2,4,Lost Customers
12726.0,2609.1,7,372.7285714285714,27,356,0.0196078431372549,57,4,5,5,14,Champions
12727.0,3980.7,7,568.6714285714286,10,319,0.021875,109,5,5,5,15,Champions
12728.0,836.33,4,209.0825,70,331,0.012048192771084338,38,3,4,3,10,Loyal Customers
12729.0,453.01,1,453.01,113,113,0.008771929824561403,26,2,1,2,5,At Risk
12731.0,18895.91,12,1574.6591666666666,23,364,0.03287671232876712,109,4,5,5,14,Champions
12732.0,236.26000000000002,1,236.26000000000002,179,179,0.005555555555555556,12,1,1,1,3,Lost Customers
12733.0,383.95,1,383.95,233,233,0.004273504273504274,22,1,1,2,4,Lost Customers
12734.0,110.39999999999999,1,110.39999999999999,352,352,0.0028328611898017,4,1,1,1,3,Lost Customers
12735.0,779.5699999999999,2,389.78499999999997,314,336,0.005934718100890208,38,1,2,3,6,At Risk
12736.0,234.0,1,234.0,332,332,0.003003003003003003,4,1,1,1,3,Lost Customers
12738.0,155.35,1,155.35,371,371,0.002688172043010753,11,1,1,1,3,Lost Customers
12739.0,1013.04,2,506.52,77,98,0.020202020202020204,38,2,2,4,8,Potential Loyal Customers
12740.0,427.6,1,427.6,63,63,0.015625,27,3,1,2,6,At Risk
12743.0,546.43,2,273.215,133,133,0.014925373134328358,114,2,2,3,7,Potential Loyal Customers
12744.0,21279.29,7,3039.8985714285714,51,317,0.0220125786163522,178,3,5,5,13,Champions
12747.0,4196.01,11,381.4554545454546,1,368,0.02981029810298103,42,5,5,5,15,Champions
12748.0,33719.73,209,161.3384210526316,0,373,0.5588235294117647,1768,5,5,5,15,Champions
12749.0,4090.88,5,818.176,3,212,0.023474178403755867,160,5,4,5,14,Champions
12750.0,275.88,1,275.88,128,128,0.007751937984496124,15,2,1,2,5,At Risk
12752.0,4366.78,1,4366.78,80,80,0.012345679012345678,53,2,1,5,8,Potential Loyal Customers
12753.0,21429.39,6,3571.565,22,362,0.01652892561983471,132,4,5,5,14,Champions
12754.0,3010.74,3,1003.5799999999999,235,308,0.009708737864077669,49,1,3,5,9,Potential Loyal Customers
12755.0,3811.95,2,1905.975,280,365,0.00546448087431694,4,1,2,5,8,Potential Loyal Customers
12756.0,112.07999999999998,1,112.07999999999998,86,86,0.011494252873563218,4,2,1,1,4,Lost Customers
12757.0,7857.1,13,604.3923076923077,15,210,0.061611374407582936,237,4,5,5,14,Champions
12758.0,2791.59,2,1395.795,116,276,0.007220216606498195,84,2,2,5,9,Potential Loyal Customers
12759.0,1531.44,3,510.48,51,275,0.010869565217391304,81,3,3,4,10,Loyal Customers
12762.0,1898.52,2,949.26,7,24,0.08,62,5,2,4,11,Loyal Customers
12763.0,494.08,2,247.04,137,368,0.005420054200542005,16,2,2,3,7,Potential Loyal Customers
12764.0,1693.88,1,1693.88,316,316,0.0031545741324921135,45,1,1,4,6,At Risk
12766.0,6989.63,7,998.5185714285715,3,365,0.01912568306010929,205,5,5,5,15,Champions
12769.0,1143.6,1,1143.6,238,238,0.0041841004184100415,32,1,1,4,6,At Risk
12770.0,1351.45,1,1351.45,210,210,0.004739336492890996,12,1,1,4,6,At Risk
12772.0,892.47,1,892.47,59,59,0.016666666666666666,55,3,1,3,7,Potential Loyal Customers
12775.0,1386.04,5,277.20799999999997,16,310,0.01607717041800643,47,4,4,4,12,Loyal Customers
12778.0,822.23,6,137.03833333333333,19,311,0.019230769230769232,40,4,5,3,12,Loyal Customers
12779.0,3981.36,8,497.67,37,370,0.0215633423180593,88,3,5,5,13,Champions
12781.0,826.74,2,413.37,63,284,0.007017543859649123,25,3,2,3,8,Potential Loyal Customers
12782.0,2330.92,5,466.184,4,357,0.013966480446927373,81,5,4,5,14,Champions
12783.0,2225.91,6,370.98499999999996,1,74,0.08,76,5,5,5,15,Champions
12784.0,574.42,2,287.21,8,14,0.13333333333333333,54,5,2,3,10,Loyal Customers
12785.0,311.95,1,311.95,363,363,0.0027472527472527475,14,1,1,2,4,Lost Customers
12787.0,463.66,3,154.55333333333334,9,192,0.015544041450777202,17,5,3,2,10,Loyal Customers
12789.0,91.85,1,91.85,64,64,0.015384615384615385,4,3,1,1,5,At Risk
12790.0,324.92,1,324.92,191,191,0.005208333333333333,21,1,1,2,4,Lost Customers
12791.0,192.60000000000002,1,192.60000000000002,373,373,0.00267379679144385,2,1,1,1,3,Lost Customers
12792.0,400.53999999999996,1,400.53999999999996,256,256,0.0038910505836575876,25,1,1,2,4,Lost Customers
12793.0,545.48,2,272.74,334,370,0.005390835579514825,21,1,2,3,6,At Risk
12794.0,860.41,2,430.205,52,98,0.020202020202020204,43,3,2,3,8,Potential Loyal Customers
12795.0,430.48,1,430.48,18,18,0.05263157894736842,14,4,1,2,7,Potential Loyal Customers
12797.0,254.03,1,254.03,365,365,0.00273224043715847,13,1,1,2,4,Lost Customers
12798.0,6977.04,3,2325.68,9,170,0.017543859649122806,6,5,3,5,13,Champions
12802.0,427.58,1,427.58,186,186,0.0053475935828877,25,1,1,2,4,Lost Customers
12808.0,483.65000000000003,3,161.21666666666667,36,368,0.008130081300813009,27,3,3,2,8,Potential Loyal Customers
12809.0,489.31,1,489.31,177,177,0.0056179775280898875,25,2,1,2,5,At Risk
12811.0,514.85,3,171.61666666666667,260,283,0.01056338028169014,27,1,3,3,7,Potential Loyal Customers
12812.0,229.64000000000001,1,229.64000000000001,44,44,0.022222222222222223,15,3,1,1,5,At Risk
12814.0,125.92,1,125.92,101,101,0.00980392156862745,2,2,1,1,4,Lost Customers
12815.0,1063.46,2,531.73,147,197,0.010101010101010102,38,2,2,4,8,Potential Loyal Customers
12816.0,572.2,2,286.1,95,175,0.011363636363636364,27,2,2,3,7,Potential Loyal Customers
12817.0,166.04,1,166.04,280,280,0.0035587188612099642,4,1,1,1,3,Lost Customers
12818.0,1542.08,1,1542.08,261,261,0.003816793893129771,14,1,1,4,6,At Risk
12820.0,942.34,4,235.585,2,326,0.012232415902140673,55,5,4,4,13,Champions
12821.0,92.72,1,92.72,213,213,0.004672897196261682,6,1,1,1,3,Lost Customers
12822.0,948.88,2,474.44,70,86,0.022988505747126436,41,3,2,4,9,Potential Loyal Customers
12823.0,1759.5,5,351.9,74,296,0.016835016835016835,1,2,4,4,10,Loyal Customers
12824.0,397.12,1,397.12,59,59,0.016666666666666666,25,3,1,2,6,At Risk
12826.0,1474.72,7,210.67428571428573,2,364,0.019178082191780823,58,5,5,4,14,Champions
12827.0,430.15000000000003,3,143.38333333333335,5,43,0.06818181818181818,19,5,3,2,10,Loyal Customers
12828.0,1018.71,6,169.785,2,129,0.046153846153846156,46,5,5,4,14,Champions
12829.0,293.0,2,146.5,336,359,0.005555555555555556,9,1,2,2,5,At Risk
12830.0,6814.64,6,1135.7733333333333,37,171,0.03488372093023256,13,3,5,5,13,Champions
12831.0,215.05,1,215.05,261,261,0.003816793893129771,9,1,1,1,3,Lost Customers
12832.0,383.03,2,191.515,31,97,0.02040816326530612,27,4,2,2,8,Potential Loyal Customers
12833.0,417.38,1,417.38,144,144,0.006896551724137931,24,2,1,2,5,At Risk
12834.0,312.38,1,312.38,282,282,0.0035335689045936395,18,1,1,2,4,Lost Customers
12836.0,2612.86,4,653.215,58,311,0.01282051282051282,148,3,4,5,12,Loyal Customers
12837.0,134.1,1,134.1,172,172,0.005780346820809248,12,2,1,1,4,Lost Customers
12838.0,683.13,2,341.565,33,373,0.0053475935828877,115,3,2,3,8,Potential Loyal Customers
12839.0,5591.42,14,399.38714285714286,2,366,0.03814713896457766,95,5,5,5,15,Champions
12840.0,2726.77,4,681.6925,143,226,0.01762114537444934,67,2,4,5,11,Loyal Customers
12841.0,4022.35,25,160.894,4,371,0.06720430107526881,229,5,5,5,15,Champions
12842.0,1118.99,2,559.495,69,308,0.006472491909385114,34,3,2,4,9,Potential Loyal Customers
12843.0,1702.26,8,212.7825,65,263,0.030303030303030304,69,3,5,4,12,Loyal Customers
12844.0,325.96000000000004,2,162.98000000000002,28,129,0.015384615384615385,47,4,2,2,8,Potential Loyal Customers
12845.0,354.09,4,88.5225,266,289,0.013793103448275862,26,1,4,2,7,Potential Loyal Customers
12847.0,871.54,1,871.54,21,21,0.045454545454545456,72,4,1,3,8,Potential Loyal Customers
12849.0,1050.8899999999999,2,525.4449999999999,30,268,0.007434944237918215,47,4,2,4,10,Loyal Customers
12851.0,135.18,1,135.18,96,96,0.010309278350515464,43,2,1,1,4,Lost Customers
12852.0,311.55,1,311.55,294,294,0.003389830508474576,17,1,1,2,4,Lost Customers
12853.0,1957.1000000000001,6,326.18333333333334,134,315,0.0189873417721519,66,2,5,4,11,Loyal Customers
12854.0,1324.5,3,441.5,78,317,0.009433962264150943,95,2,3,4,9,Potential Loyal Customers
12855.0,38.1,1,38.1,372,372,0.002680965147453083,3,1,1,1,3,Lost Customers
12856.0,2179.93,6,363.32166666666666,7,63,0.09375,155,5,5,5,15,Champions
12857.0,1106.4,2,553.2,210,302,0.006600660066006601,37,1,2,4,7,Potential Loyal Customers
12863.0,521.2,1,521.2,51,51,0.019230769230769232,5,3,1,3,7,Potential Loyal Customers
12864.0,147.12,1,147.12,137,137,0.007246376811594203,3,2,1,1,4,Lost Customers
12865.0,1568.23,2,784.115,25,123,0.016129032258064516,86,4,2,4,10,Loyal Customers
12866.0,559.12,1,559.12,282,282,0.0035335689045936395,26,1,1,3,5,At Risk
12867.0,4036.82,7,576.6885714285714,25,359,0.019444444444444445,240,4,5,5,14,Champions
12868.0,1607.0600000000002,6,267.84333333333336,185,373,0.016042780748663103,72,1,5,4,10,Loyal Customers
12871.0,380.64,2,190.32,83,206,0.00966183574879227,8,2,2,2,6,At Risk
12872.0,599.97,2,299.985,326,364,0.005479452054794521,58,1,2,3,6,At Risk
12873.0,374.0,1,374.0,281,281,0.0035460992907801418,4,1,1,2,4,Lost Customers
12875.0,343.2300000000001,2,171.61500000000004,142,362,0.005509641873278237,1,2,2,2,6,At Risk
12876.0,2218.02,2,1109.01,57,195,0.01020408163265306,67,3,2,5,10,Loyal Customers
12877.0,1535.77,12,127.98083333333334,3,358,0.033426183844011144,100,5,5,4,14,Champions
12878.0,854.99,2,427.495,235,265,0.007518796992481203,38,1,2,3,6,At Risk
12879.0,573.22,3,191.07333333333335,44,91,0.03260869565217391,7,3,3,3,9,Potential Loyal Customers
12881.0,298.0,1,298.0,275,275,0.0036231884057971015,7,1,1,2,4,Lost Customers
12882.0,1463.04,2,731.52,8,33,0.058823529411764705,12,5,2,4,11,Loyal Customers
12883.0,703.47,4,175.8675,24,88,0.0449438202247191,39,4,4,3,11,Loyal Customers
12884.0,309.05,1,309.05,87,87,0.011363636363636364,7,2,1,2,5,At Risk
12885.0,1175.22,3,391.74,62,123,0.024193548387096774,66,3,3,4,10,Loyal Customers
12886.0,1378.4,2,689.2,67,219,0.00909090909090909,75,3,2,4,9,Potential Loyal Customers
12888.0,354.12,2,177.06,213,254,0.00784313725490196,4,1,2,2,5,At Risk
12890.0,380.46999999999997,1,380.46999999999997,23,23,0.041666666666666664,78,4,1,2,7,Potential Loyal Customers
12891.0,331.0,3,110.33333333333333,185,292,0.010238907849829351,2,1,3,2,6,At Risk
12893.0,188.14,1,188.14,30,30,0.03225806451612903,27,4,1,1,6,At Risk
12895.0,372.8,2,186.4,41,86,0.022988505747126436,22,3,2,2,7,Potential Loyal Customers
12897.0,216.5,2,108.25,204,301,0.006622516556291391,3,1,2,1,4,Lost Customers
12901.0,17654.54,28,630.5192857142857,8,270,0.1033210332103321,30,5,5,5,15,Champions
12902.0,138.68,1,138.68,264,264,0.0037735849056603774,10,1,1,1,3,Lost Customers
12904.0,509.58,2,254.79,17,171,0.011627906976744186,59,4,2,3,9,Potential Loyal Customers
12906.0,2919.81,5,583.962,11,77,0.0641025641025641,55,5,4,5,14,Champions
12908.0,750.0,2,375.0,175,312,0.006389776357827476,1,2,2,3,7,Potential Loyal Customers
12909.0,2178.67,5,435.73400000000004,39,252,0.019762845849802372,78,3,4,5,12,Loyal Customers
12910.0,3075.04,8,384.38,22,241,0.03305785123966942,48,4,5,5,14,Champions
12912.0,1662.3,5,332.46,2,40,0.12195121951219512,17,5,4,4,13,Champions
12913.0,2483.63,5,496.726,4,367,0.01358695652173913,37,5,4,5,14,Champions
12915.0,363.65,2,181.825,148,372,0.005361930294906166,19,2,2,2,6,At Risk
12916.0,3006.15,4,751.5375,138,320,0.012461059190031152,53,2,4,5,11,Loyal Customers
12917.0,594.0,1,594.0,127,127,0.0078125,2,2,1,3,6,At Risk
12919.0,1335.19,6,222.53166666666667,7,169,0.03529411764705882,34,5,5,4,14,Champions
12920.0,164.23,1,164.23,16,16,0.058823529411764705,27,4,1,1,6,At Risk
12921.0,16587.09,37,448.29972972972973,8,372,0.09919571045576407,233,5,5,5,15,Champions
12922.0,405.38,1,405.38,160,160,0.006211180124223602,28,2,1,2,5,At Risk
12923.0,176.97,1,176.97,63,63,0.015625,28,3,1,1,5,At Risk
12924.0,933.7,4,233.425,87,327,0.012195121951219513,22,2,4,3,9,Potential Loyal Customers
12925.0,694.05,2,347.025,4,74,0.02666666666666667,42,5,2,3,10,Loyal Customers
12928.0,2062.7000000000003,5,412.5400000000001,34,358,0.013927576601671309,59,3,4,5,12,Loyal Customers
12929.0,117.85,1,117.85,311,311,0.003205128205128205,8,1,1,1,3,Lost Customers
12930.0,415.8,2,207.9,77,170,0.011695906432748537,20,2,2,2,6,At Risk
12931.0,42055.96,15,2803.730666666667,21,357,0.04189944134078212,28,4,5,5,14,Champions
12933.0,607.53,3,202.51,23,283,0.01056338028169014,102,4,3,3,10,Loyal Customers
12935.0,2160.7,7,308.6714285714285,1,318,0.0219435736677116,80,5,5,5,15,Champions
12936.0,1063.9,4,265.975,16,77,0.05128205128205128,56,4,4,4,12,Loyal Customers
12937.0,1504.27,4,376.0675,14,266,0.0149812734082397,81,4,4,4,12,Loyal Customers
12938.0,114.14,1,114.14,25,25,0.038461538461538464,9,4,1,1,6,At Risk
12939.0,11581.8,8,1447.725,63,334,0.023880597014925373,21,3,5,5,13,Champions
12940.0,913.54,2,456.77,54,87,0.022727272727272728,87,3,2,3,8,Potential Loyal Customers
12942.0,683.9,3,227.96666666666667,130,365,0.00819672131147541,68,2,3,3,8,Potential Loyal Customers
12944.0,604.51,2,302.255,35,354,0.005633802816901409,29,3,2,3,8,Potential Loyal Customers
12945.0,462.95,1,462.95,287,287,0.003472222222222222,23,1,1,2,4,Lost Customers
12947.0,1603.99,6,267.33166666666665,143,372,0.0160857908847185,83,2,5,4,11,Loyal Customers
12948.0,2064.95,7,294.99285714285713,15,264,0.026415094339622643,82,4,5,5,14,Champions
12949.0,4167.22,8,520.9025,30,251,0.031746031746031744,166,4,5,5,14,Champions
12950.0,1843.0,3,614.3333333333334,1,23,0.125,13,5,3,4,12,Loyal Customers
12951.0,1064.07,6,177.345,8,330,0.01812688821752266,53,5,5,4,14,Champions
12952.0,1387.79,4,346.9475,5,77,0.05128205128205128,64,5,4,4,13,Champions
12953.0,329.85,1,329.85,9,9,0.1,17,5,1,2,8,Potential Loyal Customers
12955.0,4757.16,11,432.4690909090909,0,267,0.041044776119402986,81,5,5,5,15,Champions
12956.0,108.07,1,108.07,305,305,0.0032679738562091504,19,1,1,1,3,Lost Customers
12957.0,4017.54,8,502.1925,9,339,0.023529411764705882,208,5,5,5,15,Champions
12962.0,266.39,2,133.195,6,112,0.017699115044247787,15,5,2,2,9,Potential Loyal Customers
12963.0,1856.63,8,232.07875,7,365,0.02185792349726776,75,5,5,4,14,Champions
12965.0,771.91,1,771.91,88,88,0.011235955056179775,108,2,1,3,6,At Risk
12966.0,160.18,1,160.18,9,9,0.1,10,5,1,1,7,Potential Loyal Customers
12967.0,1660.9,2,830.45,357,371,0.005376344086021506,19,1,2,4,7,Potential Loyal Customers
12968.0,135.95,1,135.95,111,111,0.008928571428571428,5,2,1,1,4,Lost Customers
12970.0,452.24,4,113.06,6,321,0.012422360248447204,116,5,4,2,11,Loyal Customers
12971.0,11189.91,86,130.11523255813952,3,371,0.23118279569892472,94,5,5,5,15,Champions
12974.0,144.8,1,144.8,197,197,0.005050505050505051,8,1,1,1,3,Lost Customers
12976.0,738.6,1,738.6,211,211,0.0047169811320754715,22,1,1,3,5,At Risk
12977.0,39.239999999999995,1,39.239999999999995,155,155,0.00641025641025641,9,2,1,1,4,Lost Customers
12980.0,7374.900000000001,9,819.4333333333334,157,358,0.025069637883008356,6,2,5,5,12,Loyal Customers
12981.0,372.21999999999997,2,186.10999999999999,29,132,0.015037593984962405,12,4,2,2,8,Potential Loyal Customers
12982.0,390.54,1,390.54,242,242,0.00411522633744856,28,1,1,2,4,Lost Customers
12984.0,97.5,1,97.5,18,18,0.05263157894736842,4,4,1,1,6,At Risk
12985.0,1239.38,2,619.69,0,28,0.06896551724137931,73,5,2,4,11,Loyal Customers
12987.0,558.7,2,279.35,73,197,0.010101010101010102,27,2,2,3,7,Potential Loyal Customers
12988.0,535.32,1,535.32,291,291,0.003424657534246575,75,1,1,3,5,At Risk
12989.0,6924.110000000001,15,461.6073333333334,2,363,0.04120879120879121,41,5,5,5,15,Champions
12990.0,409.5,3,136.5,30,309,0.00967741935483871,8,4,3,2,9,Potential Loyal Customers
12991.0,503.76,2,251.88,22,111,0.017857142857142856,31,4,2,3,9,Potential Loyal Customers
12993.0,414.76,4,103.69,22,297,0.013422818791946308,26,4,4,2,10,Loyal Customers
12994.0,974.4200000000001,3,324.8066666666667,3,268,0.011152416356877323,52,5,3,4,12,Loyal Customers
12995.0,211.32,1,211.32,84,84,0.011764705882352941,3,2,1,1,4,Lost Customers
12997.0,1226.89,4,306.7225,21,316,0.012618296529968454,45,4,4,4,12,Loyal Customers
12999.0,455.88,3,151.96,195,245,0.012195121951219513,25,1,3,2,6,At Risk
13000.0,534.85,3,178.28333333333333,106,364,0.00821917808219178,30,2,3,3,8,Potential Loyal Customers
13001.0,9818.82,13,755.2938461538462,3,326,0.039755351681957186,166,5,5,5,15,Champions
13002.0,120.94999999999999,1,120.94999999999999,317,317,0.0031446540880503146,7,1,1,1,3,Lost Customers
13003.0,149.05,3,49.68333333333334,105,214,0.013953488372093023,4,2,3,1,6,At Risk
13004.0,5655.91,18,314.21722222222223,11,357,0.05027932960893855,277,5,5,5,15,Champions
13005.0,513.7,2,256.85,173,245,0.008130081300813009,21,2,2,3,7,Potential Loyal Customers
13006.0,81.57,1,81.57,55,55,0.017857142857142856,4,3,1,1,5,At Risk
13008.0,229.46999999999997,1,229.46999999999997,322,322,0.0030959752321981426,14,1,1,1,3,Lost Customers
13011.0,50.550000000000004,1,50.550000000000004,371,371,0.002688172043010753,3,1,1,1,3,Lost Customers
13012.0,1661.8400000000001,8,207.73000000000002,8,294,0.02711864406779661,67,5,5,4,14,Champions
13013.0,4810.9400000000005,13,370.07230769230773,0,371,0.03494623655913978,155,5,5,5,15,Champions
13014.0,3466.2799999999997,10,346.628,10,280,0.03558718861209965,67,5,5,5,15,Champions
13015.0,3346.28,5,669.2560000000001,52,248,0.020080321285140562,156,3,4,5,12,Loyal Customers
13016.0,789.89,3,263.2966666666667,72,122,0.024390243902439025,39,2,3,3,8,Potential Loyal Customers
13017.0,204.0,1,204.0,6,6,0.14285714285714285,1,5,1,1,7,Potential Loyal Customers
13018.0,7277.7,28,259.91785714285714,15,295,0.0945945945945946,313,4,5,5,14,Champions
13021.0,2616.38,9,290.7088888888889,3,358,0.025069637883008356,101,5,5,5,15,Champions
13023.0,689.9,2,344.95,63,129,0.015384615384615385,36,3,2,3,8,Potential Loyal Customers
13026.0,975.36,5,195.072,0,275,0.018115942028985508,32,5,4,4,13,Champions
13027.0,6912.0,6,1152.0,113,354,0.016901408450704224,6,2,5,5,12,Loyal Customers
13028.0,661.3199999999999,2,330.65999999999997,22,44,0.044444444444444446,40,4,2,3,9,Potential Loyal Customers
13029.0,1247.5,3,415.8333333333333,30,352,0.0084985835694051,8,4,3,4,11,Loyal Customers
13030.0,799.48,2,399.74,10,367,0.005434782608695652,76,5,2,3,10,Loyal Customers
13032.0,1010.18,2,505.09,51,86,0.022988505747126436,55,3,2,4,9,Potential Loyal Customers
13033.0,190.55,1,190.55,356,356,0.0028011204481792717,11,1,1,1,3,Lost Customers
13034.0,642.77,2,321.385,54,368,0.005420054200542005,37,3,2,3,8,Potential Loyal Customers
13035.0,921.88,2,460.94,73,260,0.007662835249042145,23,2,2,3,7,Potential Loyal Customers
13037.0,881.07,3,293.69,137,255,0.01171875,44,2,3,3,8,Potential Loyal Customers
13038.0,908.46,3,302.82,79,290,0.010309278350515464,24,2,3,3,8,Potential Loyal Customers
13040.0,676.99,2,338.495,8,32,0.06060606060606061,38,5,2,3,10,Loyal Customers
13043.0,516.42,1,516.42,272,272,0.003663003663003663,13,1,1,3,5,At Risk
13044.0,560.47,1,560.47,290,290,0.003436426116838488,33,1,1,3,5,At Risk
13045.0,305.28000000000003,1,305.28000000000003,98,98,0.010101010101010102,18,2,1,2,5,At Risk
13046.0,629.31,2,314.655,30,265,0.007518796992481203,33,4,2,3,9,Potential Loyal Customers
13047.0,3237.54,10,323.754,31,373,0.026737967914438502,106,4,5,5,14,Champions
13048.0,1835.91,4,458.9775,13,326,0.012232415902140673,77,4,4,4,12,Loyal Customers
13049.0,656.6800000000001,2,328.34000000000003,63,317,0.006289308176100629,14,3,2,3,8,Potential Loyal Customers
13050.0,5836.86,17,343.3447058823529,14,366,0.04632152588555858,246,4,5,5,14,Champions
13052.0,348.15000000000003,1,348.15000000000003,211,211,0.0047169811320754715,18,1,1,2,4,Lost Customers
13055.0,1214.41,3,404.80333333333334,77,213,0.014018691588785047,74,2,3,4,9,Potential Loyal Customers
13058.0,271.40000000000003,3,90.46666666666668,24,151,0.019736842105263157,5,4,3,2,9,Potential Loyal Customers
13059.0,183.4,1,183.4,249,249,0.004,8,1,1,1,3,Lost Customers
13060.0,307.53,1,307.53,253,253,0.003937007874015748,15,1,1,2,4,Lost Customers
13061.0,248.61,1,248.61,71,71,0.013888888888888888,10,3,1,1,5,At Risk
13062.0,346.98,1,346.98,190,190,0.005235602094240838,11,1,1,2,4,Lost Customers
13064.0,1119.49,4,279.8725,12,326,0.012232415902140673,51,5,4,4,13,Champions
13065.0,205.86,1,205.86,372,372,0.002680965147453083,14,1,1,1,3,Lost Customers
13066.0,470.8,2,235.4,23,31,0.0625,48,4,2,2,8,Potential Loyal Customers
13067.0,115.46000000000001,1,115.46000000000001,81,81,0.012195121951219513,14,2,1,1,4,Lost Customers
13068.0,344.0,2,172.0,9,319,0.00625,1,5,2,2,9,Potential Loyal Customers
13069.0,4436.12,24,184.83833333333334,0,369,0.06486486486486487,281,5,5,5,15,Champions
13070.0,228.8,1,228.8,191,191,0.005208333333333333,9,1,1,1,3,Lost Customers
13072.0,177.15,1,177.15,266,266,0.003745318352059925,7,1,1,1,3,Lost Customers
13075.0,919.61,1,919.61,129,129,0.007692307692307693,22,2,1,3,6,At Risk
13077.0,729.27,4,182.3175,0,365,0.01092896174863388,99,5,4,3,12,Loyal Customers
13078.0,12627.94,26,485.69,2,366,0.07084468664850137,95,5,5,5,15,Champions
13079.0,220.10000000000002,5,44.02,3,139,0.03571428571428571,2,5,4,1,10,Loyal Customers
13080.0,58.08,1,58.08,178,178,0.00558659217877095,6,2,1,1,4,Lost Customers
13081.0,28337.38,11,2576.1254545454544,11,370,0.029649595687331536,503,5,5,5,15,Champions
13082.0,3613.63,9,401.51444444444445,125,337,0.026627218934911243,63,2,5,5,12,Loyal Customers
13083.0,303.75,2,151.875,3,75,0.02631578947368421,15,5,2,2,9,Potential Loyal Customers
13085.0,416.08000000000004,2,208.04000000000002,157,294,0.006779661016949152,17,2,2,2,6,At Risk
13089.0,58825.83,97,606.4518556701031,2,369,0.26216216216216215,636,5,5,5,15,Champions
13090.0,8910.82,14,636.4871428571429,8,372,0.03753351206434316,98,5,5,5,15,Champions
13091.0,345.82,1,345.82,27,27,0.03571428571428571,21,4,1,2,7,Potential Loyal Customers
13092.0,477.83,5,95.566,70,359,0.013888888888888888,19,3,4,2,9,Potential Loyal Customers
13093.0,7832.47,8,979.05875,275,372,0.021447721179624665,97,1,5,5,11,Loyal Customers
13094.0,1927.3200000000002,12,160.61,20,368,0.032520325203252036,4,4,5,4,13,Champions
13095.0,74.39999999999999,1,74.39999999999999,70,70,0.014084507042253521,6,3,1,1,5,At Risk
13097.0,6010.42,10,601.042,32,359,0.027777777777777776,214,4,5,5,14,Champions
13098.0,28882.44,28,1031.5157142857142,0,316,0.08832807570977919,156,5,5,5,15,Champions
13099.0,207.35999999999999,1,207.35999999999999,98,98,0.010101010101010102,1,2,1,1,4,Lost Customers
13101.0,101.19,1,101.19,233,233,0.004273504273504274,8,1,1,1,3,Lost Customers
13102.0,6424.09,24,267.67041666666665,0,364,0.06575342465753424,140,5,5,5,15,Champions
13103.0,243.94,1,243.94,39,39,0.025,8,3,1,1,5,At Risk
13104.0,1098.48,6,183.08,2,354,0.016901408450704224,14,5,5,4,14,Champions
13106.0,76.5,1,76.5,132,132,0.007518796992481203,1,2,1,1,4,Lost Customers
13107.0,1531.6200000000001,4,382.90500000000003,43,333,0.011976047904191617,54,3,4,4,11,Loyal Customers
13108.0,350.06,1,350.06,372,372,0.002680965147453083,10,1,1,2,4,Lost Customers
13109.0,786.54,2,393.27,59,156,0.012738853503184714,41,3,2,3,8,Potential Loyal Customers
13110.0,1488.67,7,212.66714285714286,30,310,0.022508038585209004,109,4,5,4,13,Champions
13113.0,12245.960000000001,24,510.2483333333334,0,365,0.06557377049180328,95,5,5,5,15,Champions
13115.0,2294.78,4,573.695,11,183,0.021739130434782608,88,5,4,5,14,Champions
13116.0,501.14,1,501.14,137,137,0.007246376811594203,30,2,1,3,6,At Risk
13117.0,984.91,8,123.11375,21,371,0.021505376344086023,66,4,5,4,13,Champions
13118.0,1197.81,5,239.56199999999998,19,288,0.01730103806228374,68,4,4,4,12,Loyal Customers
13120.0,30.599999999999998,1,30.599999999999998,238,238,0.0041841004184100415,1,1,1,1,3,Lost Customers
13121.0,283.73,1,283.73,268,268,0.0037174721189591076,50,1,1,2,4,Lost Customers
13122.0,922.39,2,461.195,93,239,0.008333333333333333,54,2,2,3,7,Potential Loyal Customers
13124.0,3866.33,3,1288.7766666666666,89,358,0.008356545961002786,185,2,3,5,10,Loyal Customers
13126.0,2099.64,8,262.455,4,366,0.021798365122615803,124,5,5,5,15,Champions
13127.0,259.17,1,259.17,77,77,0.01282051282051282,15,2,1,2,5,At Risk
13130.0,64.0,1,64.0,93,93,0.010638297872340425,2,2,1,1,4,Lost Customers
13131.0,1073.3,3,357.76666666666665,22,187,0.015957446808510637,30,4,3,4,11,Loyal Customers
13132.0,77.3,1,77.3,261,261,0.003816793893129771,3,1,1,1,3,Lost Customers
13133.0,109.8,2,54.9,273,303,0.006578947368421052,7,1,2,1,4,Lost Customers
13134.0,1793.58,4,448.395,85,239,0.016666666666666666,94,2,4,4,10,Loyal Customers
13135.0,3096.0,1,3096.0,196,196,0.005076142131979695,1,1,1,5,7,Potential Loyal Customers
13136.0,2607.61,5,521.522,55,212,0.023474178403755867,94,3,4,5,12,Loyal Customers
13137.0,3650.41,8,456.30125,10,308,0.025889967637540454,345,5,5,5,15,Champions
13138.0,962.39,6,160.39833333333334,21,371,0.016129032258064516,31,4,5,4,13,Champions
13139.0,5064.94,7,723.5628571428571,15,259,0.026923076923076925,132,4,5,5,14,Champions
13140.0,423.72,3,141.24,107,365,0.00819672131147541,40,2,3,2,7,Potential Loyal Customers
13141.0,2388.75,5,477.75,84,314,0.015873015873015872,113,2,4,5,11,Loyal Customers
13142.0,307.09,1,307.09,18,18,0.05263157894736842,23,4,1,2,7,Potential Loyal Customers
13144.0,110.95,1,110.95,332,332,0.003003003003003003,3,1,1,1,3,Lost Customers
13145.0,618.52,4,154.63,39,371,0.010752688172043012,5,3,4,3,10,Loyal Customers
13146.0,228.91,1,228.91,25,25,0.038461538461538464,16,4,1,1,6,At Risk
13147.0,712.8000000000001,4,178.20000000000002,9,99,0.04,1,5,4,3,12,Loyal Customers
13148.0,3707.12,12,308.9266666666667,28,363,0.03296703296703297,231,4,5,5,14,Champions
13149.0,1676.06,4,419.015,13,288,0.01384083044982699,76,4,4,4,12,Loyal Customers
13151.0,1257.8700000000001,1,1257.8700000000001,295,295,0.0033783783783783786,73,1,1,4,6,At Risk
13153.0,486.22,1,486.22,5,5,0.16666666666666666,15,5,1,2,8,Potential Loyal Customers
13155.0,971.76,4,242.94,32,368,0.01084010840108401,67,4,4,4,12,Loyal Customers
13157.0,1741.22,4,435.305,48,297,0.013422818791946308,69,3,4,4,11,Loyal Customers
13158.0,1201.06,4,300.265,94,318,0.012539184952978056,59,2,4,4,10,Loyal Customers
13159.0,1437.85,4,359.4625,8,115,0.034482758620689655,114,5,4,4,13,Champions
13160.0,91.8,1,91.8,21,21,0.045454545454545456,4,4,1,1,6,At Risk
13161.0,112.75,1,112.75,312,312,0.003194888178913738,8,1,1,1,3,Lost Customers
13162.0,1688.29,4,422.0725,121,334,0.011940298507462687,74,2,4,4,10,Loyal Customers
13165.0,1021.48,2,510.74,45,350,0.005698005698005698,40,3,2,4,9,Potential Loyal Customers
13166.0,417.2,1,417.2,282,282,0.0035335689045936395,39,1,1,2,4,Lost Customers
13167.0,791.33,4,197.8325,18,143,0.027777777777777776,51,4,4,3,11,Loyal Customers
13168.0,1319.19,4,329.7975,35,317,0.012578616352201259,102,3,4,4,11,Loyal Customers
13169.0,712.88,2,356.44,63,251,0.007936507936507936,11,3,2,3,8,Potential Loyal Customers
13170.0,116.00999999999999,1,116.00999999999999,26,26,0.037037037037037035,29,4,1,1,6,At Risk
13171.0,468.41,3,156.13666666666668,21,298,0.010033444816053512,37,4,3,2,9,Potential Loyal Customers
13173.0,353.65,2,176.825,3,366,0.005449591280653951,41,5,2,2,9,Potential Loyal Customers
13174.0,2817.03,3,939.0100000000001,15,368,0.008130081300813009,228,4,3,5,12,Loyal Customers
13176.0,492.84,1,492.84,45,45,0.021739130434782608,66,3,1,3,7,Potential Loyal Customers
13177.0,282.45,1,282.45,64,64,0.015384615384615385,17,3,1,2,6,At Risk
13178.0,5725.47,11,520.4972727272727,25,360,0.030470914127423823,95,4,5,5,14,Champions
13182.0,121.18,1,121.18,44,44,0.022222222222222223,11,3,1,1,5,At Risk
13183.0,3957.78,9,439.75333333333333,7,334,0.026865671641791045,51,5,5,5,15,Champions
13184.0,1701.29,10,170.129,14,289,0.034482758620689655,138,4,5,4,13,Champions
13185.0,71.4,1,71.4,267,267,0.0037313432835820895,1,1,1,1,3,Lost Customers
13186.0,1575.89,3,525.2966666666667,39,128,0.023255813953488372,69,3,3,4,10,Loyal Customers
13187.0,236.02,1,236.02,336,336,0.002967359050445104,37,1,1,1,3,Lost Customers
13188.0,114.60000000000001,1,114.60000000000001,10,10,0.09090909090909091,2,5,1,1,7,Potential Loyal Customers
13189.0,260.68,2,130.34,18,114,0.017391304347826087,29,4,2,2,8,Potential Loyal Customers
13192.0,911.94,2,455.97,94,204,0.00975609756097561,57,2,2,3,7,Potential Loyal Customers
13193.0,117.88,1,117.88,60,60,0.01639344262295082,22,3,1,1,5,At Risk
13194.0,60.7,1,60.7,135,135,0.007352941176470588,3,2,1,1,4,Lost Customers
13196.0,1797.78,4,449.445,10,261,0.015267175572519083,97,5,4,4,13,Champions
13198.0,3401.2400000000002,6,566.8733333333333,9,361,0.016574585635359115,199,5,5,5,15,Champions
13199.0,9817.12,38,258.34526315789475,3,366,0.10354223433242507,48,5,5,5,15,Champions
13200.0,870.09,4,217.5225,18,125,0.031746031746031744,42,4,4,3,11,Loyal Customers
13203.0,869.46,4,217.365,9,241,0.01652892561983471,56,5,4,3,12,Loyal Customers
13207.0,250.26000000000002,2,125.13000000000001,14,150,0.013245033112582781,7,4,2,2,8,Potential Loyal Customers
13208.0,1223.9,6,203.98333333333335,58,308,0.019417475728155338,124,3,5,4,12,Loyal Customers
13209.0,5891.61,8,736.45125,29,361,0.022099447513812154,255,4,5,5,14,Champions
13210.0,353.48,1,353.48,93,93,0.010638297872340425,22,2,1,2,5,At Risk
13211.0,1197.42,3,399.14000000000004,9,360,0.008310249307479225,45,5,3,4,12,Loyal Customers
13212.0,788.08,3,262.6933333333333,19,60,0.04918032786885246,128,4,3,3,10,Loyal Customers
13213.0,1520.58,5,304.116,56,199,0.025,82,3,4,4,11,Loyal Customers
13216.0,333.74,1,333.74,267,267,0.0037313432835820895,5,1,1,2,4,Lost Customers
13217.0,533.98,3,177.99333333333334,121,156,0.01910828025477707,3,2,3,3,8,Potential Loyal Customers
13218.0,62.63999999999999,1,62.63999999999999,126,126,0.007874015748031496,5,2,1,1,4,Lost Customers
13220.0,819.2900000000001,4,204.82250000000002,77,236,0.016877637130801686,18,2,4,3,9,Potential Loyal Customers
13221.0,847.41,2,423.705,239,358,0.005571030640668524,62,1,2,3,6,At Risk
13223.0,163.20000000000002,2,81.60000000000001,199,231,0.008620689655172414,5,1,2,1,4,Lost Customers
13224.0,2155.95,2,1077.975,59,150,0.013245033112582781,101,3,2,5,10,Loyal Customers
13225.0,6463.84,7,923.4057142857143,2,361,0.019337016574585635,23,5,5,5,15,Champions
13226.0,108.21000000000001,1,108.21000000000001,272,272,0.003663003663003663,16,1,1,1,3,Lost Customers
13227.0,257.7,1,257.7,201,201,0.0049504950495049506,9,1,1,2,4,Lost Customers
13228.0,358.0,1,358.0,80,80,0.012345679012345678,2,2,1,2,5,At Risk
13229.0,160.95,1,160.95,225,225,0.004424778761061947,10,1,1,1,3,Lost Customers
13230.0,2806.97,14,200.49785714285713,3,364,0.038356164383561646,393,5,5,5,15,Champions
13232.0,1357.6,7,193.94285714285712,12,242,0.02880658436213992,147,5,5,4,14,Champions
13233.0,605.12,2,302.56,73,335,0.005952380952380952,43,2,2,3,7,Potential Loyal Customers
13235.0,1031.07,1,1031.07,211,211,0.0047169811320754715,53,1,1,4,6,At Risk
13236.0,744.85,2,372.425,24,106,0.018691588785046728,34,4,2,3,9,Potential Loyal Customers
13238.0,700.73,4,175.1825,16,359,0.011111111111111112,20,4,4,3,11,Loyal Customers
13239.0,329.56,1,329.56,261,261,0.003816793893129771,21,1,1,2,4,Lost Customers
13240.0,663.65,4,165.9125,95,365,0.01092896174863388,59,2,4,3,9,Potential Loyal Customers
13242.0,270.40000000000003,3,90.13333333333334,111,213,0.014018691588785047,12,2,3,2,7,Potential Loyal Customers
13243.0,600.07,1,600.07,202,202,0.0049261083743842365,56,1,1,3,5,At Risk
13244.0,121.74000000000001,1,121.74000000000001,92,92,0.010752688172043012,27,2,1,1,4,Lost Customers
13245.0,430.5,1,430.5,50,50,0.0196078431372549,16,3,1,2,6,At Risk
13246.0,1987.3,6,331.21666666666664,17,329,0.01818181818181818,110,4,5,4,13,Champions
13247.0,501.12,4,125.28,17,82,0.04819277108433735,18,4,4,3,11,Loyal Customers
13248.0,465.68,2,232.84,124,188,0.010582010582010581,25,2,2,2,6,At Risk
13249.0,711.41,3,237.13666666666666,91,260,0.011494252873563218,21,2,3,3,8,Potential Loyal Customers
13253.0,1030.4,2,515.2,156,338,0.0058997050147492625,35,2,2,4,8,Potential Loyal Customers
13255.0,399.51,2,199.755,8,373,0.0053475935828877,13,5,2,2,9,Potential Loyal Customers
13258.0,698.58,3,232.86,11,204,0.014634146341463415,28,5,3,3,11,Loyal Customers
13259.0,292.32,1,292.32,61,61,0.016129032258064516,77,3,1,2,6,At Risk
13260.0,557.62,1,557.62,60,60,0.01639344262295082,8,3,1,3,7,Potential Loyal Customers
13261.0,944.1,2,472.05,268,285,0.006993006993006993,8,1,2,4,7,Potential Loyal Customers
13262.0,200.29,1,200.29,262,262,0.0038022813688212928,11,1,1,1,3,Lost Customers
13263.0,7454.07,35,212.97342857142857,0,324,0.1076923076923077,450,5,5,5,15,Champions
13265.0,2107.66,5,421.532,52,273,0.01824817518248175,66,3,4,5,12,Loyal Customers
13266.0,3834.2599999999998,12,319.52166666666665,10,256,0.04669260700389105,82,5,5,5,15,Champions
13267.0,4521.49,19,237.97315789473683,2,366,0.051771117166212535,88,5,5,5,15,Champions
13268.0,3214.69,11,292.24454545454546,17,266,0.04119850187265917,257,4,5,5,14,Champions
13269.0,5346.2300000000005,15,356.41533333333336,0,369,0.04054054054054054,177,5,5,5,15,Champions
13270.0,590.0,1,590.0,365,365,0.00273224043715847,1,1,1,3,5,At Risk
13271.0,217.38,1,217.38,36,36,0.02702702702702703,79,3,1,1,5,At Risk
13272.0,276.56,2,138.28,30,89,0.022222222222222223,15,4,2,2,8,Potential Loyal Customers
13273.0,138.98,1,138.98,112,112,0.008849557522123894,16,2,1,1,4,Lost Customers
13276.0,590.9300000000001,2,295.46500000000003,63,99,0.02,30,3,2,3,8,Potential Loyal Customers
13277.0,258.4,4,64.6,15,133,0.029850746268656716,5,4,4,2,10,Loyal Customers
13278.0,542.73,1,542.73,40,40,0.024390243902439025,46,3,1,3,7,Potential Loyal Customers
13279.0,137.75,1,137.75,77,77,0.01282051282051282,9,2,1,1,4,Lost Customers
13280.0,814.86,3,271.62,121,336,0.008902077151335312,67,2,3,3,8,Potential Loyal Customers
13282.0,1132.14,3,377.38000000000005,17,220,0.013574660633484163,29,4,3,4,11,Loyal Customers
13283.0,93.66,2,46.83,59,185,0.010752688172043012,7,3,2,1,6,At Risk
13284.0,201.19,1,201.19,330,330,0.0030211480362537764,13,1,1,1,3,Lost Customers
13285.0,2709.12,4,677.28,22,289,0.013793103448275862,157,4,4,5,13,Champions
13291.0,361.11,1,361.11,155,155,0.00641025641025641,41,2,1,2,5,At Risk
13292.0,578.9399999999999,2,289.46999999999997,38,283,0.007042253521126761,29,3,2,3,8,Potential Loyal Customers
13294.0,873.74,2,436.87,189,249,0.008,48,1,2,3,6,At Risk
13295.0,201.20000000000002,1,201.20000000000002,359,359,0.002777777777777778,10,1,1,1,3,Lost Customers
13296.0,87.4,1,87.4,136,136,0.0072992700729927005,5,2,1,1,4,Lost Customers
13297.0,2089.85,4,522.4625,7,66,0.05970149253731343,52,5,4,5,14,Champions
13298.0,360.0,1,360.0,0,0,1.0,2,5,1,2,8,Potential Loyal Customers
13299.0,142.5,1,142.5,267,267,0.0037313432835820895,5,1,1,1,3,Lost Customers
13300.0,371.89,1,371.89,168,168,0.005917159763313609,20,2,1,2,5,At Risk
13301.0,618.09,4,154.5225,103,291,0.0136986301369863,75,2,4,3,9,Potential Loyal Customers
13302.0,63.75,1,63.75,154,154,0.0064516129032258064,1,2,1,1,4,Lost Customers
13304.0,300.42,1,300.42,350,350,0.002849002849002849,21,1,1,2,4,Lost Customers
13305.0,2000.86,10,200.08599999999998,3,372,0.02680965147453083,50,5,5,4,14,Champions
13307.0,15.0,1,15.0,119,119,0.008333333333333333,1,2,1,1,4,Lost Customers
13308.0,1385.51,3,461.83666666666664,22,202,0.014778325123152709,49,4,3,4,11,Loyal Customers
13309.0,1456.79,5,291.358,6,308,0.016181229773462782,82,5,4,4,13,Champions
13310.0,1132.03,3,377.3433333333333,27,323,0.009259259259259259,65,4,3,4,11,Loyal Customers
13311.0,598.57,2,299.285,3,149,0.013333333333333334,25,5,2,3,10,Loyal Customers
13313.0,1555.32,5,311.06399999999996,21,339,0.014705882352941176,47,4,4,4,12,Loyal Customers
13314.0,775.94,3,258.6466666666667,1,73,0.04054054054054054,55,5,3,3,11,Loyal Customers
13316.0,5977.7300000000005,4,1494.4325000000001,36,253,0.015748031496062992,66,3,4,5,12,Loyal Customers
13317.0,2273.68,6,378.94666666666666,65,358,0.016713091922005572,100,3,5,5,13,Champions
13318.0,640.76,3,213.58666666666667,0,36,0.08108108108108109,14,5,3,3,11,Loyal Customers
13319.0,10845.550000000001,26,417.1365384615385,4,365,0.07103825136612021,209,5,5,5,15,Champions
13320.0,1548.7,4,387.175,77,213,0.018691588785046728,77,2,4,4,10,Loyal Customers
13321.0,567.36,2,283.68,71,85,0.023255813953488372,10,3,2,3,8,Potential Loyal Customers
13322.0,199.48000000000002,1,199.48000000000002,16,16,0.058823529411764705,25,4,1,1,6,At Risk
13323.0,787.85,5,157.57,2,83,0.05952380952380952,6,5,4,3,12,Loyal Customers
13324.0,7121.95,10,712.1949999999999,35,360,0.027700831024930747,25,3,5,5,13,Champions
13325.0,675.3,1,675.3,81,81,0.012195121951219513,12,2,1,3,6,At Risk
13327.0,3627.77,8,453.47125,38,364,0.021917808219178082,74,3,5,5,13,Champions
13328.0,1308.48,1,1308.48,315,315,0.0031645569620253164,17,1,1,4,6,At Risk
13329.0,789.0,2,394.5,31,366,0.005449591280653951,16,4,2,3,9,Potential Loyal Customers
13330.0,1140.93,3,380.31,92,315,0.00949367088607595,37,2,3,4,9,Potential Loyal Customers
13332.0,350.9,1,350.9,13,13,0.07142857142857142,21,4,1,2,7,Potential Loyal Customers
13334.0,3536.82,3,1178.94,81,305,0.00980392156862745,207,2,3,5,10,Loyal Customers
13336.0,795.12,1,795.12,76,76,0.012987012987012988,51,2,1,3,6,At Risk
13338.0,487.02,1,487.02,157,157,0.006329113924050633,19,2,1,2,5,At Risk
13339.0,860.12,1,860.12,200,200,0.004975124378109453,54,1,1,3,5,At Risk
13340.0,10736.48,7,1533.782857142857,44,276,0.02527075812274368,128,3,5,5,13,Champions
13341.0,775.85,1,775.85,260,260,0.0038314176245210726,42,1,1,3,5,At Risk
13343.0,353.43,1,353.43,177,177,0.0056179775280898875,19,2,1,2,5,At Risk
13344.0,2543.72,3,847.9066666666666,67,277,0.01079136690647482,115,3,3,5,11,Loyal Customers
13345.0,389.5,1,389.5,287,287,0.003472222222222222,20,1,1,2,4,Lost Customers
13347.0,341.36,1,341.36,69,69,0.014285714285714285,8,3,1,2,6,At Risk
13348.0,233.76,1,233.76,63,63,0.015625,14,3,1,1,5,At Risk
13349.0,247.32,1,247.32,10,10,0.09090909090909091,16,5,1,1,7,Potential Loyal Customers
13350.0,979.12,2,489.56,15,78,0.02531645569620253,36,4,2,4,10,Loyal Customers
13351.0,373.94,1,373.94,65,65,0.015151515151515152,16,3,1,2,6,At Risk
13352.0,397.97999999999996,1,397.97999999999996,59,59,0.016666666666666666,24,3,1,2,6,At Risk
13354.0,743.53,1,743.53,70,70,0.014084507042253521,51,3,1,3,7,Potential Loyal Customers
13355.0,674.7,1,674.7,121,121,0.00819672131147541,32,2,1,3,6,At Risk
13356.0,768.24,1,768.24,79,79,0.0125,42,2,1,3,6,At Risk
13357.0,609.95,1,609.95,256,256,0.0038910505836575876,85,1,1,3,5,At Risk
13358.0,439.03,1,439.03,268,268,0.0037174721189591076,29,1,1,2,4,Lost Customers
13359.0,439.56,1,439.56,63,63,0.015625,23,3,1,2,6,At Risk
13362.0,3090.7400000000002,4,772.6850000000001,8,287,0.013888888888888888,128,5,4,5,14,Champions
13363.0,992.5,2,496.25,17,43,0.045454545454545456,47,4,2,4,10,Loyal Customers
13364.0,134.95999999999998,1,134.95999999999998,70,70,0.014084507042253521,10,3,1,1,5,At Risk
13365.0,2225.37,2,1112.685,33,217,0.009174311926605505,122,3,2,5,10,Loyal Customers
13366.0,56.160000000000004,1,56.160000000000004,49,49,0.02,1,3,1,1,5,At Risk
13368.0,623.4,2,311.7,256,337,0.005917159763313609,29,1,2,3,6,At Risk
13369.0,308.28000000000003,1,308.28000000000003,365,365,0.00273224043715847,14,1,1,2,4,Lost Customers
13370.0,754.87,1,754.87,371,371,0.002688172043010753,39,1,1,3,5,At Risk
13372.0,378.64,1,378.64,89,89,0.011111111111111112,23,2,1,2,5,At Risk
13373.0,3312.25,3,1104.0833333333333,60,275,0.010869565217391304,135,3,3,5,11,Loyal Customers
13375.0,778.65,1,778.65,88,88,0.011235955056179775,37,2,1,3,6,At Risk
13376.0,1019.76,3,339.92,98,233,0.01282051282051282,45,2,3,4,9,Potential Loyal Customers
13379.0,572.56,3,190.85333333333332,25,136,0.021897810218978103,85,4,3,3,10,Loyal Customers
13381.0,3639.31,6,606.5516666666666,31,298,0.020066889632107024,77,4,5,5,14,Champions
13382.0,222.99,1,222.99,280,280,0.0035587188612099642,15,1,1,1,3,Lost Customers
13384.0,4151.93,7,593.1328571428572,30,178,0.03910614525139665,123,4,5,5,14,Champions
13385.0,534.57,1,534.57,329,329,0.0030303030303030303,35,1,1,3,5,At Risk
13388.0,677.1,2,338.55,130,130,0.015267175572519083,35,2,2,3,7,Potential Loyal Customers
13389.0,797.96,3,265.9866666666667,10,232,0.012875536480686695,50,5,3,3,11,Loyal Customers
13390.0,544.08,1,544.08,74,74,0.013333333333333334,13,2,1,3,6,At Risk
13391.0,59.8,1,59.8,203,203,0.004901960784313725,1,1,1,1,3,Lost Customers
13394.0,2520.02,8,315.0025,1,309,0.025806451612903226,124,5,5,5,15,Champions
13395.0,307.72,1,307.72,184,184,0.005405405405405406,21,1,1,2,4,Lost Customers
13396.0,1360.99,2,680.495,28,318,0.006269592476489028,42,4,2,4,10,Loyal Customers
13397.0,1544.13,5,308.826,72,338,0.014749262536873156,28,2,4,4,10,Loyal Customers
13398.0,457.34,1,457.34,191,191,0.005208333333333333,26,1,1,2,4,Lost Customers
13402.0,621.23,2,310.615,126,371,0.005376344086021506,32,2,2,3,7,Potential Loyal Customers
13403.0,75.0,1,75.0,17,17,0.05555555555555555,3,4,1,1,6,At Risk
13404.0,252.49,2,126.245,0,212,0.009389671361502348,11,5,2,2,9,Potential Loyal Customers
13405.0,572.451,3,190.817,73,317,0.009433962264150943,25,2,3,3,8,Potential Loyal Customers
13408.0,28117.04,62,453.5006451612903,1,373,0.1657754010695187,234,5,5,5,15,Champions
13410.0,1003.06,5,200.612,23,290,0.01718213058419244,15,4,4,4,12,Loyal Customers
13411.0,213.55,1,213.55,106,106,0.009345794392523364,17,2,1,1,4,Lost Customers
13414.0,1390.5,3,463.5,133,296,0.010101010101010102,23,2,3,4,9,Potential Loyal Customers
13416.0,712.5,2,356.25,43,80,0.024691358024691357,11,3,2,3,8,Potential Loyal Customers
13417.0,640.83,2,320.415,4,204,0.00975609756097561,26,5,2,3,10,Loyal Customers
13418.0,6127.43,18,340.4127777777778,11,372,0.04825737265415549,223,5,5,5,15,Champions
13419.0,221.06,1,221.06,63,63,0.015625,16,3,1,1,5,At Risk
13420.0,159.85,2,79.925,149,170,0.011695906432748537,8,2,2,1,5,At Risk
13421.0,1851.08,2,925.54,39,289,0.006896551724137931,88,3,2,4,9,Potential Loyal Customers
13422.0,2626.3,1,2626.3,63,63,0.015625,127,3,1,5,9,Potential Loyal Customers
13425.0,1624.21,3,541.4033333333333,107,294,0.010169491525423728,66,2,3,4,9,Potential Loyal Customers
13426.0,3641.32,10,364.132,0,359,0.027777777777777776,103,5,5,5,15,Champions
13427.0,582.6,3,194.20000000000002,18,214,0.013953488372093023,25,4,3,3,10,Loyal Customers
13428.0,218.47,1,218.47,9,9,0.1,70,5,1,1,7,Potential Loyal Customers
13429.0,1006.8,4,251.7,10,74,0.05333333333333334,55,5,4,4,13,Champions
13430.0,679.45,2,339.725,18,85,0.023255813953488372,48,4,2,3,9,Potential Loyal Customers
13431.0,1269.1,2,634.55,66,88,0.02247191011235955,44,3,2,4,9,Potential Loyal Customers
13434.0,534.24,2,267.12,73,96,0.020618556701030927,9,2,2,3,7,Potential Loyal Customers
13435.0,3809.8900000000003,7,544.2700000000001,4,188,0.037037037037037035,68,5,5,5,15,Champions
13436.0,196.89,1,196.89,1,1,0.5,12,5,1,1,7,Potential Loyal Customers
13437.0,3408.06,7,486.86571428571426,13,189,0.03684210526315789,143,4,5,5,14,Champions
13439.0,283.71,1,283.71,254,254,0.00392156862745098,54,1,1,2,4,Lost Customers
13441.0,296.64,1,296.64,91,91,0.010869565217391304,13,2,1,2,5,At Risk
13447.0,1129.14,3,376.38000000000005,22,35,0.08333333333333333,55,4,3,4,11,Loyal Customers
13448.0,3539.37,6,589.895,16,373,0.016042780748663103,137,4,5,5,14,Champions
13449.0,291.88,1,291.88,23,23,0.041666666666666664,19,4,1,2,7,Potential Loyal Customers
13450.0,2043.7199999999998,6,340.61999999999995,26,217,0.027522935779816515,32,4,5,4,13,Champions
13451.0,2976.15,5,595.23,25,333,0.014970059880239521,315,4,4,5,13,Champions
13452.0,590.0,2,295.0,258,270,0.007380073800738007,1,1,2,3,6,At Risk
13453.0,356.97999999999996,2,178.48999999999998,165,289,0.006896551724137931,16,2,2,2,6,At Risk
13455.0,1058.34,2,529.17,24,365,0.00546448087431694,42,4,2,4,10,Loyal Customers
13456.0,1766.72,6,294.4533333333333,17,206,0.028985507246376812,43,4,5,4,13,Champions
13458.0,9646.57,14,689.0407142857142,6,359,0.03888888888888889,242,5,5,5,15,Champions
13460.0,183.44,2,91.72,28,49,0.04,16,4,2,1,7,Potential Loyal Customers
13461.0,1445.0,3,481.6666666666667,38,163,0.018292682926829267,14,3,3,4,10,Loyal Customers
13462.0,151.5,1,151.5,252,252,0.003952569169960474,9,1,1,1,3,Lost Customers
13464.0,674.68,1,674.68,57,57,0.017241379310344827,41,3,1,3,7,Potential Loyal Customers
13466.0,307.9,1,307.9,183,183,0.005434782608695652,17,1,1,2,4,Lost Customers
13467.0,1083.71,2,541.855,10,35,0.05555555555555555,89,5,2,4,11,Loyal Customers
13468.0,5704.97,37,154.1883783783784,1,372,0.09919571045576407,184,5,5,5,15,Champions
13470.0,165.0,2,82.5,98,114,0.017391304347826087,7,2,2,1,5,At Risk
13471.0,2531.58,4,632.895,0,46,0.0851063829787234,214,5,4,5,14,Champions
13473.0,422.64,2,211.32,60,332,0.006006006006006006,21,3,2,2,7,Potential Loyal Customers
13474.0,229.59,1,229.59,235,235,0.00423728813559322,59,1,1,1,3,Lost Customers
13475.0,1431.78,4,357.945,190,298,0.013377926421404682,64,1,4,4,9,Potential Loyal Customers
13476.0,1238.47,2,619.235,178,280,0.0071174377224199285,56,2,2,4,8,Potential Loyal Customers
13477.0,1454.58,6,242.42999999999998,37,291,0.02054794520547945,57,3,5,4,12,Loyal Customers
13479.0,300.95,2,150.475,200,234,0.00851063829787234,14,1,2,2,5,At Risk
13481.0,1804.56,5,360.912,45,256,0.019455252918287938,98,3,4,4,11,Loyal Customers
13482.0,184.64,1,184.64,231,231,0.004310344827586207,11,1,1,1,3,Lost Customers
13483.0,140.34,1,140.34,65,65,0.015151515151515152,10,3,1,1,5,At Risk
13484.0,313.8,1,313.8,240,240,0.004149377593360996,8,1,1,2,4,Lost Customers
13485.0,454.24,1,454.24,232,232,0.004291845493562232,23,1,1,2,4,Lost Customers
13486.0,1122.41,3,374.1366666666667,77,154,0.01935483870967742,69,2,3,4,9,Potential Loyal Customers
13487.0,575.4,3,191.79999999999998,57,352,0.0084985835694051,26,3,3,3,9,Potential Loyal Customers
13488.0,8968.31,13,689.87,16,366,0.035422343324250684,271,4,5,5,14,Champions
13489.0,449.52,4,112.38,104,294,0.013559322033898305,11,2,4,2,8,Potential Loyal Customers
13491.0,1215.82,10,121.582,51,371,0.026881720430107527,73,3,5,4,12,Loyal Customers
13492.0,1269.84,3,423.28,135,214,0.013953488372093023,38,2,3,4,9,Potential Loyal Customers
13493.0,618.63,2,309.315,274,286,0.006968641114982578,6,1,2,3,6,At Risk
13494.0,316.26000000000005,1,316.26000000000005,311,311,0.003205128205128205,18,1,1,2,4,Lost Customers
13495.0,2044.8700000000001,5,408.97400000000005,7,367,0.01358695652173913,34,5,4,4,13,Champions
13496.0,653.33,2,326.665,10,359,0.005555555555555556,28,5,2,3,10,Loyal Customers
13497.0,348.05,2,174.025,282,368,0.005420054200542005,19,1,2,2,5,At Risk
13499.0,1159.11,5,231.82199999999997,17,269,0.018518518518518517,31,4,4,4,12,Loyal Customers
13500.0,1166.77,3,388.92333333333335,22,122,0.024390243902439025,60,4,3,4,11,Loyal Customers
13501.0,1340.32,1,1340.32,287,287,0.003472222222222222,52,1,1,4,6,At Risk
13502.0,292.0,3,97.33333333333333,16,323,0.009259259259259259,17,4,3,2,9,Potential Loyal Customers
13503.0,216.85,1,216.85,70,70,0.014084507042253521,17,3,1,1,5,At Risk
13504.0,295.93,1,295.93,63,63,0.015625,22,3,1,2,6,At Risk
13505.0,4393.63,4,1098.4075,72,232,0.017167381974248927,182,2,4,5,11,Loyal Customers
13506.0,458.52,2,229.26,315,369,0.005405405405405406,26,1,2,2,5,At Risk
13507.0,2479.16,4,619.79,2,145,0.0273972602739726,146,5,4,5,14,Champions
13508.0,110.97,1,110.97,243,243,0.004098360655737705,12,1,1,1,3,Lost Customers
13509.0,979.72,7,139.96,8,283,0.02464788732394366,27,5,5,4,14,Champions
13510.0,1791.56,4,447.89,0,183,0.021739130434782608,86,5,4,4,13,Champions
13512.0,251.21,1,251.21,260,260,0.0038314176245210726,15,1,1,2,4,Lost Customers
13513.0,205.1,1,205.1,126,126,0.007874015748031496,10,2,1,1,4,Lost Customers
13514.0,152.20000000000002,1,152.20000000000002,73,73,0.013513513513513514,4,2,1,1,4,Lost Customers
13515.0,891.12,4,222.78,72,247,0.016129032258064516,50,2,4,3,9,Potential Loyal Customers
13516.0,1389.41,3,463.1366666666667,20,238,0.012552301255230125,43,4,3,4,11,Loyal Customers
13517.0,2128.42,3,709.4733333333334,59,179,0.016666666666666666,125,3,3,5,11,Loyal Customers
13518.0,659.4399999999999,1,659.4399999999999,85,85,0.011627906976744186,36,2,1,3,6,At Risk
13519.0,122.75,1,122.75,77,77,0.01282051282051282,8,2,1,1,4,Lost Customers
13520.0,3624.35,6,604.0583333333333,58,371,0.016129032258064516,49,3,5,5,13,Champions
13521.0,1093.65,3,364.55,0,9,0.3,313,5,3,4,12,Loyal Customers
13522.0,125.80000000000001,1,125.80000000000001,29,29,0.03333333333333333,5,4,1,1,6,At Risk
13523.0,3964.88,5,792.976,32,365,0.01366120218579235,157,4,4,5,13,Champions
13524.0,680.1800000000001,5,136.036,40,219,0.022727272727272728,17,3,4,3,10,Loyal Customers
13525.0,628.78,2,314.39,14,247,0.008064516129032258,5,4,2,3,9,Potential Loyal Customers
13527.0,2287.51,7,326.7871428571429,33,326,0.021406727828746176,153,3,5,5,13,Champions
13529.0,307.76,2,153.88,78,204,0.00975609756097561,15,2,2,2,6,At Risk
13531.0,483.8,2,241.9,204,365,0.00546448087431694,17,1,2,2,5,At Risk
13532.0,210.31,1,210.31,33,33,0.029411764705882353,66,3,1,1,5,At Risk
13533.0,270.79,3,90.26333333333334,182,267,0.011194029850746268,61,1,3,2,6,At Risk
13534.0,5870.08,25,234.8032,1,357,0.06983240223463687,119,5,5,5,15,Champions
13536.0,3448.29,7,492.61285714285714,0,74,0.09333333333333334,91,5,5,5,15,Champions
13538.0,1280.85,7,182.97857142857143,42,315,0.022151898734177215,10,3,5,4,12,Loyal Customers
13539.0,631.34,3,210.4466666666667,85,308,0.009708737864077669,35,2,3,3,8,Potential Loyal Customers
13544.0,291.41,2,145.705,39,240,0.008298755186721992,76,3,2,2,7,Potential Loyal Customers
13546.0,626.99,3,208.99666666666667,11,200,0.014925373134328358,72,5,3,3,11,Loyal Customers
13548.0,682.41,2,341.205,95,243,0.00819672131147541,114,2,2,3,7,Potential Loyal Customers
13549.0,918.2,7,131.17142857142858,25,241,0.028925619834710745,37,4,5,3,12,Loyal Customers
13551.0,91.80000000000001,1,91.80000000000001,318,318,0.003134796238244514,4,1,1,1,3,Lost Customers
13552.0,3740.07,12,311.6725,65,315,0.0379746835443038,82,3,5,5,13,Champions
13555.0,4149.28,4,1037.32,73,201,0.019801980198019802,128,2,4,5,11,Loyal Customers
13557.0,584.06,2,292.03,27,280,0.0071174377224199285,31,4,2,3,9,Potential Loyal Customers
13558.0,605.06,4,151.265,5,67,0.058823529411764705,123,5,4,3,12,Loyal Customers
13560.0,174.37,1,174.37,6,6,0.14285714285714285,32,5,1,1,7,Potential Loyal Customers
13561.0,141.85999999999999,1,141.85999999999999,215,215,0.004629629629629629,14,1,1,1,3,Lost Customers
13562.0,1799.33,3,599.7766666666666,81,245,0.012195121951219513,50,2,3,4,9,Potential Loyal Customers
13563.0,777.53,2,388.765,83,139,0.014285714285714285,49,2,2,3,7,Potential Loyal Customers
13564.0,1749.02,3,583.0066666666667,143,367,0.008152173913043478,68,2,3,4,9,Potential Loyal Customers
13565.0,240.22,2,120.11,18,333,0.005988023952095809,35,4,2,1,7,Potential Loyal Customers
13566.0,874.71,2,437.355,40,82,0.024096385542168676,134,3,2,3,8,Potential Loyal Customers
13568.0,192.85,1,192.85,172,172,0.005780346820809248,41,2,1,1,4,Lost Customers
13569.0,373.75,2,186.875,16,367,0.005434782608695652,73,4,2,2,8,Potential Loyal Customers
13570.0,239.49,1,239.49,242,242,0.00411522633744856,27,1,1,1,3,Lost Customers
13571.0,2092.32,12,174.36,12,253,0.047244094488188976,157,5,5,5,15,Champions
13572.0,1384.25,1,1384.25,205,205,0.0048543689320388345,32,1,1,4,6,At Risk
13573.0,294.4,2,147.2,49,252,0.007905138339920948,24,3,2,2,7,Potential Loyal Customers
13575.0,732.0699999999999,5,146.414,22,175,0.028409090909090908,41,4,4,3,11,Loyal Customers
13576.0,6717.34,18,373.18555555555554,9,372,0.04825737265415549,78,5,5,5,15,Champions
13577.0,1687.6000000000001,4,421.90000000000003,24,241,0.01652892561983471,61,4,4,4,12,Loyal Customers
13579.0,467.04,2,233.52,14,368,0.005420054200542005,19,4,2,2,8,Potential Loyal Customers
13581.0,118.0,1,118.0,308,308,0.003236245954692557,10,1,1,1,3,Lost Customers
13583.0,781.03,1,781.03,155,155,0.00641025641025641,53,2,1,3,6,At Risk
13584.0,142.4,1,142.4,306,306,0.003257328990228013,24,1,1,1,3,Lost Customers
13587.0,712.4,1,712.4,63,63,0.015625,8,3,1,3,7,Potential Loyal Customers
13588.0,2478.95,9,275.43888888888887,15,254,0.03529411764705882,131,4,5,5,14,Champions
13589.0,379.65,2,189.825,14,179,0.011111111111111112,21,4,2,2,8,Potential Loyal Customers
13590.0,1981.92,6,330.32,10,302,0.019801980198019802,70,5,5,4,14,Champions
13591.0,1117.13,3,372.3766666666667,64,266,0.011235955056179775,56,3,3,4,10,Loyal Customers
13592.0,247.95999999999998,4,61.989999999999995,35,263,0.015151515151515152,15,3,4,1,8,Potential Loyal Customers
13593.0,2037.0800000000002,5,407.41600000000005,107,335,0.01488095238095238,77,2,4,4,10,Loyal Customers
13594.0,396.97,1,396.97,52,52,0.018867924528301886,26,3,1,2,6,At Risk
13596.0,697.04,2,348.52,5,12,0.15384615384615385,133,5,2,3,10,Loyal Customers
13598.0,180.17000000000002,1,180.17000000000002,46,46,0.02127659574468085,33,3,1,1,5,At Risk
13599.0,5153.67,21,245.41285714285715,0,366,0.05722070844686648,171,5,5,5,15,Champions
13600.0,219.52,1,219.52,311,311,0.003205128205128205,19,1,1,1,3,Lost Customers
13601.0,693.32,2,346.66,44,210,0.009478672985781991,90,3,2,3,8,Potential Loyal Customers
13602.0,428.89,1,428.89,64,64,0.015384615384615385,23,3,1,2,6,At Risk
13603.0,164.34,1,164.34,25,25,0.038461538461538464,27,4,1,1,6,At Risk
13606.0,280.53999999999996,3,93.51333333333332,28,311,0.009615384615384616,40,4,3,2,9,Potential Loyal Customers
13607.0,678.01,1,678.01,39,39,0.025,93,3,1,3,7,Potential Loyal Customers
13610.0,1131.88,7,161.69714285714286,11,284,0.02456140350877193,165,5,5,4,14,Champions
13611.0,1171.8,3,390.59999999999997,88,359,0.008333333333333333,67,2,3,4,9,Potential Loyal Customers
13614.0,1610.46,4,402.615,23,330,0.012084592145015106,171,4,4,4,12,Loyal Customers
13615.0,417.69,1,417.69,318,318,0.003134796238244514,23,1,1,2,4,Lost Customers
13617.0,544.18,3,181.39333333333332,39,179,0.016666666666666666,31,3,3,3,9,Potential Loyal Customers
13618.0,177.34,1,177.34,173,173,0.005747126436781609,13,2,1,1,4,Lost Customers
13621.0,213.85,1,213.85,116,116,0.008547008547008548,19,2,1,1,4,Lost Customers
13623.0,747.78,5,149.55599999999998,30,296,0.016835016835016835,75,4,4,3,11,Loyal Customers
13626.0,257.23,1,257.23,252,252,0.003952569169960474,19,1,1,2,4,Lost Customers
13627.0,1638.47,5,327.694,58,357,0.013966480446927373,84,3,4,4,11,Loyal Customers
13629.0,7792.36,11,708.3963636363636,22,338,0.032448377581120944,28,4,5,5,14,Champions
13630.0,2031.78,7,290.2542857142857,4,285,0.024475524475524476,51,5,5,4,14,Champions
13631.0,3070.42,11,279.1290909090909,99,266,0.04119850187265917,6,2,5,5,12,Loyal Customers
13632.0,2121.27,5,424.254,24,242,0.0205761316872428,121,4,4,5,13,Champions
13634.0,1575.16,5,315.03200000000004,32,326,0.01529051987767584,156,4,4,4,12,Loyal Customers
13635.0,1071.03,1,1071.03,67,67,0.014705882352941176,62,3,1,4,8,Potential Loyal Customers
13636.0,949.12,5,189.824,36,284,0.017543859649122806,57,3,4,4,11,Loyal Customers
13637.0,810.5,3,270.1666666666667,51,225,0.01327433628318584,79,3,3,3,9,Potential Loyal Customers
13638.0,122.64,1,122.64,15,15,0.0625,8,4,1,1,6,At Risk
13639.0,1033.34,1,1033.34,73,73,0.013513513513513514,39,2,1,4,7,Potential Loyal Customers
13642.0,354.8,1,354.8,215,215,0.004629629629629629,57,1,1,2,4,Lost Customers
13643.0,519.44,3,173.14666666666668,30,185,0.016129032258064516,24,4,3,3,10,Loyal Customers
13644.0,2624.26,4,656.065,15,105,0.03773584905660377,144,4,4,5,13,Champions
13645.0,252.1,1,252.1,119,119,0.008333333333333333,5,2,1,2,5,At Risk
13647.0,1678.1200000000001,4,419.53000000000003,9,234,0.01702127659574468,65,5,4,4,13,Champions
13649.0,346.6,2,173.3,256,365,0.00546448087431694,23,1,2,2,5,At Risk
13650.0,1836.34,6,306.0566666666667,16,267,0.022388059701492536,79,4,5,4,13,Champions
13651.0,94.2,2,47.1,34,39,0.05,6,3,2,1,6,At Risk
13652.0,1095.08,3,365.02666666666664,45,368,0.008130081300813009,48,3,3,4,10,Loyal Customers
13654.0,2707.33,6,451.22166666666664,42,272,0.02197802197802198,157,3,5,5,13,Champions
13655.0,932.97,2,466.485,113,241,0.008264462809917356,52,2,2,3,7,Potential Loyal Customers
13656.0,379.65,2,189.825,164,336,0.005934718100890208,49,2,2,2,6,At Risk
13657.0,382.14,2,191.07,10,201,0.009900990099009901,16,5,2,2,9,Potential Loyal Customers
13658.0,2639.17,5,527.8340000000001,9,203,0.024509803921568627,91,5,4,5,14,Champions
13659.0,1573.2,2,786.6,205,320,0.006230529595015576,92,1,2,4,7,Potential Loyal Customers
13662.0,897.76,3,299.25333333333333,85,258,0.011583011583011582,50,2,3,3,8,Potential Loyal Customers
13663.0,189.47,1,189.47,178,178,0.00558659217877095,13,2,1,1,4,Lost Customers
13666.0,84.65,3,28.21666666666667,59,286,0.010452961672473868,12,3,3,1,7,Potential Loyal Customers
13667.0,305.02,1,305.02,148,148,0.006711409395973154,82,2,1,2,5,At Risk
13668.0,6363.59,21,303.02809523809526,2,362,0.05785123966942149,284,5,5,5,15,Champions
13669.0,218.55,2,109.275,50,149,0.013333333333333334,9,3,2,1,6,At Risk
13670.0,349.7,1,349.7,74,74,0.013333333333333334,25,2,1,2,5,At Risk
13672.0,186.39000000000001,2,93.19500000000001,300,331,0.006024096385542169,4,1,2,1,4,Lost Customers
13673.0,396.92,2,198.46,18,31,0.0625,47,4,2,2,8,Potential Loyal Customers
13675.0,486.82000000000005,2,243.41000000000003,150,284,0.007017543859649123,25,2,2,2,6,At Risk
13678.0,232.6,1,232.6,151,151,0.006578947368421052,16,2,1,1,4,Lost Customers
13680.0,3722.42,4,930.605,0,338,0.011799410029498525,164,5,4,5,14,Champions
13681.0,827.83,4,206.9575,17,154,0.025806451612903226,37,4,4,3,11,Loyal Customers
13682.0,59.5,1,59.5,186,186,0.0053475935828877,3,1,1,1,3,Lost Customers
13684.0,67.23,1,67.23,285,285,0.0034965034965034965,29,1,1,1,3,Lost Customers
13685.0,3119.44,7,445.63428571428574,2,59,0.11666666666666667,29,5,5,5,15,Champions
13686.0,72.0,1,72.0,182,182,0.00546448087431694,8,1,1,1,3,Lost Customers
13689.0,910.0,1,910.0,62,62,0.015873015873015872,6,3,1,3,7,Potential Loyal Customers
13690.0,172.25,1,172.25,58,58,0.01694915254237288,9,3,1,1,5,At Risk
13692.0,1488.32,3,496.1066666666666,24,235,0.012711864406779662,48,4,3,4,11,Loyal Customers
13694.0,65039.62,50,1300.7924,3,373,0.13368983957219252,366,5,5,5,15,Champions
13695.0,2504.13,15,166.942,30,259,0.057692307692307696,46,4,5,5,14,Champions
13697.0,151.29999999999998,1,151.29999999999998,38,38,0.02564102564102564,12,3,1,1,5,At Risk
13699.0,308.58000000000004,1,308.58000000000004,154,154,0.0064516129032258064,14,2,1,2,5,At Risk
13700.0,2265.12,10,226.512,25,326,0.03058103975535168,139,4,5,5,14,Champions
13703.0,99.5,1,99.5,317,317,0.0031446540880503146,1,1,1,1,3,Lost Customers
13704.0,2308.06,9,256.4511111111111,4,87,0.10227272727272728,111,5,5,5,15,Champions
13705.0,711.86,3,237.28666666666666,7,373,0.008021390374331552,25,5,3,3,11,Loyal Customers
13706.0,330.79,1,330.79,302,302,0.0033003300330033004,20,1,1,2,4,Lost Customers
13707.0,806.41,2,403.205,266,314,0.006349206349206349,48,1,2,3,6,At Risk
13708.0,296.88,1,296.88,270,270,0.0036900369003690036,49,1,1,2,4,Lost Customers
13709.0,6328.05,13,486.7730769230769,3,314,0.04126984126984127,244,5,5,5,15,Champions
13710.0,180.48,1,180.48,31,31,0.03125,8,4,1,1,6,At Risk
13711.0,252.06,2,126.03,218,218,0.0091324200913242,11,1,2,2,5,At Risk
13712.0,228.84,1,228.84,246,246,0.004048582995951417,10,1,1,1,3,Lost Customers
13715.0,1079.34,5,215.868,280,372,0.013404825737265416,89,1,4,4,9,Potential Loyal Customers
13716.0,138.28,1,138.28,268,268,0.0037174721189591076,21,1,1,1,3,Lost Customers
13717.0,1445.01,6,240.835,31,297,0.020134228187919462,92,4,5,4,13,Champions
13718.0,306.55,2,153.275,245,295,0.006756756756756757,9,1,2,2,5,At Risk
13719.0,1041.68,5,208.336,14,233,0.021367521367521368,56,4,4,4,12,Loyal Customers
13720.0,799.9,4,199.975,116,254,0.01568627450980392,42,2,4,3,9,Potential Loyal Customers
13721.0,524.14,1,524.14,35,35,0.027777777777777776,28,3,1,3,7,Potential Loyal Customers
13722.0,2375.41,3,791.8033333333333,131,282,0.01060070671378092,75,2,3,5,10,Loyal Customers
13723.0,199.85000000000002,1,199.85000000000002,216,216,0.004608294930875576,6,1,1,1,3,Lost Customers
13725.0,1980.56,8,247.57,49,308,0.025889967637540454,95,3,5,4,12,Loyal Customers
13726.0,1079.6599999999999,2,539.8299999999999,38,100,0.019801980198019802,39,3,2,4,9,Potential Loyal Customers
13727.0,333.48,2,166.74,28,33,0.058823529411764705,19,4,2,2,8,Potential Loyal Customers
13728.0,1016.14,6,169.35666666666665,36,310,0.01929260450160772,38,3,5,4,12,Loyal Customers
13730.0,752.6,2,376.3,135,161,0.012345679012345678,38,2,2,3,7,Potential Loyal Customers
13731.0,610.59,2,305.295,218,246,0.008097165991902834,36,1,2,3,6,At Risk
13732.0,491.86,1,491.86,27,27,0.03571428571428571,33,4,1,3,8,Potential Loyal Customers
13735.0,2885.2400000000002,4,721.3100000000001,24,233,0.017094017094017096,158,4,4,5,13,Champions
13736.0,731.9,2,365.95,4,259,0.007692307692307693,166,5,2,3,10,Loyal Customers
13737.0,339.59999999999997,1,339.59999999999997,199,199,0.005,29,1,1,2,4,Lost Customers
13739.0,216.9,1,216.9,17,17,0.05555555555555555,3,4,1,1,6,At Risk
13740.0,350.75,1,350.75,240,240,0.004149377593360996,23,1,1,2,4,Lost Customers
13741.0,668.4300000000001,3,222.81000000000003,71,216,0.013824884792626729,34,3,3,3,9,Potential Loyal Customers
13742.0,3131.02,12,260.91833333333335,16,319,0.0375,200,4,5,5,14,Champions
13743.0,1341.6,7,191.65714285714284,2,258,0.02702702702702703,8,5,5,4,14,Champions
13744.0,1156.36,2,578.18,94,291,0.00684931506849315,54,2,2,4,8,Potential Loyal Customers
13745.0,300.04,1,300.04,161,161,0.006172839506172839,25,2,1,2,5,At Risk
13747.0,79.6,1,79.6,373,373,0.00267379679144385,1,1,1,1,3,Lost Customers
13748.0,948.25,5,189.65,95,373,0.013368983957219251,24,2,4,4,10,Loyal Customers
13750.0,1647.26,5,329.452,53,336,0.01483679525222552,20,3,4,4,11,Loyal Customers
13751.0,296.25,1,296.25,287,287,0.003472222222222222,9,1,1,2,4,Lost Customers
13752.0,1186.28,6,197.71333333333334,123,246,0.024291497975708502,64,2,5,4,11,Loyal Customers
13753.0,741.26,1,741.26,287,287,0.003472222222222222,35,1,1,3,5,At Risk
13754.0,282.59999999999997,2,141.29999999999998,151,316,0.006309148264984227,11,2,2,2,6,At Risk
13755.0,2161.35,9,240.14999999999998,3,62,0.14285714285714285,232,5,5,5,15,Champions
13756.0,5189.52,14,370.68,1,367,0.03804347826086957,66,5,5,5,15,Champions
13758.0,3190.55,7,455.79285714285714,11,373,0.01871657754010695,104,5,5,5,15,Champions
13759.0,659.4100000000001,2,329.70500000000004,32,70,0.028169014084507043,24,4,2,3,9,Potential Loyal Customers
13760.0,286.79,2,143.395,53,255,0.0078125,50,3,2,2,7,Potential Loyal Customers
13761.0,1070.65,2,535.325,49,179,0.011111111111111112,68,3,2,4,9,Potential Loyal Customers
13762.0,306.72,1,306.72,218,218,0.0045662100456621,7,1,1,2,4,Lost Customers
13763.0,1714.96,1,1714.96,62,62,0.015873015873015872,15,3,1,4,8,Potential Loyal Customers
13764.0,1521.76,3,507.25333333333333,70,336,0.008902077151335312,183,3,3,4,10,Loyal Customers
13767.0,17220.36,37,465.41513513513513,1,373,0.09893048128342247,55,5,5,5,15,Champions
13769.0,2796.51,10,279.651,1,366,0.027247956403269755,73,5,5,5,15,Champions
13771.0,2634.45,4,658.6125,63,246,0.016194331983805668,114,3,4,5,12,Loyal Customers
13772.0,1132.13,3,377.3766666666667,33,239,0.0125,141,3,3,4,10,Loyal Customers
13774.0,345.0,1,345.0,81,81,0.012195121951219513,22,2,1,2,5,At Risk
13777.0,25977.16,33,787.1866666666666,0,372,0.08847184986595175,36,5,5,5,15,Champions
13778.0,178.7,1,178.7,102,102,0.009708737864077669,9,2,1,1,4,Lost Customers
13780.0,360.01,2,180.005,6,170,0.011695906432748537,56,5,2,2,9,Potential Loyal Customers
13781.0,127.84,1,127.84,250,250,0.00398406374501992,17,1,1,1,3,Lost Customers
13782.0,912.0,6,152.0,12,327,0.018292682926829267,96,5,5,3,13,Champions
13784.0,2462.79,11,223.89,9,331,0.03313253012048193,9,5,5,5,15,Champions
13786.0,230.39999999999998,1,230.39999999999998,366,366,0.0027247956403269754,7,1,1,1,3,Lost Customers
13787.0,309.04,2,154.52,75,363,0.005494505494505495,24,2,2,2,6,At Risk
13790.0,348.8,1,348.8,3,3,0.25,45,5,1,2,8,Potential Loyal Customers
13791.0,1516.0,2,758.0,127,167,0.011904761904761904,7,2,2,4,8,Potential Loyal Customers
13792.0,195.55,2,97.775,65,286,0.006968641114982578,13,3,2,1,6,At Risk
13798.0,37153.85,57,651.8219298245614,0,371,0.1532258064516129,113,5,5,5,15,Champions
13799.0,688.86,2,344.43,116,293,0.006802721088435374,32,2,2,3,7,Potential Loyal Customers
13800.0,558.32,1,558.32,309,309,0.0032258064516129032,33,1,1,3,5,At Risk
13801.0,324.8,1,324.8,66,66,0.014925373134328358,23,3,1,2,6,At Risk
13802.0,4599.42,3,1533.14,138,311,0.009615384615384616,55,2,3,5,10,Loyal Customers
13803.0,277.07,1,277.07,254,254,0.00392156862745098,17,1,1,2,4,Lost Customers
13804.0,2635.79,7,376.5414285714286,30,289,0.02413793103448276,124,4,5,5,14,Champions
13805.0,924.6,2,462.3,51,128,0.015503875968992248,10,3,2,3,8,Potential Loyal Customers
13806.0,256.38,1,256.38,63,63,0.015625,10,3,1,2,6,At Risk
13807.0,112.6,1,112.6,366,366,0.0027247956403269754,7,1,1,1,3,Lost Customers
13808.0,1747.66,5,349.53200000000004,5,96,0.05154639175257732,70,5,4,4,13,Champions
13809.0,155.05,1,155.05,304,304,0.003278688524590164,11,1,1,1,3,Lost Customers
13810.0,1499.01,3,499.67,28,55,0.05357142857142857,32,4,3,4,11,Loyal Customers
13811.0,814.5,3,271.5,183,238,0.012552301255230125,7,1,3,3,7,Potential Loyal Customers
13812.0,539.0,3,179.66666666666666,41,104,0.02857142857142857,33,3,3,3,9,Potential Loyal Customers
13813.0,1366.8600000000001,4,341.71500000000003,39,134,0.02962962962962963,54,3,4,4,11,Loyal Customers
13814.0,1579.12,2,789.56,91,136,0.014598540145985401,37,2,2,4,8,Potential Loyal Customers
13815.0,4027.36,4,1006.84,21,318,0.012539184952978056,132,4,4,5,13,Champions
13816.0,571.6700000000001,2,285.83500000000004,23,63,0.03125,25,4,2,3,9,Potential Loyal Customers
13817.0,382.98,2,191.49,28,351,0.005681818181818182,20,4,2,2,8,Potential Loyal Customers
13819.0,1140.35,3,380.1166666666666,301,319,0.009375,26,1,3,4,8,Potential Loyal Customers
13821.0,385.64,2,192.82,144,261,0.007633587786259542,51,2,2,2,6,At Risk
13822.0,632.0,2,316.0,5,39,0.05,90,5,2,3,10,Loyal Customers
13823.0,957.66,2,478.83,18,91,0.021739130434782608,39,4,2,4,10,Loyal Customers
13824.0,1698.94,5,339.788,32,309,0.016129032258064516,34,4,4,4,12,Loyal Customers
13826.0,189.5,1,189.5,175,175,0.005681818181818182,10,2,1,1,4,Lost Customers
13827.0,412.05,3,137.35,57,142,0.02097902097902098,83,3,3,2,8,Potential Loyal Customers
13828.0,209.49,1,209.49,21,21,0.045454545454545456,15,4,1,1,6,At Risk
13831.0,2202.99,6,367.16499999999996,15,369,0.016216216216216217,58,4,5,5,14,Champions
13832.0,52.199999999999996,1,52.199999999999996,18,18,0.05263157894736842,3,4,1,1,6,At Risk
13833.0,384.8,1,384.8,158,158,0.006289308176100629,28,2,1,2,5,At Risk
13835.0,834.57,4,208.6425,24,214,0.018604651162790697,48,4,4,3,11,Loyal Customers
13837.0,271.24,2,135.62,211,317,0.006289308176100629,17,1,2,2,5,At Risk
13838.0,691.73,4,172.9325,5,369,0.010810810810810811,144,5,4,3,12,Loyal Customers
13841.0,85.0,1,85.0,252,252,0.003952569169960474,1,1,1,1,3,Lost Customers
13842.0,3385.62,9,376.18,58,366,0.02452316076294278,155,3,5,5,13,Champions
13844.0,361.62,1,361.62,10,10,0.09090909090909091,20,5,1,2,8,Potential Loyal Customers
13845.0,312.98,1,312.98,64,64,0.015384615384615385,9,3,1,2,6,At Risk
13846.0,865.0600000000001,3,288.35333333333335,24,359,0.008333333333333333,55,4,3,3,10,Loyal Customers
13848.0,1255.0,3,418.3333333333333,91,365,0.00819672131147541,3,2,3,4,9,Potential Loyal Customers
13849.0,1537.95,2,768.975,51,170,0.011695906432748537,97,3,2,4,9,Potential Loyal Customers
13850.0,1595.48,1,1595.48,128,128,0.007751937984496124,93,2,1,4,7,Potential Loyal Customers
13851.0,2651.46,3,883.82,95,287,0.010416666666666666,77,2,3,5,10,Loyal Customers
13853.0,1090.14,1,1090.14,56,56,0.017543859649122806,23,3,1,4,8,Potential Loyal Customers
13854.0,8109.5199999999995,25,324.38079999999997,8,365,0.06830601092896176,39,5,5,5,15,Champions
13856.0,388.5,3,129.5,168,202,0.014778325123152709,10,2,3,2,7,Potential Loyal Customers
13858.0,216.17,1,216.17,56,56,0.017543859649122806,11,3,1,1,5,At Risk
13859.0,201.16,1,201.16,325,325,0.003067484662576687,27,1,1,1,3,Lost Customers
13860.0,1245.9,5,249.18,0,86,0.05747126436781609,58,5,4,4,13,Champions
13862.0,2209.36,8,276.17,17,331,0.024096385542168676,97,4,5,5,14,Champions
13863.0,305.78,1,305.78,247,247,0.004032258064516129,20,1,1,2,4,Lost Customers
13865.0,501.56,4,125.39,57,289,0.013793103448275862,26,3,4,3,10,Loyal Customers
13866.0,145.67000000000002,1,145.67000000000002,73,73,0.013513513513513514,7,2,1,1,4,Lost Customers
13867.0,1015.29,3,338.43,30,217,0.013761467889908258,51,4,3,4,11,Loyal Customers
13868.0,3192.54,2,1596.27,6,38,0.05128205128205128,32,5,2,5,12,Loyal Customers
13869.0,3104.95,4,776.2375,122,356,0.011204481792717087,234,2,4,5,11,Loyal Customers
13870.0,2770.94,8,346.3675,1,287,0.027777777777777776,91,5,5,5,15,Champions
13871.0,6403.25,13,492.5576923076923,22,308,0.042071197411003236,155,4,5,5,14,Champions
13873.0,389.6,3,129.86666666666667,119,309,0.00967741935483871,21,2,3,2,7,Potential Loyal Customers
13874.0,540.45,1,540.45,357,357,0.002793296089385475,18,1,1,3,5,At Risk
13875.0,1786.79,5,357.358,53,300,0.016611295681063124,79,3,4,4,11,Loyal Customers
13876.0,122.7,1,122.7,63,63,0.015625,7,3,1,1,5,At Risk
13877.0,117.24,1,117.24,85,85,0.011627906976744186,3,2,1,1,4,Lost Customers
13878.0,1281.53,1,1281.53,54,54,0.01818181818181818,35,3,1,4,8,Potential Loyal Customers
13880.0,3219.77,13,247.67461538461538,20,366,0.035422343324250684,125,4,5,5,14,Champions
13881.0,17159.52,20,857.976,3,311,0.0641025641025641,72,5,5,5,15,Champions
13882.0,1191.13,5,238.22600000000003,2,63,0.078125,54,5,4,4,13,Champions
13883.0,2674.48,5,534.896,10,252,0.019762845849802372,108,5,4,5,14,Champions
13884.0,787.6,5,157.52,6,282,0.0176678445229682,45,5,4,3,12,Loyal Customers
13885.0,506.8,2,253.4,188,200,0.009950248756218905,28,1,2,3,6,At Risk
13886.0,243.56,1,243.56,70,70,0.014084507042253521,16,3,1,1,5,At Risk
13887.0,349.55,1,349.55,203,203,0.004901960784313725,19,1,1,2,4,Lost Customers
13888.0,605.63,2,302.815,119,217,0.009174311926605505,38,2,2,3,7,Potential Loyal Customers
13889.0,416.90000000000003,1,416.90000000000003,92,92,0.010752688172043012,15,2,1,2,5,At Risk
13890.0,1883.8100000000002,10,188.38100000000003,0,358,0.027855153203342618,74,5,5,4,14,Champions
13892.0,632.97,4,158.2425,26,246,0.016194331983805668,26,4,4,3,11,Loyal Customers
13893.0,821.1,1,821.1,297,297,0.003355704697986577,21,1,1,3,5,At Risk
13894.0,564.62,3,188.20666666666668,23,309,0.00967741935483871,25,4,3,3,10,Loyal Customers
13895.0,2593.07,4,648.2675,27,164,0.024242424242424242,97,4,4,5,13,Champions
13897.0,311.16,1,311.16,49,49,0.02,17,3,1,2,6,At Risk
13898.0,155.93,1,155.93,325,325,0.003067484662576687,12,1,1,1,3,Lost Customers
13899.0,388.52,2,194.26,15,274,0.007272727272727273,19,4,2,2,8,Potential Loyal Customers
13900.0,740.95,3,246.98333333333335,182,262,0.011406844106463879,42,1,3,3,7,Potential Loyal Customers
13901.0,2867.2,5,573.4399999999999,71,318,0.01567398119122257,144,3,4,5,12,Loyal Customers
13904.0,332.64,2,166.32,36,294,0.006779661016949152,24,3,2,2,7,Potential Loyal Customers
13908.0,2369.55,4,592.3875,79,276,0.01444043321299639,104,2,4,5,11,Loyal Customers
13911.0,2580.91,9,286.7677777777778,56,307,0.02922077922077922,120,3,5,5,13,Champions
13914.0,626.45,2,313.225,11,35,0.05555555555555555,28,5,2,3,10,Loyal Customers
13917.0,272.04,2,136.02,49,191,0.010416666666666666,16,3,2,2,7,Potential Loyal Customers
13918.0,1212.8400000000001,2,606.4200000000001,49,252,0.007905138339920948,30,3,2,4,9,Potential Loyal Customers
13919.0,384.81,2,192.405,58,121,0.01639344262295082,24,3,2,2,7,Potential Loyal Customers
13922.0,172.25,1,172.25,351,351,0.002840909090909091,7,1,1,1,3,Lost Customers
13923.0,351.13,1,351.13,53,53,0.018518518518518517,20,3,1,2,6,At Risk
13924.0,1838.8500000000001,6,306.475,1,71,0.08333333333333333,90,5,5,4,14,Champions
13925.0,678.25,4,169.5625,92,134,0.02962962962962963,28,2,4,3,9,Potential Loyal Customers
13926.0,223.85000000000002,1,223.85000000000002,22,22,0.043478260869565216,11,4,1,1,6,At Risk
13927.0,348.99,1,348.99,74,74,0.013333333333333334,21,2,1,2,5,At Risk
13928.0,464.57,4,116.1425,10,132,0.03007518796992481,23,5,4,2,11,Loyal Customers
13929.0,842.65,2,421.325,168,325,0.006134969325153374,8,2,2,3,7,Potential Loyal Customers
13930.0,337.34,2,168.67,57,136,0.014598540145985401,15,3,2,2,7,Potential Loyal Customers
13931.0,1237.53,2,618.765,95,280,0.0071174377224199285,56,2,2,4,8,Potential Loyal Customers
13932.0,307.4,1,307.4,294,294,0.003389830508474576,16,1,1,2,4,Lost Customers
13933.0,608.7900000000001,2,304.39500000000004,108,147,0.013513513513513514,23,2,2,3,7,Potential Loyal Customers
13934.0,922.1,1,922.1,263,263,0.003787878787878788,31,1,1,3,5,At Risk
13936.0,376.58,1,376.58,179,179,0.005555555555555556,26,1,1,2,4,Lost Customers
13937.0,158.85,1,158.85,168,168,0.005917159763313609,9,2,1,1,4,Lost Customers
13938.0,71.66,1,71.66,34,34,0.02857142857142857,7,3,1,1,5,At Risk
13939.0,568.55,3,189.51666666666665,22,311,0.009615384615384616,43,4,3,3,10,Loyal Customers
13940.0,839.14,4,209.785,16,143,0.027777777777777776,39,4,4,3,11,Loyal Customers
13941.0,5112.96,5,1022.592,21,372,0.013404825737265416,24,4,4,5,13,Champions
13946.0,561.5699999999999,3,187.18999999999997,78,267,0.011194029850746268,11,2,3,3,8,Potential Loyal Customers
13947.0,90.6,1,90.6,64,64,0.015384615384615385,5,3,1,1,5,At Risk
13948.0,102.0,1,102.0,360,360,0.002770083102493075,3,1,1,1,3,Lost Customers
13949.0,2427.32,6,404.55333333333334,2,94,0.06315789473684211,124,5,5,5,15,Champions
13950.0,745.06,4,186.265,10,246,0.016194331983805668,33,5,4,3,12,Loyal Customers
13951.0,674.45,3,224.8166666666667,175,293,0.01020408163265306,38,2,3,3,8,Potential Loyal Customers
13952.0,3251.071,2,1625.5355,217,238,0.008368200836820083,120,1,2,5,8,Potential Loyal Customers
13953.0,3515.68,7,502.23999999999995,6,352,0.019830028328611898,8,5,5,5,15,Champions
13954.0,439.92,2,219.96,1,70,0.028169014084507043,24,5,3,2,10,Loyal Customers
13955.0,322.96,2,161.48,153,305,0.006535947712418301,33,2,3,2,7,Potential Loyal Customers
13956.0,1026.42,5,205.28400000000002,4,270,0.01845018450184502,123,5,4,4,13,Champions
13959.0,598.2,3,199.4,78,361,0.008287292817679558,79,2,3,3,8,Potential Loyal Customers
13960.0,230.22,2,115.11,20,71,0.027777777777777776,11,4,3,1,8,Potential Loyal Customers
13962.0,169.55,2,84.775,21,245,0.008130081300813009,11,4,3,1,8,Potential Loyal Customers
13963.0,664.54,4,166.135,307,367,0.010869565217391304,35,1,4,3,8,Potential Loyal Customers
13967.0,80.7,1,80.7,145,145,0.00684931506849315,2,2,1,1,4,Lost Customers
13969.0,9053.94,18,502.99666666666667,6,364,0.049315068493150684,334,5,5,5,15,Champions
13971.0,2758.26,8,344.7825,18,285,0.027972027972027972,118,4,5,5,14,Champions
13972.0,190.25,2,95.125,70,201,0.009900990099009901,15,3,3,1,7,Potential Loyal Customers
13973.0,264.7,1,264.7,286,286,0.003484320557491289,11,1,1,2,4,Lost Customers
13974.0,413.59000000000003,1,413.59000000000003,48,48,0.02040816326530612,28,3,1,2,6,At Risk
13975.0,2526.28,6,421.0466666666667,30,276,0.021660649819494584,240,4,5,5,14,Champions
13976.0,357.98,1,357.98,206,206,0.004830917874396135,10,1,1,2,4,Lost Customers
13978.0,196.79000000000002,2,98.39500000000001,14,44,0.044444444444444446,14,4,3,1,8,Potential Loyal Customers
13979.0,869.87,1,869.87,72,72,0.0136986301369863,54,2,1,3,6,At Risk
13980.0,200.14,1,200.14,59,59,0.016666666666666666,11,3,1,1,5,At Risk
13982.0,1871.81,4,467.9525,38,364,0.010958904109589041,72,3,4,4,11,Loyal Customers
13983.0,2603.43,12,216.9525,29,366,0.0326975476839237,91,4,5,5,14,Champions
13984.0,920.51,5,184.102,26,365,0.01366120218579235,14,4,4,3,11,Loyal Customers
13985.0,7060.13,15,470.67533333333336,3,263,0.056818181818181816,108,5,5,5,15,Champions
13986.0,320.46,1,320.46,16,16,0.058823529411764705,12,4,1,2,7,Potential Loyal Customers
13988.0,4147.96,6,691.3266666666667,19,254,0.023529411764705882,188,4,5,5,14,Champions
13989.0,1266.08,2,633.04,65,238,0.008368200836820083,33,3,3,4,10,Loyal Customers
13990.0,311.3,1,311.3,212,212,0.004694835680751174,16,1,1,2,4,Lost Customers
13991.0,855.97,6,142.66166666666666,11,142,0.04195804195804196,58,5,5,3,13,Champions
13992.0,76.8,1,76.8,29,29,0.03333333333333333,5,4,1,1,6,At Risk
13993.0,3466.36,9,385.1511111111111,42,330,0.027190332326283987,66,3,5,5,13,Champions
13994.0,2313.14,6,385.5233333333333,3,147,0.04054054054054054,122,5,5,5,15,Champions
13995.0,1393.69,5,278.738,14,245,0.02032520325203252,55,4,4,4,12,Loyal Customers
13999.0,3901.81,12,325.1508333333333,9,361,0.03314917127071823,102,5,5,5,15,Champions
14000.0,635.66,1,635.66,210,210,0.004739336492890996,15,1,1,3,5,At Risk
14001.0,2043.0800000000002,3,681.0266666666668,45,372,0.00804289544235925,34,3,3,4,10,Loyal Customers
14002.0,529.73,2,264.865,133,155,0.01282051282051282,47,2,3,3,8,Potential Loyal Customers
14004.0,4582.64,7,654.6628571428572,42,288,0.02422145328719723,102,3,5,5,13,Champions
14005.0,2874.72,5,574.944,9,215,0.023148148148148147,53,5,4,5,14,Champions
14006.0,962.19,3,320.73,115,311,0.009615384615384616,22,2,3,4,9,Potential Loyal Customers
14009.0,695.61,2,347.805,197,204,0.00975609756097561,42,1,3,3,7,Potential Loyal Customers
14012.0,328.8,1,328.8,277,277,0.0035971223021582736,11,1,1,2,4,Lost Customers
14013.0,473.02,3,157.67333333333332,109,275,0.010869565217391304,30,2,3,2,7,Potential Loyal Customers
14014.0,505.18,1,505.18,76,76,0.012987012987012988,39,2,1,3,6,At Risk
14015.0,917.34,1,917.34,52,52,0.018867924528301886,20,3,1,3,7,Potential Loyal Customers
14016.0,4341.21,4,1085.3025,161,356,0.011204481792717087,154,2,4,5,11,Loyal Customers
14019.0,1421.61,3,473.86999999999995,46,137,0.021739130434782608,37,3,3,4,10,Loyal Customers
14020.0,642.8,2,321.4,16,87,0.022727272727272728,37,4,3,3,10,Loyal Customers
14021.0,631.9,3,210.63333333333333,154,255,0.01171875,22,2,3,3,8,Potential Loyal Customers
14022.0,440.0,1,440.0,224,224,0.0044444444444444444,28,1,1,2,4,Lost Customers
14023.0,584.07,2,292.035,6,249,0.008,30,5,3,3,11,Loyal Customers
14024.0,327.7,2,163.85,121,123,0.016129032258064516,16,2,3,2,7,Potential Loyal Customers
14027.0,104.82,1,104.82,60,60,0.01639344262295082,6,3,1,1,5,At Risk
14029.0,467.66,2,233.83,62,143,0.013888888888888888,15,3,3,2,8,Potential Loyal Customers
14030.0,2360.09,8,295.01125,17,365,0.02185792349726776,210,4,5,5,14,Champions
14031.0,17286.86,19,909.8347368421053,6,371,0.051075268817204304,119,5,5,5,15,Champions
14032.0,2975.59,11,270.5081818181818,1,366,0.02997275204359673,53,5,5,5,15,Champions
14034.0,651.8199999999999,3,217.2733333333333,21,156,0.01910828025477707,82,4,3,3,10,Loyal Customers
14035.0,1428.02,5,285.604,28,297,0.016778523489932886,41,4,4,4,12,Loyal Customers
14036.0,626.65,1,626.65,284,284,0.0035087719298245615,38,1,1,3,5,At Risk
14037.0,147.20000000000002,2,73.60000000000001,175,364,0.005479452054794521,27,2,3,1,6,At Risk
14038.0,1560.38,3,520.1266666666667,77,206,0.014492753623188406,64,2,3,4,9,Potential Loyal Customers
14039.0,152.2,1,152.2,32,32,0.030303030303030304,6,4,1,1,6,At Risk
14040.0,3614.92,12,301.24333333333334,40,330,0.03625377643504532,146,3,5,5,13,Champions
14041.0,141.41,1,141.41,265,265,0.0037593984962406013,21,1,1,1,3,Lost Customers
14044.0,652.82,4,163.205,26,309,0.012903225806451613,165,4,4,3,11,Loyal Customers
14045.0,1659.75,4,414.9375,108,373,0.0106951871657754,4,2,4,4,10,Loyal Customers
14046.0,154.99,1,154.99,283,283,0.0035211267605633804,14,1,1,1,3,Lost Customers
14047.0,1308.6100000000001,5,261.72200000000004,8,372,0.013404825737265416,22,5,4,4,13,Champions
14048.0,409.93,1,409.93,304,304,0.003278688524590164,83,1,1,2,4,Lost Customers
14049.0,5681.72,4,1420.43,16,317,0.012578616352201259,348,4,4,5,13,Champions
14050.0,746.36,2,373.18,31,105,0.018867924528301886,49,4,3,3,10,Loyal Customers
14051.0,15610.390000000001,23,678.7126086956522,0,366,0.06267029972752043,52,5,5,5,15,Champions
14052.0,225.36,1,225.36,19,19,0.05,56,4,1,1,6,At Risk
14053.0,260.25,2,130.125,123,159,0.0125,2,2,3,2,7,Potential Loyal Customers
14054.0,92.46,1,92.46,64,64,0.015384615384615385,6,3,1,1,5,At Risk
14055.0,725.6400000000001,1,725.6400000000001,105,105,0.009433962264150943,10,2,1,3,6,At Risk
14056.0,8214.65,23,357.1586956521739,0,283,0.08098591549295775,320,5,5,5,15,Champions
14057.0,6217.96,17,365.76235294117646,23,360,0.04709141274238227,179,4,5,5,14,Champions
14059.0,183.6,1,183.6,266,266,0.003745318352059925,8,1,1,1,3,Lost Customers
14060.0,6140.42,19,323.18,4,372,0.05093833780160858,86,5,5,5,15,Champions
14062.0,10464.85,12,872.0708333333333,9,363,0.03296703296703297,60,5,5,5,15,Champions
14064.0,1353.74,5,270.748,28,273,0.01824817518248175,59,4,4,4,12,Loyal Customers
14066.0,152.55,1,152.55,266,266,0.003745318352059925,7,1,1,1,3,Lost Customers
14067.0,374.7,2,187.35,63,96,0.020618556701030927,51,3,3,2,8,Potential Loyal Customers
14068.0,265.85,1,265.85,319,319,0.003125,22,1,1,2,4,Lost Customers
14071.0,1438.82,8,179.8525,3,264,0.03018867924528302,271,5,5,4,14,Champions
14073.0,151.04,1,151.04,31,31,0.03125,13,4,1,1,6,At Risk
14075.0,942.26,3,314.08666666666664,4,260,0.011494252873563218,33,5,3,3,11,Loyal Customers
14076.0,122.47,1,122.47,128,128,0.007751937984496124,43,2,1,1,4,Lost Customers
14077.0,499.41999999999996,5,99.88399999999999,40,273,0.01824817518248175,33,3,4,3,10,Loyal Customers
14078.0,1049.37,6,174.89499999999998,101,372,0.0160857908847185,46,2,5,4,11,Loyal Customers
14079.0,375.1,1,375.1,124,124,0.008,12,2,1,2,5,At Risk
14080.0,45.599999999999994,1,45.599999999999994,32,32,0.030303030303030304,4,4,1,1,6,At Risk
14081.0,934.52,2,467.26,301,368,0.005420054200542005,126,1,3,3,7,Potential Loyal Customers
14082.0,182.25,1,182.25,364,364,0.0027397260273972603,28,1,1,1,3,Lost Customers
14083.0,1018.43,9,113.15888888888888,3,371,0.024193548387096774,162,5,5,4,14,Champions
14085.0,4448.54,18,247.14111111111112,1,368,0.04878048780487805,272,5,5,5,15,Champions
14087.0,194.42,1,194.42,2,2,0.3333333333333333,61,5,1,1,7,Potential Loyal Customers
14088.0,50491.81,13,3883.9853846153846,9,321,0.040372670807453416,379,5,5,5,15,Champions
14089.0,161.0,1,161.0,56,56,0.017543859649122806,13,3,1,1,5,At Risk
14090.0,76.32000000000001,1,76.32000000000001,324,324,0.003076923076923077,1,1,1,1,3,Lost Customers
14092.0,4076.91,14,291.2078571428571,7,357,0.03910614525139665,117,5,5,5,15,Champions
14093.0,442.85,1,442.85,11,11,0.08333333333333333,95,5,1,2,8,Potential Loyal Customers
14096.0,65164.79,17,3833.2229411764706,3,101,0.16666666666666666,1119,5,5,5,15,Champions
14098.0,147.35,1,147.35,36,36,0.02702702702702703,21,3,1,1,5,At Risk
14099.0,3104.17,11,282.1972727272727,15,354,0.030985915492957747,167,4,5,5,14,Champions
14100.0,194.9,1,194.9,137,137,0.007246376811594203,24,2,1,1,4,Lost Customers
14101.0,5976.79,6,996.1316666666667,73,325,0.018404907975460124,15,2,5,5,12,Loyal Customers
14102.0,1360.28,5,272.056,4,44,0.1111111111111111,35,5,4,4,13,Champions
14104.0,216.20999999999998,2,108.10499999999999,154,165,0.012048192771084338,21,2,3,1,6,At Risk
14105.0,1266.23,1,1266.23,238,238,0.0041841004184100415,74,1,1,4,6,At Risk
14107.0,2703.23,7,386.17571428571426,51,363,0.019230769230769232,61,3,5,5,13,Champions
14108.0,597.91,2,298.955,30,101,0.0196078431372549,33,4,3,3,10,Loyal Customers
14109.0,144.2,1,144.2,72,72,0.0136986301369863,9,2,1,1,4,Lost Customers
14110.0,5683.15,12,473.5958333333333,3,266,0.0449438202247191,94,5,5,5,15,Champions
14111.0,692.85,4,173.2125,13,241,0.01652892561983471,10,4,4,3,11,Loyal Customers
14112.0,2915.15,7,416.45,22,275,0.025362318840579712,117,4,5,5,14,Champions
14113.0,1840.42,4,460.105,3,354,0.011267605633802818,26,5,4,4,13,Champions
14114.0,386.53,2,193.265,273,330,0.006042296072507553,15,1,3,2,6,At Risk
14116.0,1382.74,5,276.548,19,121,0.040983606557377046,61,4,4,4,12,Loyal Customers
14117.0,90.0,1,90.0,143,143,0.006944444444444444,3,2,1,1,4,Lost Customers
14121.0,2780.15,4,695.0375,3,59,0.06666666666666667,148,5,4,5,14,Champions
14124.0,419.58000000000004,1,419.58000000000004,83,83,0.011904761904761904,4,2,1,2,5,At Risk
14125.0,2740.43,3,913.4766666666666,10,77,0.038461538461538464,159,5,3,5,13,Champions
14126.0,706.1300000000001,3,235.3766666666667,7,10,0.2727272727272727,14,5,3,3,11,Loyal Customers
14127.0,709.71,3,236.57000000000002,122,310,0.00964630225080386,39,2,3,3,8,Potential Loyal Customers
14128.0,637.5,2,318.75,60,255,0.0078125,40,3,3,3,9,Potential Loyal Customers
14129.0,1123.8600000000001,5,224.77200000000002,1,260,0.019157088122605363,31,5,4,4,13,Champions
14130.0,483.86,1,483.86,318,318,0.003134796238244514,66,1,1,2,4,Lost Customers
14132.0,3586.0299999999997,11,326.00272727272727,1,183,0.059782608695652176,100,5,5,5,15,Champions
14133.0,605.64,3,201.88,129,315,0.00949367088607595,25,2,3,3,8,Potential Loyal Customers
14135.0,4690.31,15,312.68733333333336,1,372,0.040214477211796246,95,5,5,5,15,Champions
14138.0,982.3800000000001,2,491.19000000000005,1,63,0.03125,40,5,3,4,12,Loyal Customers
14139.0,415.82,1,415.82,45,45,0.021739130434782608,26,3,1,2,6,At Risk
14140.0,935.05,2,467.525,3,31,0.0625,60,5,3,3,11,Loyal Customers
14141.0,915.13,4,228.7825,2,104,0.0380952380952381,27,5,4,3,12,Loyal Customers
14142.0,311.81,1,311.81,372,372,0.002680965147453083,22,1,1,2,4,Lost Customers
14143.0,115.8,1,115.8,133,133,0.007462686567164179,7,2,1,1,4,Lost Customers
14145.0,3742.2,4,935.55,46,216,0.018433179723502304,6,3,4,5,12,Loyal Customers
14146.0,4191.0,5,838.2,8,356,0.014005602240896359,183,5,4,5,14,Champions
14147.0,483.4,2,241.7,77,285,0.006993006993006993,4,2,3,2,7,Potential Loyal Customers
14148.0,157.2,1,157.2,233,233,0.004273504273504274,3,1,1,1,3,Lost Customers
14149.0,446.62,1,446.62,220,220,0.004524886877828055,28,1,1,2,4,Lost Customers
14150.0,658.64,2,329.32,35,359,0.005555555555555556,23,3,3,3,9,Potential Loyal Customers
14152.0,621.29,2,310.645,74,233,0.008547008547008548,47,2,3,3,8,Potential Loyal Customers
14154.0,1345.62,2,672.81,238,238,0.008368200836820083,52,1,3,4,8,Potential Loyal Customers
14155.0,118.75,1,118.75,265,265,0.0037593984962406013,6,1,1,1,3,Lost Customers
14156.0,117379.63,55,2134.175090909091,9,371,0.1478494623655914,714,5,5,5,15,Champions
14157.0,432.88,2,216.44,19,284,0.007017543859649123,45,4,3,2,9,Potential Loyal Customers
14158.0,507.66,1,507.66,39,39,0.025,41,3,1,3,7,Potential Loyal Customers
14159.0,4693.01,11,426.6372727272728,19,362,0.030303030303030304,501,4,5,5,14,Champions
14161.0,1110.52,3,370.17333333333335,215,368,0.008130081300813009,87,1,3,4,8,Potential Loyal Customers
14162.0,289.36,2,144.68,173,292,0.006825938566552901,25,2,3,2,7,Potential Loyal Customers
14163.0,2445.91,4,611.4775,86,238,0.016736401673640166,36,2,4,5,11,Loyal Customers
14164.0,1631.77,2,815.885,70,80,0.024691358024691357,28,3,3,4,10,Loyal Customers
14165.0,122.53999999999999,1,122.53999999999999,275,275,0.0036231884057971015,23,1,1,1,3,Lost Customers
14167.0,574.84,4,143.71,38,330,0.012084592145015106,27,3,4,3,10,Loyal Customers
14171.0,363.79,1,363.79,97,97,0.01020408163265306,57,2,1,2,5,At Risk
14173.0,450.84,4,112.71,10,218,0.0182648401826484,28,5,4,2,11,Loyal Customers
14174.0,134.46,1,134.46,32,32,0.030303030303030304,26,4,1,1,6,At Risk
14175.0,3222.3,3,1074.1000000000001,59,329,0.00909090909090909,139,3,3,5,11,Loyal Customers
14176.0,576.9000000000001,4,144.22500000000002,296,367,0.010869565217391304,28,1,4,3,8,Potential Loyal Customers
14177.0,559.41,4,139.8525,85,179,0.022222222222222223,37,2,4,3,9,Potential Loyal Customers
14178.0,1620.93,7,231.5614285714286,8,181,0.038461538461538464,191,5,5,4,14,Champions
14179.0,719.78,2,359.89,40,51,0.038461538461538464,135,3,3,3,9,Potential Loyal Customers
14180.0,4748.52,25,189.94080000000002,10,371,0.06720430107526881,112,5,5,5,15,Champions
14184.0,452.89,1,452.89,66,66,0.014925373134328358,24,3,1,2,6,At Risk
14185.0,197.65,1,197.65,330,330,0.0030211480362537764,3,1,1,1,3,Lost Customers
14188.0,2054.36,6,342.3933333333334,30,309,0.01935483870967742,34,4,5,4,13,Champions
14189.0,4654.08,15,310.272,1,368,0.04065040650406504,176,5,5,5,15,Champions
14191.0,4684.76,13,360.36615384615385,1,220,0.058823529411764705,145,5,5,5,15,Champions
14193.0,853.39,2,426.695,67,269,0.007407407407407408,35,3,3,3,9,Potential Loyal Customers
14194.0,11349.52,21,540.4533333333334,4,307,0.06818181818181818,269,5,5,5,15,Champions
14195.0,1012.0,2,506.0,201,251,0.007936507936507936,7,1,3,4,8,Potential Loyal Customers
14196.0,335.52,1,335.52,106,106,0.009345794392523364,6,2,1,2,5,At Risk
14198.0,701.4,4,175.35,17,238,0.016736401673640166,35,4,4,3,11,Loyal Customers
14199.0,185.39999999999998,1,185.39999999999998,217,217,0.0045871559633027525,2,1,1,1,3,Lost Customers
14201.0,747.44,7,106.77714285714286,59,358,0.019498607242339833,32,3,5,3,11,Loyal Customers
14204.0,161.03,1,161.03,1,1,0.5,36,5,1,1,7,Potential Loyal Customers
14205.0,466.7,2,233.35,16,263,0.007575757575757576,23,4,3,2,9,Potential Loyal Customers
14206.0,328.15999999999997,1,328.15999999999997,238,238,0.0041841004184100415,20,1,1,2,4,Lost Customers
14208.0,151.74,1,151.74,94,94,0.010526315789473684,10,2,1,1,4,Lost Customers
14209.0,2073.43,6,345.57166666666666,10,331,0.018072289156626505,55,5,5,5,15,Champions
14210.0,1905.8400000000001,6,317.64000000000004,105,371,0.016129032258064516,66,2,5,4,11,Loyal Customers
14211.0,2241.1,9,249.0111111111111,52,294,0.030508474576271188,87,3,5,5,13,Champions
14212.0,1070.48,1,1070.48,89,89,0.011111111111111112,9,2,1,4,7,Potential Loyal Customers
14214.0,1004.38,5,200.876,30,277,0.017985611510791366,64,4,4,4,12,Loyal Customers
14215.0,1789.72,6,298.2866666666667,11,367,0.016304347826086956,98,5,5,4,14,Champions
14216.0,1839.3,4,459.825,2,37,0.10526315789473684,47,5,4,4,13,Champions
14217.0,2004.98,17,117.94,1,365,0.04644808743169399,78,5,5,4,14,Champions
14218.0,169.48000000000002,1,169.48000000000002,42,42,0.023255813953488372,12,3,1,1,5,At Risk
14219.0,89.94,1,89.94,3,3,0.25,7,5,1,1,7,Potential Loyal Customers
14220.0,632.4,2,316.2,246,357,0.00558659217877095,21,1,3,3,7,Potential Loyal Customers
14221.0,3432.8,9,381.4222222222222,41,338,0.02654867256637168,123,3,5,5,13,Champions
14222.0,683.17,1,683.17,176,176,0.005649717514124294,41,2,1,3,6,At Risk
14223.0,991.13,3,330.37666666666667,91,263,0.011363636363636364,50,2,3,4,9,Potential Loyal Customers
14224.0,1050.12,4,262.53,109,319,0.0125,105,2,4,4,10,Loyal Customers
14226.0,2232.19,5,446.438,28,268,0.01858736059479554,64,4,4,5,13,Champions
14227.0,3350.96,10,335.096,25,284,0.03508771929824561,117,4,5,5,14,Champions
14229.0,1547.2,3,515.7333333333333,51,333,0.008982035928143712,29,3,3,4,10,Loyal Customers
14231.0,925.71,3,308.57,183,288,0.010380622837370242,47,1,3,3,7,Potential Loyal Customers
14232.0,2048.07,5,409.61400000000003,42,264,0.018867924528301886,81,3,4,4,11,Loyal Customers
14233.0,1462.72,4,365.68,48,317,0.012578616352201259,30,3,4,4,11,Loyal Customers
14234.0,775.46,4,193.865,21,56,0.07017543859649122,122,4,4,3,11,Loyal Customers
14235.0,3144.86,5,628.972,74,259,0.019230769230769232,65,2,4,5,11,Loyal Customers
14236.0,490.86,2,245.43,80,371,0.005376344086021506,15,2,3,3,8,Potential Loyal Customers
14237.0,161.0,1,161.0,372,372,0.002680965147453083,9,1,1,1,3,Lost Customers
14238.0,146.85,1,146.85,325,325,0.003067484662576687,8,1,1,1,3,Lost Customers
14239.0,2380.85,11,216.4409090909091,42,315,0.03481012658227848,83,3,5,5,13,Champions
14240.0,890.34,2,445.17,29,225,0.008849557522123894,37,4,3,3,10,Loyal Customers
14241.0,213.70000000000002,1,213.70000000000002,183,183,0.005434782608695652,10,1,1,1,3,Lost Customers
14242.0,280.55,2,140.275,234,325,0.006134969325153374,13,1,3,2,6,At Risk
14243.0,2588.77,10,258.877,8,365,0.0273224043715847,99,5,5,5,15,Champions
14245.0,1693.45,2,846.725,219,263,0.007575757575757576,107,1,3,4,8,Potential Loyal Customers
14246.0,1474.06,3,491.3533333333333,110,245,0.012195121951219513,57,2,3,4,9,Potential Loyal Customers
14247.0,136.76999999999998,1,136.76999999999998,277,277,0.0035971223021582736,19,1,1,1,3,Lost Customers
14248.0,302.58,1,302.58,317,317,0.0031446540880503146,8,1,1,2,4,Lost Customers
14250.0,1904.05,3,634.6833333333333,6,88,0.033707865168539325,94,5,3,4,12,Loyal Customers
14251.0,2879.7000000000003,5,575.94,1,57,0.08620689655172414,37,5,4,5,14,Champions
14256.0,969.0600000000001,2,484.53000000000003,259,364,0.005479452054794521,51,1,3,4,8,Potential Loyal Customers
14257.0,3099.7200000000003,5,619.9440000000001,63,318,0.01567398119122257,88,3,4,5,12,Loyal Customers
14258.0,12669.98,9,1407.7755555555555,8,337,0.026627218934911243,58,5,5,5,15,Champions
14259.0,120.0,1,120.0,141,141,0.007042253521126761,5,2,1,1,4,Lost Customers
14261.0,1163.45,2,581.725,50,78,0.02531645569620253,52,3,3,4,10,Loyal Customers
14262.0,2618.23,8,327.27875,7,240,0.03319502074688797,87,5,5,5,15,Champions
14264.0,333.97,2,166.985,154,245,0.008130081300813009,15,2,3,2,7,Potential Loyal Customers
14265.0,530.18,2,265.09,108,148,0.013422818791946308,31,2,3,3,8,Potential Loyal Customers
14267.0,1516.24,3,505.41333333333336,162,260,0.011494252873563218,25,2,3,4,9,Potential Loyal Customers
14270.0,492.65000000000003,1,492.65000000000003,331,331,0.0030120481927710845,29,1,1,3,5,At Risk
14271.0,112.32,1,112.32,225,225,0.004424778761061947,10,1,1,1,3,Lost Customers
14272.0,437.96,2,218.98,73,253,0.007874015748031496,33,2,3,2,7,Potential Loyal Customers
14273.0,559.97,4,139.9925,50,241,0.01652892561983471,22,3,4,3,10,Loyal Customers
14276.0,1119.74,3,373.24666666666667,98,289,0.010344827586206896,52,2,3,4,9,Potential Loyal Customers
14277.0,4216.2,3,1405.3999999999999,14,211,0.014150943396226415,195,4,3,5,12,Loyal Customers
14280.0,134.04,1,134.04,196,196,0.005076142131979695,8,1,1,1,3,Lost Customers
14282.0,3729.34,15,248.62266666666667,2,367,0.04076086956521739,70,5,5,5,15,Champions
14284.0,595.25,2,297.625,30,85,0.023255813953488372,24,4,3,3,10,Loyal Customers
14285.0,1910.01,4,477.5025,20,176,0.022598870056497175,18,4,4,4,12,Loyal Customers
14286.0,4628.75,3,1542.9166666666667,23,242,0.012345679012345678,220,4,3,5,12,Loyal Customers
14287.0,176.63,3,58.876666666666665,7,198,0.01507537688442211,9,5,3,1,9,Potential Loyal Customers
14288.0,426.6,1,426.6,212,212,0.004694835680751174,16,1,1,2,4,Lost Customers
14289.0,911.26,6,151.87666666666667,8,289,0.020689655172413793,33,5,5,3,13,Champions
14290.0,2314.65,5,462.93,10,361,0.013812154696132596,89,5,4,5,14,Champions
14291.0,3883.25,11,353.02272727272725,1,274,0.04,145,5,5,5,15,Champions
14292.0,4871.93,9,541.3255555555556,7,282,0.03180212014134275,64,5,5,5,15,Champions
14293.0,1046.56,4,261.64,2,368,0.01084010840108401,51,5,4,4,13,Champions
14295.0,166.20000000000002,1,166.20000000000002,39,39,0.025,5,3,1,1,5,At Risk
14297.0,1305.33,4,326.3325,17,274,0.014545454545454545,48,4,4,4,12,Loyal Customers
14298.0,51527.3,44,1171.075,7,359,0.12222222222222222,884,5,5,5,15,Champions
14299.0,3965.62,9,440.6244444444444,7,365,0.02459016393442623,94,5,5,5,15,Champions
14300.0,43.2,1,43.2,18,18,0.05263157894736842,3,4,1,1,6,At Risk
14301.0,640.14,1,640.14,116,116,0.008547008547008548,13,2,1,3,6,At Risk
14304.0,383.45,1,383.45,222,222,0.004484304932735426,17,1,1,2,4,Lost Customers
14305.0,1858.96,3,619.6533333333333,70,134,0.022222222222222223,96,3,3,4,10,Loyal Customers
14306.0,2093.32,2,1046.66,50,85,0.023255813953488372,33,3,3,5,11,Loyal Customers
14307.0,2995.72,6,499.28666666666663,88,373,0.016042780748663103,150,2,5,5,12,Loyal Customers
14309.0,2352.53,9,261.39222222222224,7,357,0.025139664804469275,74,5,5,5,15,Champions
14311.0,310.26,1,310.26,242,242,0.00411522633744856,20,1,1,2,4,Lost Customers
14312.0,1611.59,6,268.5983333333333,46,336,0.017804154302670624,74,3,5,4,12,Loyal Customers
14314.0,120.0,1,120.0,106,106,0.009345794392523364,8,2,1,1,4,Lost Customers
14315.0,2481.13,6,413.5216666666667,44,265,0.022556390977443608,64,3,5,5,13,Champions
14317.0,508.58000000000004,1,508.58000000000004,64,64,0.015384615384615385,24,3,1,3,7,Potential Loyal Customers
14320.0,477.79,2,238.895,206,332,0.006006006006006006,29,1,3,2,6,At Risk
14321.0,1530.75,5,306.15,10,333,0.014970059880239521,111,5,4,4,13,Champions
14323.0,605.0600000000001,2,302.53000000000003,114,238,0.008368200836820083,32,2,3,3,8,Potential Loyal Customers
14326.0,183.85,1,183.85,241,241,0.004132231404958678,8,1,1,1,3,Lost Customers
14327.0,311.65,1,311.65,162,162,0.006134969325153374,12,2,1,2,5,At Risk
14329.0,5014.84,7,716.4057142857143,16,328,0.02127659574468085,218,4,5,5,14,Champions
14331.0,462.65999999999997,2,231.32999999999998,123,134,0.014814814814814815,27,2,3,2,7,Potential Loyal Customers
14332.0,866.31,3,288.77,22,147,0.02027027027027027,22,4,3,3,10,Loyal Customers
14333.0,415.2,1,415.2,67,67,0.014705882352941176,15,3,1,2,6,At Risk
14334.0,2552.21,8,319.02625,16,357,0.0223463687150838,98,4,5,5,14,Champions
14335.0,468.26,2,234.13,15,95,0.020833333333333332,55,4,3,2,9,Potential Loyal Customers
14336.0,1614.91,4,403.7275,16,275,0.014492753623188406,77,4,4,4,12,Loyal Customers
14338.0,588.22,2,294.11,160,195,0.01020408163265306,30,2,3,3,8,Potential Loyal Customers
14339.0,309.52,1,309.52,242,242,0.00411522633744856,14,1,1,2,4,Lost Customers
14340.0,134.7,1,134.7,218,218,0.0045662100456621,6,1,1,1,3,Lost Customers
14341.0,2182.28,8,272.785,44,317,0.025157232704402517,109,3,5,5,13,Champions
14342.0,668.5600000000001,4,167.14000000000001,20,209,0.01904761904761905,18,4,4,3,11,Loyal Customers
14344.0,889.9300000000001,8,111.24125000000001,126,368,0.02168021680216802,56,2,5,3,10,Loyal Customers
14345.0,108.97999999999999,1,108.97999999999999,38,38,0.02564102564102564,6,3,1,1,5,At Risk
14346.0,1021.58,2,510.79,120,296,0.006734006734006734,55,2,3,4,9,Potential Loyal Customers
14348.0,409.57,1,409.57,259,259,0.0038461538461538464,18,1,1,2,4,Lost Customers
14349.0,133.5,1,133.5,9,9,0.1,31,5,1,1,7,Potential Loyal Customers
14350.0,282.93,1,282.93,273,273,0.0036496350364963502,18,1,1,2,4,Lost Customers
14351.0,51.0,1,51.0,164,164,0.006060606060606061,1,2,1,1,4,Lost Customers
14352.0,1078.96,4,269.74,156,272,0.014652014652014652,44,2,4,4,10,Loyal Customers
14353.0,90.6,1,90.6,214,214,0.004651162790697674,6,1,1,1,3,Lost Customers
14354.0,163.62,2,81.81,5,29,0.06666666666666667,9,5,3,1,9,Potential Loyal Customers
14355.0,174.4,1,174.4,365,365,0.00273224043715847,11,1,1,1,3,Lost Customers
14356.0,701.23,2,350.615,79,80,0.024691358024691357,33,2,3,3,8,Potential Loyal Customers
14357.0,225.77,1,225.77,42,42,0.023255813953488372,39,3,1,1,5,At Risk
14359.0,912.18,3,304.06,18,87,0.03409090909090909,44,4,3,3,10,Loyal Customers
14360.0,2128.23,4,532.0575,31,94,0.042105263157894736,104,4,4,5,13,Champions
14362.0,161.2,1,161.2,21,21,0.045454545454545456,37,4,1,1,6,At Risk
14364.0,3717.35,8,464.66875,108,210,0.037914691943127965,61,2,5,5,12,Loyal Customers
14367.0,9261.52,16,578.845,7,275,0.057971014492753624,270,5,5,5,15,Champions
14368.0,155.0,1,155.0,319,319,0.003125,8,1,1,1,3,Lost Customers
14371.0,100.5,1,100.5,294,294,0.003389830508474576,4,1,1,1,3,Lost Customers
14373.0,76.55,1,76.55,357,357,0.002793296089385475,4,1,1,1,3,Lost Customers
14375.0,257.68,1,257.68,184,184,0.005405405405405406,57,1,1,2,4,Lost Customers
14377.0,617.05,2,308.525,190,261,0.007633587786259542,11,1,3,3,7,Potential Loyal Customers
14379.0,348.1,2,174.05,43,294,0.006779661016949152,39,3,3,2,8,Potential Loyal Customers
14381.0,202.68,1,202.68,51,51,0.019230769230769232,56,3,1,1,5,At Risk
14382.0,626.0699999999999,1,626.0699999999999,25,25,0.038461538461538464,121,4,1,3,8,Potential Loyal Customers
14383.0,1247.69,3,415.8966666666667,37,163,0.018292682926829267,49,3,3,4,10,Loyal Customers
14385.0,202.11,3,67.37,8,23,0.125,13,5,3,1,9,Potential Loyal Customers
14386.0,142.4,1,142.4,296,296,0.003367003367003367,7,1,1,1,3,Lost Customers
14387.0,1770.56,3,590.1866666666666,32,108,0.027522935779816515,125,4,3,4,11,Loyal Customers
14388.0,3212.84,8,401.605,9,372,0.021447721179624665,124,5,5,5,15,Champions
14389.0,1043.46,2,521.73,64,190,0.010471204188481676,33,3,3,4,10,Loyal Customers
14390.0,4652.82,9,516.98,9,372,0.024128686327077747,135,5,5,5,15,Champions
14393.0,67.95,1,67.95,217,217,0.0045871559633027525,5,1,1,1,3,Lost Customers
14395.0,3507.71,9,389.74555555555554,1,371,0.024193548387096774,181,5,5,5,15,Champions
14396.0,487.99,2,243.995,64,370,0.005390835579514825,71,3,3,2,8,Potential Loyal Customers
14397.0,2612.96,19,137.52421052631578,2,213,0.08878504672897196,18,5,5,5,15,Champions
14400.0,574.7,1,574.7,148,148,0.006711409395973154,25,2,1,3,6,At Risk
14401.0,4051.48,13,311.6523076923077,3,359,0.03611111111111111,113,5,5,5,15,Champions
14403.0,1475.81,4,368.9525,129,246,0.016194331983805668,17,2,4,4,10,Loyal Customers
14404.0,1474.32,6,245.72,33,368,0.016260162601626018,70,3,5,4,12,Loyal Customers
14406.0,156.75,1,156.75,118,118,0.008403361344537815,8,2,1,1,4,Lost Customers
14407.0,2157.73,6,359.62166666666667,106,276,0.021660649819494584,67,2,5,5,12,Loyal Customers
14408.0,2606.53,7,372.3614285714286,10,263,0.026515151515151516,60,5,5,5,15,Champions
14409.0,2059.4500000000003,6,343.24166666666673,70,367,0.016304347826086956,40,3,5,5,13,Champions
14410.0,1105.07,9,122.78555555555555,91,305,0.029411764705882353,153,2,5,4,11,Loyal Customers
14411.0,1063.0,1,1063.0,310,310,0.003215434083601286,14,1,1,4,6,At Risk
14412.0,770.03,2,385.015,42,72,0.0273972602739726,43,3,3,3,9,Potential Loyal Customers
14413.0,122.7,1,122.7,361,361,0.0027624309392265192,22,1,1,1,3,Lost Customers
14414.0,1496.98,7,213.8542857142857,91,358,0.019498607242339833,79,2,5,4,11,Loyal Customers
14415.0,5900.28,13,453.86769230769227,0,359,0.03611111111111111,283,5,5,5,15,Champions
14416.0,490.22,2,245.11,21,41,0.047619047619047616,13,4,3,3,10,Loyal Customers
14418.0,1937.25,3,645.75,3,107,0.027777777777777776,114,5,3,4,12,Loyal Customers
14419.0,1058.06,6,176.34333333333333,10,364,0.01643835616438356,112,5,5,4,14,Champions
14420.0,387.52,1,387.52,98,98,0.010101010101010102,29,2,1,2,5,At Risk
14421.0,813.11,2,406.555,56,211,0.009433962264150943,25,3,3,3,9,Potential Loyal Customers
14422.0,4263.64,6,710.6066666666667,0,266,0.02247191011235955,189,5,5,5,15,Champions
14423.0,265.2,1,265.2,217,217,0.0045871559633027525,3,1,1,2,4,Lost Customers
14424.0,322.08,1,322.08,17,17,0.05555555555555555,1,4,1,2,7,Potential Loyal Customers
14426.0,4481.67,10,448.16700000000003,23,312,0.03194888178913738,183,4,5,5,14,Champions
14427.0,363.34000000000003,2,181.67000000000002,49,63,0.03125,16,3,3,2,8,Potential Loyal Customers
14428.0,1244.83,5,248.96599999999998,6,324,0.015384615384615385,108,5,4,4,13,Champions
14431.0,470.36,1,470.36,302,302,0.0033003300330033004,17,1,1,2,4,Lost Customers
14432.0,2255.51,6,375.91833333333335,9,88,0.06741573033707865,256,5,5,5,15,Champions
14434.0,1372.8,6,228.79999999999998,21,71,0.08333333333333333,3,4,5,4,13,Champions
14436.0,89.06,1,89.06,98,98,0.010101010101010102,9,2,1,1,4,Lost Customers
14437.0,63.0,1,63.0,365,365,0.00273224043715847,5,1,1,1,3,Lost Customers
14438.0,131.9,1,131.9,305,305,0.0032679738562091504,9,1,1,1,3,Lost Customers
14439.0,2661.24,1,2661.24,319,319,0.003125,32,1,1,5,7,Potential Loyal Customers
14440.0,2357.6800000000003,5,471.53600000000006,7,365,0.01366120218579235,33,5,4,5,14,Champions
14441.0,1712.89,4,428.2225,0,255,0.015625,43,5,4,4,13,Champions
14442.0,1589.82,2,794.91,204,316,0.006309148264984227,58,1,3,4,8,Potential Loyal Customers
14443.0,1420.2,4,355.05,53,368,0.01084010840108401,84,3,4,4,11,Loyal Customers
14446.0,1039.58,4,259.895,0,246,0.016194331983805668,233,5,4,4,13,Champions
14447.0,1163.23,5,232.64600000000002,18,280,0.017793594306049824,54,4,4,4,12,Loyal Customers
14448.0,375.35,2,187.675,8,363,0.005494505494505495,20,5,3,2,10,Loyal Customers
14449.0,907.1,4,226.775,18,371,0.010752688172043012,201,4,4,3,11,Loyal Customers
14450.0,483.25,3,161.08333333333334,180,320,0.009345794392523364,32,1,3,2,6,At Risk
14451.0,662.59,2,331.295,59,194,0.010256410256410256,86,3,3,3,9,Potential Loyal Customers
14452.0,264.44,2,132.22,10,93,0.02127659574468085,55,5,3,2,10,Loyal Customers
14453.0,119.93,1,119.93,189,189,0.005263157894736842,22,1,1,1,3,Lost Customers
14456.0,3062.4,9,340.26666666666665,4,141,0.06338028169014084,580,5,5,5,15,Champions
14457.0,113.64,1,113.64,310,310,0.003215434083601286,4,1,1,1,3,Lost Customers
14459.0,1837.92,1,1837.92,154,154,0.0064516129032258064,37,2,1,4,7,Potential Loyal Customers
14460.0,434.34,3,144.78,109,310,0.00964630225080386,14,2,3,2,7,Potential Loyal Customers
14461.0,2103.06,3,701.02,147,261,0.011450381679389313,173,2,3,5,10,Loyal Customers
14462.0,2004.02,11,182.18363636363637,65,339,0.03235294117647059,150,3,5,4,12,Loyal Customers
14463.0,529.62,3,176.54,97,204,0.014634146341463415,6,2,3,3,8,Potential Loyal Customers
14465.0,1058.6200000000001,3,352.8733333333334,246,302,0.009900990099009901,107,1,3,4,8,Potential Loyal Customers
14466.0,2272.4,7,324.62857142857143,28,371,0.01881720430107527,35,4,5,5,14,Champions
14467.0,598.76,4,149.69,17,312,0.012779552715654952,67,4,4,3,11,Loyal Customers
14470.0,461.19,2,230.595,11,287,0.006944444444444444,43,5,3,2,10,Loyal Customers
14472.0,1936.84,8,242.105,103,354,0.022535211267605635,153,2,5,4,11,Loyal Customers
14473.0,234.34000000000003,2,117.17000000000002,73,281,0.0070921985815602835,7,2,3,1,6,At Risk
14474.0,547.66,1,547.66,45,45,0.021739130434782608,29,3,1,3,7,Potential Loyal Customers
14475.0,925.85,3,308.6166666666667,71,304,0.009836065573770493,35,3,3,3,9,Potential Loyal Customers
14476.0,215.7,1,215.7,256,256,0.0038910505836575876,17,1,1,1,3,Lost Customers
14477.0,1309.6,4,327.4,19,296,0.013468013468013467,7,4,4,4,12,Loyal Customers
14479.0,316.25,2,158.125,253,364,0.005479452054794521,18,1,3,2,6,At Risk
14480.0,279.05,1,279.05,10,10,0.09090909090909091,13,5,1,2,8,Potential Loyal Customers
14481.0,636.51,2,318.255,164,286,0.006968641114982578,25,2,3,3,8,Potential Loyal Customers
14482.0,2068.15,6,344.69166666666666,17,238,0.02510460251046025,110,4,5,5,14,Champions
14483.0,137.1,1,137.1,281,281,0.0035460992907801418,9,1,1,1,3,Lost Customers
14484.0,321.92,1,321.92,49,49,0.02,14,3,1,2,6,At Risk
14485.0,165.75,1,165.75,38,38,0.02564102564102564,44,3,1,1,5,At Risk
14487.0,1196.33,6,199.38833333333332,26,367,0.016304347826086956,112,4,5,4,13,Champions
14488.0,1064.28,1,1064.28,67,67,0.014705882352941176,46,3,1,4,8,Potential Loyal Customers
14489.0,463.38,1,463.38,206,206,0.004830917874396135,30,1,1,2,4,Lost Customers
14491.0,340.93,2,170.465,174,372,0.005361930294906166,17,2,3,2,7,Potential Loyal Customers
14493.0,2383.2400000000002,5,476.648,6,154,0.03225806451612903,95,5,4,5,14,Champions
14494.0,139.56,1,139.56,25,25,0.038461538461538464,7,4,1,1,6,At Risk
14495.0,123.8,2,61.9,50,120,0.01652892561983471,6,3,3,1,7,Potential Loyal Customers
14496.0,538.8100000000001,2,269.40500000000003,311,372,0.005361930294906166,16,1,3,3,7,Potential Loyal Customers
14497.0,475.37,1,475.37,308,308,0.003236245954692557,29,1,1,2,4,Lost Customers
14498.0,1957.32,5,391.464,42,361,0.013812154696132596,162,3,4,4,11,Loyal Customers
14499.0,815.32,3,271.77333333333337,25,278,0.010752688172043012,146,4,3,3,10,Loyal Customers
14500.0,356.85,3,118.95,87,189,0.015789473684210527,6,2,3,2,7,Potential Loyal Customers
14501.0,251.21,2,125.605,183,319,0.00625,9,1,3,2,6,At Risk
14502.0,2470.67,11,224.60636363636365,19,312,0.03514376996805112,368,4,5,5,14,Champions
14503.0,3543.26,6,590.5433333333334,2,178,0.0335195530726257,113,5,5,5,15,Champions
14504.0,673.26,4,168.315,46,277,0.014388489208633094,85,3,4,3,10,Loyal Customers
14505.0,5905.64,8,738.205,16,361,0.022099447513812154,540,4,5,5,14,Champions
14506.0,2012.17,5,402.434,16,368,0.013550135501355014,204,4,4,4,12,Loyal Customers
14507.0,1383.18,6,230.53,23,275,0.021739130434782608,79,4,5,4,13,Champions
14508.0,276.42,2,138.21,21,89,0.022222222222222223,52,4,3,2,9,Potential Loyal Customers
14511.0,1314.81,5,262.962,10,133,0.03731343283582089,53,5,4,4,13,Champions
14512.0,275.28,2,137.64,187,231,0.008620689655172414,19,1,3,2,6,At Risk
14513.0,455.59000000000003,3,151.86333333333334,100,288,0.010380622837370242,11,2,3,2,7,Potential Loyal Customers
14514.0,1055.35,3,351.7833333333333,60,330,0.00906344410876133,65,3,3,4,10,Loyal Customers
14515.0,2102.09,6,350.34833333333336,17,218,0.0273972602739726,68,4,5,5,14,Champions
14517.0,330.45,2,165.225,32,141,0.014084507042253521,17,4,3,2,9,Potential Loyal Customers
14518.0,174.37,1,174.37,63,63,0.015625,16,3,1,1,5,At Risk
14520.0,270.6,2,135.3,1,290,0.006872852233676976,3,5,3,2,10,Loyal Customers
14522.0,974.54,4,243.635,23,197,0.020202020202020204,15,4,4,4,12,Loyal Customers
14523.0,241.09,1,241.09,107,107,0.009259259259259259,12,2,1,1,4,Lost Customers
14524.0,1867.68,9,207.52,31,360,0.024930747922437674,161,4,5,4,13,Champions
14525.0,4332.2,9,481.35555555555555,19,360,0.024930747922437674,217,4,5,5,14,Champions
14527.0,8508.82,55,154.7058181818182,2,368,0.14905149051490515,330,5,5,5,15,Champions
14528.0,364.21999999999997,1,364.21999999999997,36,36,0.02702702702702703,18,3,1,2,6,At Risk
14529.0,620.04,3,206.67999999999998,59,109,0.02727272727272727,177,3,3,3,9,Potential Loyal Customers
14530.0,2925.91,6,487.65166666666664,25,296,0.020202020202020204,140,4,5,5,14,Champions
14532.0,932.85,4,233.2125,235,351,0.011363636363636364,45,1,4,3,8,Potential Loyal Customers
14533.0,1949.72,7,278.5314285714286,24,352,0.019830028328611898,53,4,5,4,13,Champions
14534.0,4447.05,18,247.05833333333334,2,318,0.05642633228840126,331,5,5,5,15,Champions
14535.0,2864.19,3,954.73,59,248,0.012048192771084338,280,3,3,5,11,Loyal Customers
14536.0,171.8,1,171.8,259,259,0.0038461538461538464,18,1,1,1,3,Lost Customers
14537.0,355.56,1,355.56,57,57,0.017241379310344827,10,3,1,2,6,At Risk
14538.0,388.25,2,194.125,64,255,0.0078125,19,3,3,2,8,Potential Loyal Customers
14539.0,537.48,2,268.74,15,44,0.044444444444444446,31,4,3,3,10,Loyal Customers
14540.0,996.26,3,332.08666666666664,9,308,0.009708737864077669,64,5,3,4,12,Loyal Customers
14541.0,1461.65,8,182.70625,58,318,0.025078369905956112,71,3,5,4,12,Loyal Customers
14542.0,103.25,1,103.25,185,185,0.005376344086021506,5,1,1,1,3,Lost Customers
14543.0,3630.33,16,226.895625,28,364,0.043835616438356165,43,4,5,5,14,Champions
14544.0,2024.45,2,1012.225,23,361,0.0055248618784530384,97,4,3,4,11,Loyal Customers
14546.0,2578.09,5,515.618,4,248,0.020080321285140562,250,5,4,5,14,Champions
14547.0,4007.54,8,500.9425,3,53,0.14814814814814814,198,5,5,5,15,Champions
14548.0,652.8,2,326.4,150,317,0.006289308176100629,2,2,3,3,8,Potential Loyal Customers
14549.0,289.24,1,289.24,310,310,0.003215434083601286,56,1,1,2,4,Lost Customers
14550.0,765.62,2,382.81,10,44,0.044444444444444446,38,5,3,3,11,Loyal Customers
14551.0,186.23,2,93.115,17,203,0.00980392156862745,9,4,3,1,8,Potential Loyal Customers
14552.0,165.07,1,165.07,151,151,0.006578947368421052,57,2,1,1,4,Lost Customers
14553.0,859.27,5,171.85399999999998,18,338,0.014749262536873156,103,4,4,3,11,Loyal Customers
14554.0,2381.04,4,595.26,9,51,0.07692307692307693,147,5,4,5,14,Champions
14555.0,324.14,2,162.07,56,301,0.006622516556291391,18,3,3,2,8,Potential Loyal Customers
14557.0,788.38,1,788.38,84,84,0.011764705882352941,16,2,1,3,6,At Risk
14560.0,2237.77,22,101.71681818181818,6,357,0.061452513966480445,39,5,5,5,15,Champions
14561.0,1080.76,3,360.25333333333333,75,183,0.016304347826086956,67,2,3,4,9,Potential Loyal Customers
14562.0,5074.77,18,281.9316666666667,3,303,0.05921052631578947,187,5,5,5,15,Champions
14565.0,3099.12,4,774.78,95,360,0.0110803324099723,111,2,4,5,11,Loyal Customers
14566.0,1432.0,1,1432.0,110,110,0.009009009009009009,4,2,1,4,7,Potential Loyal Customers
14567.0,1530.3600000000001,2,765.1800000000001,56,129,0.015384615384615385,33,3,3,4,10,Loyal Customers
14569.0,227.39,1,227.39,0,0,1.0,10,5,1,1,7,Potential Loyal Customers
14570.0,218.06,2,109.03,280,280,0.0071174377224199285,29,1,3,1,5,At Risk
14572.0,2832.84,7,404.6914285714286,2,323,0.021604938271604937,190,5,5,5,15,Champions
14573.0,1653.42,9,183.71333333333334,179,371,0.024193548387096774,127,1,5,4,10,Loyal Customers
14576.0,35.400000000000006,1,35.400000000000006,371,371,0.002688172043010753,1,1,1,1,3,Lost Customers
14577.0,859.71,4,214.9275,12,362,0.011019283746556474,86,5,4,3,12,Loyal Customers
14578.0,168.63,1,168.63,2,2,0.3333333333333333,24,5,1,1,7,Potential Loyal Customers
14581.0,138.6,1,138.6,16,16,0.058823529411764705,16,4,1,1,6,At Risk
14582.0,114.11,1,114.11,40,40,0.024390243902439025,6,3,1,1,5,At Risk
14583.0,1052.55,5,210.51,5,205,0.024271844660194174,243,5,4,4,13,Champions
14584.0,1042.26,4,260.565,168,197,0.020202020202020204,68,2,4,4,10,Loyal Customers
14585.0,157.05,1,157.05,49,49,0.02,29,3,1,1,5,At Risk
14586.0,237.36,1,237.36,276,276,0.0036101083032490976,19,1,1,1,3,Lost Customers
14587.0,1601.14,9,177.90444444444447,18,330,0.027190332326283987,170,4,5,4,13,Champions
14589.0,39.75,1,39.75,371,371,0.002688172043010753,3,1,1,1,3,Lost Customers
14591.0,1447.14,4,361.785,14,212,0.018779342723004695,138,4,4,4,12,Loyal Customers
14592.0,570.46,3,190.15333333333334,34,63,0.046875,132,3,3,3,9,Potential Loyal Customers
14593.0,617.99,3,205.99666666666667,21,198,0.01507537688442211,127,4,3,3,10,Loyal Customers
14594.0,379.83,2,189.915,6,372,0.005361930294906166,48,5,3,2,10,Loyal Customers
14595.0,1740.6,6,290.09999999999997,19,312,0.019169329073482427,94,4,5,4,13,Champions
14597.0,883.15,2,441.575,10,191,0.010416666666666666,45,5,3,3,11,Loyal Customers
14598.0,221.97,1,221.97,43,43,0.022727272727272728,49,3,1,1,5,At Risk
14600.0,393.33000000000004,1,393.33000000000004,305,305,0.0032679738562091504,25,1,1,2,4,Lost Customers
14601.0,213.96,1,213.96,10,10,0.09090909090909091,7,5,1,1,7,Potential Loyal Customers
14603.0,660.0,1,660.0,274,274,0.0036363636363636364,2,1,1,3,5,At Risk
14606.0,12156.65,93,130.71666666666667,0,372,0.24932975871313673,819,5,5,5,15,Champions
14607.0,16569.5,14,1183.5357142857142,15,260,0.05363984674329502,38,4,5,5,14,Champions
14608.0,1785.15,4,446.2875,3,361,0.011049723756906077,8,5,4,4,13,Champions
14609.0,601.56,4,150.39,71,296,0.013468013468013467,2,3,4,3,10,Loyal Customers
14616.0,406.08000000000004,3,135.36,242,317,0.009433962264150943,2,1,3,2,6,At Risk
14618.0,553.44,3,184.48000000000002,8,337,0.008875739644970414,10,5,3,3,11,Loyal Customers
14619.0,394.44,1,394.44,245,245,0.0040650406504065045,20,1,1,2,4,Lost Customers
14620.0,412.78000000000003,2,206.39000000000001,205,283,0.007042253521126761,26,1,3,2,6,At Risk
14621.0,1788.3600000000001,5,357.672,0,357,0.013966480446927373,80,5,4,4,13,Champions
14622.0,320.58000000000004,1,320.58000000000004,184,184,0.005405405405405406,21,1,1,2,4,Lost Customers
14623.0,889.25,5,177.85,31,234,0.02127659574468085,108,4,4,3,11,Loyal Customers
14624.0,225.85,2,112.925,56,58,0.03389830508474576,13,3,3,1,7,Potential Loyal Customers
14625.0,899.63,2,449.815,195,360,0.00554016620498615,51,1,3,3,7,Potential Loyal Customers
14626.0,2791.27,4,697.8175,23,232,0.017167381974248927,108,4,4,5,13,Champions
14628.0,671.96,2,335.98,90,241,0.008264462809917356,22,2,3,3,8,Potential Loyal Customers
14629.0,959.01,2,479.505,3,46,0.0425531914893617,133,5,3,4,12,Loyal Customers
14631.0,1006.98,3,335.66,50,298,0.010033444816053512,38,3,3,4,10,Loyal Customers
14632.0,114.56,1,114.56,262,262,0.0038022813688212928,8,1,1,1,3,Lost Customers
14633.0,344.90000000000003,1,344.90000000000003,265,265,0.0037593984962406013,20,1,1,2,4,Lost Customers
14636.0,609.85,2,304.925,35,268,0.007434944237918215,27,3,3,3,9,Potential Loyal Customers
14638.0,443.6,1,443.6,50,50,0.0196078431372549,16,3,1,2,6,At Risk
14639.0,2984.49,6,497.41499999999996,51,360,0.01662049861495845,138,3,5,5,13,Champions
14640.0,2125.08,6,354.18,23,227,0.02631578947368421,87,4,5,5,14,Champions
14641.0,110.46,1,110.46,21,21,0.045454545454545456,7,4,1,1,6,At Risk
14642.0,96.12,1,96.12,58,58,0.01694915254237288,2,3,1,1,5,At Risk
14643.0,693.8100000000001,2,346.90500000000003,169,357,0.00558659217877095,30,2,3,3,8,Potential Loyal Customers
14644.0,830.76,2,415.38,67,297,0.006711409395973154,26,3,3,3,9,Potential Loyal Customers
14645.0,597.09,2,298.545,156,275,0.007246376811594203,28,2,3,3,8,Potential Loyal Customers
14646.0,280206.02,73,3838.4386301369864,1,354,0.2056338028169014,700,5,5,5,15,Champions
14647.0,243.22,1,243.22,200,200,0.004975124378109453,24,1,1,1,3,Lost Customers
14649.0,1417.29,4,354.3225,4,211,0.018867924528301886,148,5,4,4,13,Champions
14651.0,654.6,2,327.3,66,210,0.009478672985781991,95,3,3,3,9,Potential Loyal Customers
14652.0,114.18,1,114.18,76,76,0.012987012987012988,29,2,1,1,4,Lost Customers
14653.0,1947.55,7,278.2214285714286,0,337,0.020710059171597635,154,5,5,4,14,Champions
14655.0,1932.23,4,483.0575,7,221,0.018018018018018018,35,5,4,4,13,Champions
14656.0,291.05,2,145.525,168,282,0.007067137809187279,73,2,3,2,7,Potential Loyal Customers
14657.0,848.22,4,212.055,17,325,0.012269938650306749,103,4,4,3,11,Loyal Customers
14658.0,247.15,2,123.575,4,116,0.017094017094017096,27,5,3,1,9,Potential Loyal Customers
14659.0,2529.93,9,281.1033333333333,8,315,0.028481012658227847,147,5,5,5,15,Champions
14660.0,285.74,2,142.87,86,100,0.019801980198019802,24,2,3,2,7,Potential Loyal Customers
14661.0,107.95,1,107.95,26,26,0.037037037037037035,4,4,1,1,6,At Risk
14662.0,771.17,4,192.7925,28,315,0.012658227848101266,143,4,4,3,11,Loyal Customers
14664.0,637.89,2,318.945,19,32,0.06060606060606061,78,4,3,3,10,Loyal Customers
14665.0,1835.7,5,367.14,60,310,0.01607717041800643,63,3,4,4,11,Loyal Customers
14666.0,195.25,1,195.25,23,23,0.041666666666666664,14,4,1,1,6,At Risk
14667.0,9241.2,25,369.648,10,367,0.06793478260869565,354,5,5,5,15,Champions
14669.0,1269.99,3,423.33,241,332,0.009009009009009009,158,1,3,4,8,Potential Loyal Customers
14670.0,411.53,2,205.765,279,279,0.007142857142857143,107,1,3,2,6,At Risk
14672.0,765.55,2,382.775,234,335,0.005952380952380952,58,1,3,3,7,Potential Loyal Customers
14673.0,1736.4,5,347.28000000000003,2,367,0.01358695652173913,39,5,4,4,13,Champions
14675.0,604.75,1,604.75,15,15,0.0625,93,4,1,3,8,Potential Loyal Customers
14676.0,2548.2400000000002,6,424.7066666666667,30,282,0.02120141342756184,29,4,5,5,14,Champions
14680.0,28754.11,16,1797.131875,24,371,0.043010752688172046,73,4,5,5,14,Champions
14681.0,498.95,3,166.31666666666666,70,211,0.014150943396226415,6,3,3,3,9,Potential Loyal Customers
14682.0,52.0,2,26.0,187,200,0.009950248756218905,1,1,3,1,5,At Risk
14684.0,1236.28,5,247.256,25,362,0.013774104683195593,231,4,4,4,12,Loyal Customers
14687.0,628.38,1,628.38,106,106,0.009345794392523364,15,2,1,3,6,At Risk
14688.0,5630.87,21,268.13666666666666,7,373,0.05614973262032086,148,5,5,5,15,Champions
14689.0,112.8,1,112.8,208,208,0.004784688995215311,13,1,1,1,3,Lost Customers
14690.0,371.7,2,185.85,43,151,0.013157894736842105,40,3,3,2,8,Potential Loyal Customers
14691.0,2114.33,5,422.866,30,212,0.023474178403755867,50,4,4,5,13,Champions
14692.0,591.55,4,147.8875,136,321,0.012422360248447204,53,2,4,3,9,Potential Loyal Customers
14693.0,172.9,1,172.9,264,264,0.0037735849056603774,8,1,1,1,3,Lost Customers
14696.0,2078.95,7,296.99285714285713,3,372,0.01876675603217158,117,5,5,5,15,Champions
14697.0,188.60999999999999,2,94.30499999999999,217,217,0.009174311926605505,22,1,3,1,5,At Risk
14698.0,1250.76,5,250.152,1,50,0.09803921568627451,148,5,4,4,13,Champions
14699.0,109.13000000000001,1,109.13000000000001,213,213,0.004672897196261682,8,1,1,1,3,Lost Customers
14700.0,2235.3,3,745.1,31,237,0.012605042016806723,80,4,3,5,12,Loyal Customers
14701.0,2549.37,9,283.2633333333333,10,316,0.028391167192429023,268,5,5,5,15,Champions
14702.0,3292.14,17,193.65529411764706,0,364,0.04657534246575343,196,5,5,5,15,Champions
14703.0,318.17,1,318.17,14,14,0.06666666666666667,22,4,1,2,7,Potential Loyal Customers
14704.0,1546.91,9,171.8788888888889,10,179,0.05,288,5,5,4,14,Champions
14705.0,179.0,1,179.0,198,198,0.005025125628140704,1,1,1,1,3,Lost Customers
14708.0,1126.37,3,375.45666666666665,2,368,0.008130081300813009,25,5,3,4,12,Loyal Customers
14709.0,4921.04,13,378.54153846153844,14,357,0.036312849162011177,71,4,5,5,14,Champions
14710.0,606.13,4,151.5325,13,58,0.06779661016949153,124,4,4,3,11,Loyal Customers
14711.0,2868.8,11,260.8,9,261,0.04198473282442748,221,5,5,5,15,Champions
14712.0,917.07,3,305.69,28,111,0.026785714285714284,21,4,3,3,10,Loyal Customers
14713.0,2666.36,11,242.39636363636365,8,364,0.030136986301369864,146,5,5,5,15,Champions
14714.0,160.19,1,160.19,23,23,0.041666666666666664,10,4,1,1,6,At Risk
14715.0,867.38,4,216.845,24,330,0.012084592145015106,60,4,4,3,11,Loyal Customers
14716.0,329.68,2,164.84,42,148,0.013422818791946308,46,3,3,2,8,Potential Loyal Customers
14719.0,1602.13,5,320.42600000000004,1,248,0.020080321285140562,177,5,4,4,13,Champions
14720.0,663.81,3,221.26999999999998,5,126,0.023622047244094488,34,5,3,3,11,Loyal Customers
14722.0,187.92000000000002,1,187.92000000000002,146,146,0.006802721088435374,28,2,1,1,4,Lost Customers
14723.0,1158.3,6,193.04999999999998,9,370,0.016172506738544475,193,5,5,4,14,Champions
14725.0,718.08,1,718.08,24,24,0.04,45,4,1,3,8,Potential Loyal Customers
14727.0,268.58,1,268.58,273,273,0.0036496350364963502,10,1,1,2,4,Lost Customers
14729.0,313.49,1,313.49,373,373,0.00267379679144385,69,1,1,2,4,Lost Customers
14730.0,2005.06,8,250.6325,0,276,0.02888086642599278,317,5,5,4,14,Champions
14731.0,380.02,3,126.67333333333333,46,211,0.014150943396226415,38,3,3,2,8,Potential Loyal Customers
14732.0,2702.4900000000002,8,337.81125000000003,7,338,0.02359882005899705,105,5,5,5,15,Champions
14733.0,9585.91,12,798.8258333333333,15,367,0.03260869565217391,102,4,5,5,14,Champions
14735.0,6065.69,32,189.5528125,3,357,0.0893854748603352,99,5,5,5,15,Champions
14737.0,1164.55,3,388.18333333333334,3,352,0.0084985835694051,15,5,3,4,12,Loyal Customers
14738.0,1314.45,7,187.77857142857144,42,315,0.022151898734177215,39,3,5,4,12,Loyal Customers
14739.0,3902.28,7,557.4685714285714,3,366,0.01907356948228883,47,5,5,5,15,Champions
14740.0,1448.21,3,482.7366666666667,196,283,0.01056338028169014,85,1,3,4,8,Potential Loyal Customers
14741.0,1400.34,6,233.39,11,372,0.0160857908847185,35,5,5,4,14,Champions
14744.0,1099.98,7,157.14000000000001,15,366,0.01907356948228883,21,4,5,4,13,Champions
14745.0,1220.26,5,244.052,112,284,0.017543859649122806,46,2,4,4,10,Loyal Customers
14747.0,328.2,1,328.2,248,248,0.004016064257028112,18,1,1,2,4,Lost Customers
14748.0,1415.75,5,283.15,28,368,0.013550135501355014,87,4,4,4,12,Loyal Customers
14752.0,389.64,1,389.64,43,43,0.022727272727272728,5,3,1,2,6,At Risk
14753.0,563.15,1,563.15,86,86,0.011494252873563218,30,2,1,3,6,At Risk
14754.0,638.05,2,319.025,44,295,0.006756756756756757,38,3,3,3,9,Potential Loyal Customers
14755.0,5010.28,11,455.47999999999996,9,333,0.03293413173652695,128,5,5,5,15,Champions
14756.0,738.96,1,738.96,14,14,0.06666666666666667,38,4,1,3,8,Potential Loyal Customers
14757.0,420.5,1,420.5,74,74,0.013333333333333334,19,2,1,2,5,At Risk
14758.0,1484.06,4,371.015,144,259,0.015384615384615385,54,2,4,4,10,Loyal Customers
14759.0,1625.97,3,541.99,4,232,0.012875536480686695,92,5,3,4,12,Loyal Customers
14760.0,89.2,1,89.2,296,296,0.003367003367003367,5,1,1,1,3,Lost Customers
14761.0,255.9,2,127.95,58,334,0.005970149253731343,11,3,3,2,8,Potential Loyal Customers
14762.0,300.52,1,300.52,263,263,0.003787878787878788,21,1,1,2,4,Lost Customers
14764.0,278.3,1,278.3,46,46,0.02127659574468085,6,3,1,2,6,At Risk
14765.0,254.11,3,84.70333333333333,28,175,0.017045454545454544,38,4,3,2,9,Potential Loyal Customers
14766.0,2473.37,6,412.2283333333333,7,365,0.01639344262295082,111,5,5,5,15,Champions
14768.0,192.60000000000002,2,96.30000000000001,16,126,0.015748031496062992,4,4,3,1,8,Potential Loyal Customers
14769.0,10674.75,8,1334.34375,2,357,0.0223463687150838,718,5,5,5,15,Champions
14770.0,876.42,2,438.21,231,322,0.006191950464396285,49,1,3,3,7,Potential Loyal Customers
14772.0,139.26,1,139.26,111,111,0.008928571428571428,9,2,1,1,4,Lost Customers
14775.0,1011.9,3,337.3,57,371,0.008064516129032258,57,3,3,4,10,Loyal Customers
14776.0,2538.3,11,230.75454545454548,50,311,0.035256410256410256,44,3,5,5,13,Champions
14778.0,730.86,2,365.43,126,308,0.006472491909385114,34,2,3,3,8,Potential Loyal Customers
14779.0,386.15,3,128.71666666666667,280,323,0.009259259259259259,40,1,3,2,6,At Risk
14780.0,447.68,2,223.84,54,78,0.02531645569620253,26,3,3,2,8,Potential Loyal Customers
14782.0,200.10000000000002,1,200.10000000000002,319,319,0.003125,6,1,1,1,3,Lost Customers
14784.0,289.99,2,144.995,25,323,0.006172839506172839,15,4,3,2,9,Potential Loyal Customers
14785.0,77.4,2,38.7,9,14,0.13333333333333333,2,5,3,1,9,Potential Loyal Customers
14788.0,679.4399999999999,2,339.71999999999997,6,25,0.07692307692307693,26,5,3,3,11,Loyal Customers
14789.0,197.64,1,197.64,28,28,0.034482758620689655,6,4,1,1,6,At Risk
14790.0,745.06,4,186.265,16,253,0.015748031496062992,30,4,4,3,11,Loyal Customers
14792.0,6.2,1,6.2,63,63,0.015625,2,3,1,1,5,At Risk
14793.0,228.99,1,228.99,20,20,0.047619047619047616,14,4,1,1,6,At Risk
14794.0,1319.91,7,188.55857142857144,2,333,0.020958083832335328,68,5,5,4,14,Champions
14795.0,131.45000000000002,1,131.45000000000002,165,165,0.006024096385542169,6,2,1,1,4,Lost Customers
14796.0,8022.49,17,471.9111764705882,0,366,0.04632152588555858,403,5,5,5,15,Champions
14798.0,173.74,3,57.913333333333334,52,309,0.00967741935483871,11,3,3,1,7,Potential Loyal Customers
14799.0,157.7,1,157.7,50,50,0.0196078431372549,13,3,1,1,5,At Risk
14800.0,4339.74,12,361.645,47,369,0.032432432432432434,246,3,5,5,13,Champions
14801.0,193.14,1,193.14,60,60,0.01639344262295082,56,3,1,1,5,At Risk
14803.0,845.55,3,281.84999999999997,161,291,0.010273972602739725,35,2,3,3,8,Potential Loyal Customers
14804.0,353.27,1,353.27,8,8,0.1111111111111111,12,5,1,2,8,Potential Loyal Customers
14805.0,554.65,4,138.6625,14,313,0.012738853503184714,30,4,4,3,11,Loyal Customers
14806.0,193.39000000000001,1,193.39000000000001,74,74,0.013333333333333334,11,2,1,1,4,Lost Customers
14808.0,2741.17,8,342.64625,39,171,0.046511627906976744,176,3,5,5,13,Champions
14810.0,2087.88,11,189.80727272727273,40,369,0.02972972972972973,106,3,5,5,13,Champions
14813.0,155.43,2,77.715,369,369,0.005405405405405406,25,1,3,1,5,At Risk
14815.0,778.5,2,389.25,36,67,0.029411764705882353,53,3,3,3,9,Potential Loyal Customers
14816.0,271.85,1,271.85,196,196,0.005076142131979695,4,1,1,2,4,Lost Customers
14817.0,1110.34,2,555.17,199,276,0.007220216606498195,52,1,3,4,8,Potential Loyal Customers
14818.0,657.8,3,219.26666666666665,73,253,0.011811023622047244,41,2,3,3,8,Potential Loyal Customers
14819.0,272.07,2,136.035,63,191,0.010416666666666666,13,3,3,2,8,Potential Loyal Customers
14820.0,507.29,4,126.8225,20,172,0.023121387283236993,24,4,4,3,11,Loyal Customers
14821.0,48.800000000000004,1,48.800000000000004,366,366,0.0027247956403269754,2,1,1,1,3,Lost Customers
14823.0,321.43,3,107.14333333333333,179,194,0.015384615384615385,56,1,3,2,6,At Risk
14824.0,1127.71,4,281.9275,9,90,0.04395604395604396,19,5,4,4,13,Champions
14825.0,2226.91,12,185.57583333333332,3,368,0.032520325203252036,82,5,5,5,15,Champions
14828.0,2139.76,3,713.2533333333334,196,336,0.008902077151335312,17,1,3,5,9,Potential Loyal Customers
14829.0,697.55,4,174.3875,28,371,0.010752688172043012,39,4,4,3,11,Loyal Customers
14830.0,197.13,1,197.13,52,52,0.018867924528301886,39,3,1,1,5,At Risk
14834.0,1720.3,6,286.71666666666664,17,239,0.025,43,4,5,4,13,Champions
14836.0,102.44999999999999,3,34.15,9,29,0.1,5,5,3,1,9,Potential Loyal Customers
14837.0,1649.5,4,412.375,89,201,0.019801980198019802,96,2,4,4,10,Loyal Customers
14840.0,62.85,1,62.85,267,267,0.0037313432835820895,4,1,1,1,3,Lost Customers
14841.0,3295.76,6,549.2933333333334,52,358,0.016713091922005572,103,3,5,5,13,Champions
14842.0,2824.69,4,706.1725,43,307,0.012987012987012988,128,3,4,5,12,Loyal Customers
14844.0,3189.81,4,797.4525,63,240,0.016597510373443983,87,3,4,5,12,Loyal Customers
14847.0,309.4,1,309.4,148,148,0.006711409395973154,13,2,1,2,5,At Risk
14849.0,7930.54,25,317.2216,21,373,0.06684491978609626,159,4,5,5,14,Champions
14850.0,325.75,1,325.75,311,311,0.003205128205128205,21,1,1,2,4,Lost Customers
14851.0,511.35,2,255.675,22,255,0.0078125,28,4,3,3,10,Loyal Customers
14852.0,2836.69,6,472.7816666666667,57,251,0.023809523809523808,96,3,5,5,13,Champions
14853.0,475.8,2,237.9,23,210,0.009478672985781991,8,4,3,2,9,Potential Loyal Customers
14854.0,2759.83,7,394.26142857142855,77,274,0.025454545454545455,110,2,5,5,12,Loyal Customers
14855.0,645.65,2,322.825,118,134,0.014814814814814815,13,2,3,3,8,Potential Loyal Customers
14856.0,1311.3799999999999,3,437.1266666666666,35,56,0.05263157894736842,65,3,3,4,10,Loyal Customers
14857.0,1173.12,2,586.56,59,147,0.013513513513513514,58,3,3,4,10,Loyal Customers
14859.0,1353.74,4,338.435,12,203,0.0196078431372549,47,5,4,4,13,Champions
14860.0,170.32,1,170.32,18,18,0.05263157894736842,11,4,1,1,6,At Risk
14861.0,125.79,1,125.79,51,51,0.019230769230769232,6,3,1,1,5,At Risk
14862.0,841.1999999999999,2,420.59999999999997,25,148,0.013422818791946308,47,4,3,3,10,Loyal Customers
14863.0,266.76,1,266.76,28,28,0.034482758620689655,11,4,1,2,7,Potential Loyal Customers
14865.0,52.2,2,26.1,6,371,0.005376344086021506,4,5,3,1,9,Potential Loyal Customers
14866.0,14389.9,12,1199.1583333333333,10,365,0.03278688524590164,30,5,5,5,15,Champions
14867.0,710.28,3,236.76,185,335,0.008928571428571428,31,1,3,3,7,Potential Loyal Customers
14868.0,2953.59,8,369.19875,2,232,0.034334763948497854,96,5,5,5,15,Champions
14869.0,725.7,2,362.85,8,102,0.019417475728155338,66,5,3,3,11,Loyal Customers
14870.0,327.25,1,327.25,261,261,0.003816793893129771,13,1,1,2,4,Lost Customers
14871.0,522.38,4,130.595,2,360,0.0110803324099723,68,5,4,3,12,Loyal Customers
14873.0,519.68,1,519.68,209,209,0.004761904761904762,28,1,1,3,5,At Risk
14875.0,1465.3200000000002,2,732.6600000000001,107,262,0.0076045627376425855,46,2,3,4,9,Potential Loyal Customers
14878.0,1485.54,9,165.06,12,358,0.025069637883008356,62,5,5,4,14,Champions
14880.0,706.19,3,235.39666666666668,76,288,0.010380622837370242,45,2,3,3,8,Potential Loyal Customers
14881.0,255.4,1,255.4,19,19,0.05,17,4,1,2,7,Potential Loyal Customers
14882.0,589.7,2,294.85,26,33,0.058823529411764705,6,4,3,3,10,Loyal Customers
14883.0,761.59,6,126.93166666666667,18,211,0.02830188679245283,39,4,5,3,12,Loyal Customers
14885.0,765.3199999999999,1,765.3199999999999,131,131,0.007575757575757576,15,2,1,3,6,At Risk
14886.0,364.8,1,364.8,252,252,0.003952569169960474,18,1,1,2,4,Lost Customers
14887.0,1862.0,1,1862.0,78,78,0.012658227848101266,6,2,1,4,7,Potential Loyal Customers
14888.0,369.2,1,369.2,206,206,0.004830917874396135,20,1,1,2,4,Lost Customers
14889.0,135.9,1,135.9,335,335,0.002976190476190476,10,1,1,1,3,Lost Customers
14890.0,125.65,1,125.65,253,253,0.003937007874015748,7,1,1,1,3,Lost Customers
14891.0,554.38,2,277.19,147,187,0.010638297872340425,30,2,3,3,8,Potential Loyal Customers
14893.0,1237.8500000000001,2,618.9250000000001,9,11,0.16666666666666666,72,5,3,4,12,Loyal Customers
14894.0,655.75,1,655.75,84,84,0.011764705882352941,23,2,1,3,6,At Risk
14895.0,11138.710000000001,20,556.9355,7,289,0.06896551724137931,273,5,5,5,15,Champions
14896.0,468.77000000000004,2,234.38500000000002,204,365,0.00546448087431694,43,1,3,2,6,At Risk
14897.0,1366.38,4,341.595,7,296,0.013468013468013467,43,5,4,4,13,Champions
14898.0,1303.52,6,217.25333333333333,22,370,0.016172506738544475,86,4,5,4,13,Champions
14901.0,1421.29,9,157.92111111111112,10,372,0.024128686327077747,73,5,5,4,14,Champions
14902.0,332.66,1,332.66,25,25,0.038461538461538464,20,4,1,2,7,Potential Loyal Customers
14903.0,2810.63,5,562.126,20,278,0.017921146953405017,227,4,4,5,13,Champions
14904.0,1025.44,2,512.72,1,25,0.07692307692307693,66,5,3,4,12,Loyal Customers
14905.0,616.15,2,308.075,157,233,0.008547008547008548,14,2,3,3,8,Potential Loyal Customers
14907.0,3501.1,7,500.15714285714284,2,367,0.019021739130434784,125,5,5,5,15,Champions
14908.0,277.8,1,277.8,73,73,0.013513513513513514,9,2,1,2,5,At Risk
14910.0,434.35,4,108.5875,2,54,0.07272727272727272,25,5,4,2,11,Loyal Customers
14911.0,143825.06,201,715.5475621890547,0,372,0.5388739946380697,1787,5,5,5,15,Champions
14912.0,867.85,2,433.925,16,246,0.008097165991902834,21,4,3,3,10,Loyal Customers
14913.0,1227.43,4,306.8575,35,358,0.011142061281337047,76,3,4,4,11,Loyal Customers
14915.0,307.48,2,153.74,90,277,0.007194244604316547,12,2,3,2,7,Potential Loyal Customers
14916.0,1268.98,4,317.245,70,323,0.012345679012345678,72,3,4,4,11,Loyal Customers
14918.0,1610.15,2,805.075,115,154,0.012903225806451613,39,2,3,4,9,Potential Loyal Customers
14920.0,977.77,2,488.885,212,212,0.009389671361502348,57,1,3,4,8,Potential Loyal Customers
14921.0,1316.07,2,658.035,29,200,0.009950248756218905,78,4,3,4,11,Loyal Customers
14923.0,749.1,1,749.1,50,50,0.0196078431372549,44,3,1,3,7,Potential Loyal Customers
14924.0,310.05,1,310.05,245,245,0.0040650406504065045,10,1,1,2,4,Lost Customers
14929.0,223.88,1,223.88,31,31,0.03125,11,4,1,1,6,At Risk
14930.0,2372.86,3,790.9533333333334,108,273,0.010948905109489052,116,2,3,5,10,Loyal Customers
14931.0,1257.68,5,251.536,4,240,0.02074688796680498,30,5,4,4,13,Champions
14932.0,363.53,1,363.53,365,365,0.00273224043715847,17,1,1,2,4,Lost Customers
14934.0,1890.94,2,945.47,81,282,0.007067137809187279,68,2,3,4,9,Potential Loyal Customers
14935.0,1784.71,1,1784.71,296,296,0.003367003367003367,10,1,1,4,6,At Risk
14936.0,8137.02,8,1017.1275,33,275,0.028985507246376812,210,3,5,5,13,Champions
14937.0,1621.88,3,540.6266666666667,56,129,0.023076923076923078,33,3,3,4,10,Loyal Customers
14944.0,5900.25,12,491.6875,29,296,0.04040404040404041,101,4,5,5,14,Champions
14946.0,100.9,1,100.9,13,13,0.07142857142857142,3,4,1,1,6,At Risk
14947.0,290.82,2,145.41,71,130,0.015267175572519083,14,3,3,2,8,Potential Loyal Customers
14948.0,1101.97,6,183.66166666666666,22,218,0.0273972602739726,56,4,5,4,13,Champions
14950.0,371.2,1,371.2,18,18,0.05263157894736842,19,4,1,2,7,Potential Loyal Customers
14951.0,311.69,1,311.69,78,78,0.012658227848101266,20,2,1,2,5,At Risk
14952.0,8099.49,11,736.3172727272727,59,364,0.030136986301369864,117,3,5,5,13,Champions
14953.0,289.82,1,289.82,24,24,0.04,54,4,1,2,7,Potential Loyal Customers
14954.0,336.17,1,336.17,11,11,0.08333333333333333,75,5,1,2,8,Potential Loyal Customers
14957.0,58.49,1,58.49,252,252,0.003952569169960474,12,1,1,1,3,Lost Customers
14958.0,499.68,3,166.56,146,245,0.012195121951219513,33,2,3,3,8,Potential Loyal Customers
14959.0,695.42,4,173.855,63,295,0.013513513513513514,37,3,4,3,10,Loyal Customers
14960.0,221.27,2,110.635,7,170,0.011695906432748537,23,5,3,1,9,Potential Loyal Customers
14961.0,7044.68,9,782.7422222222223,10,360,0.024930747922437674,193,5,5,5,15,Champions
14962.0,126.7,1,126.7,270,270,0.0036900369003690036,5,1,1,1,3,Lost Customers
14963.0,1487.8,5,297.56,9,183,0.02717391304347826,149,5,4,4,13,Champions
14964.0,206.21,1,206.21,246,246,0.004048582995951417,13,1,1,1,3,Lost Customers
14965.0,599.0,2,299.5,95,95,0.020833333333333332,80,2,3,3,8,Potential Loyal Customers
14966.0,191.32,1,191.32,14,14,0.06666666666666667,35,4,1,1,6,At Risk
14967.0,463.8,1,463.8,49,49,0.02,6,3,1,2,6,At Risk
14968.0,147.59,1,147.59,29,29,0.03333333333333333,37,4,1,1,6,At Risk
14970.0,1592.06,4,398.015,67,316,0.012618296529968454,24,3,4,4,11,Loyal Customers
14971.0,1116.57,3,372.19,34,42,0.06976744186046512,144,3,3,4,10,Loyal Customers
14972.0,114.77,1,114.77,127,127,0.0078125,18,2,1,1,4,Lost Customers
14973.0,1314.45,3,438.15000000000003,106,225,0.01327433628318584,29,2,3,4,9,Potential Loyal Customers
14974.0,114.39,1,114.39,36,36,0.02702702702702703,17,3,1,1,5,At Risk
14975.0,279.94,1,279.94,56,56,0.017543859649122806,11,3,1,2,6,At Risk
14976.0,790.86,7,112.98,56,326,0.021406727828746176,47,3,5,3,11,Loyal Customers
14978.0,1931.42,5,386.284,71,330,0.015105740181268883,136,3,4,4,11,Loyal Customers
14981.0,102.12,1,102.12,245,245,0.0040650406504065045,8,1,1,1,3,Lost Customers
14984.0,213.27,2,106.635,18,180,0.011049723756906077,37,4,3,1,8,Potential Loyal Customers
14985.0,296.75,2,148.375,197,357,0.00558659217877095,78,1,3,2,6,At Risk
14987.0,326.4,2,163.2,15,365,0.00546448087431694,2,4,3,2,9,Potential Loyal Customers
14988.0,334.54,1,334.54,211,211,0.0047169811320754715,40,1,1,2,4,Lost Customers
14995.0,233.23000000000002,2,116.61500000000001,38,279,0.007142857142857143,53,3,3,1,7,Potential Loyal Customers
14997.0,546.1999999999999,3,182.06666666666663,45,177,0.016853932584269662,25,3,3,3,9,Potential Loyal Customers
14998.0,429.87,2,214.935,169,240,0.008298755186721992,70,2,3,2,7,Potential Loyal Customers
15000.0,490.52,1,490.52,47,47,0.020833333333333332,76,3,1,3,7,Potential Loyal Customers
15002.0,1641.76,4,410.44,115,366,0.010899182561307902,93,2,4,4,10,Loyal Customers
15004.0,1246.32,1,1246.32,146,146,0.006802721088435374,154,2,1,4,7,Potential Loyal Customers
15005.0,6316.57,28,225.5917857142857,15,365,0.07650273224043716,360,4,5,5,14,Champions
15006.0,502.09,1,502.09,50,50,0.0196078431372549,121,3,1,3,7,Potential Loyal Customers
15007.0,156.91,1,156.91,158,158,0.006289308176100629,12,2,1,1,4,Lost Customers
15009.0,1261.78,3,420.5933333333333,11,24,0.12,148,5,3,4,12,Loyal Customers
15010.0,308.94,1,308.94,35,35,0.027777777777777776,20,3,1,2,6,At Risk
15012.0,423.04,2,211.52,53,373,0.0053475935828877,110,3,3,2,8,Potential Loyal Customers
15014.0,260.17,2,130.085,42,175,0.011363636363636364,29,3,3,2,8,Potential Loyal Customers
15016.0,170.04,1,170.04,172,172,0.005780346820809248,20,2,1,1,4,Lost Customers
15017.0,125.58,1,125.58,33,33,0.029411764705882353,20,3,1,1,5,At Risk
15018.0,496.21000000000004,3,165.40333333333334,38,367,0.008152173913043478,30,3,3,3,9,Potential Loyal Customers
15019.0,266.0,1,266.0,266,266,0.003745318352059925,64,1,1,2,4,Lost Customers
15021.0,1914.82,9,212.75777777777776,8,366,0.02452316076294278,287,5,5,4,14,Champions
15022.0,905.04,4,226.26,11,46,0.0851063829787234,96,5,4,3,12,Loyal Customers
15023.0,6802.76,11,618.4327272727273,2,368,0.02981029810298103,347,5,5,5,15,Champions
15024.0,1661.33,10,166.13299999999998,9,366,0.027247956403269755,105,5,5,4,14,Champions
15025.0,377.01,1,377.01,32,32,0.030303030303030304,66,4,1,2,7,Potential Loyal Customers
15026.0,469.0,3,156.33333333333334,79,276,0.010830324909747292,57,2,3,2,7,Potential Loyal Customers
15027.0,1066.1499999999999,4,266.53749999999997,30,237,0.01680672268907563,30,4,4,4,12,Loyal Customers
15028.0,627.13,4,156.7825,7,368,0.01084010840108401,35,5,4,3,12,Loyal Customers
15030.0,518.28,2,259.14,71,267,0.007462686567164179,7,3,3,3,9,Potential Loyal Customers
15031.0,668.14,4,167.035,3,281,0.014184397163120567,74,5,4,3,12,Loyal Customers
15032.0,4959.1,3,1653.0333333333335,255,365,0.00819672131147541,29,1,3,5,9,Potential Loyal Customers
15033.0,2586.67,10,258.66700000000003,4,328,0.030395136778115502,315,5,5,5,15,Champions
15034.0,4308.61,8,538.57625,15,353,0.022598870056497175,299,4,5,5,14,Champions
15035.0,252.73000000000002,1,252.73000000000002,89,89,0.011111111111111112,26,2,1,2,5,At Risk
15036.0,465.55,3,155.18333333333334,71,179,0.016666666666666666,107,3,3,2,8,Potential Loyal Customers
15038.0,705.49,6,117.58166666666666,58,369,0.016216216216216217,105,3,5,3,11,Loyal Customers
15039.0,19914.44,47,423.7114893617021,9,368,0.12737127371273713,408,5,5,5,15,Champions
15041.0,180.35,1,180.35,169,169,0.0058823529411764705,66,2,1,1,4,Lost Customers
15042.0,135.93,1,135.93,198,198,0.005025125628140704,5,1,1,1,3,Lost Customers
15043.0,537.0,1,537.0,30,30,0.03225806451612903,3,4,1,3,8,Potential Loyal Customers
15044.0,7700.2300000000005,17,452.954705882353,18,361,0.04696132596685083,233,4,5,5,14,Champions
15045.0,735.66,2,367.83,151,257,0.007751937984496124,11,2,3,3,8,Potential Loyal Customers
15046.0,5213.7699999999995,15,347.58466666666664,8,337,0.04437869822485207,147,5,5,5,15,Champions
15047.0,343.62,1,343.62,269,269,0.003703703703703704,22,1,1,2,4,Lost Customers
15048.0,384.05,4,96.0125,64,368,0.01084010840108401,86,3,4,2,9,Potential Loyal Customers
15049.0,121.17000000000002,1,121.17000000000002,273,273,0.0036496350364963502,3,1,1,1,3,Lost Customers
15050.0,1782.09,3,594.03,24,70,0.04225352112676056,68,4,3,4,11,Loyal Customers
15051.0,1391.61,3,463.86999999999995,22,149,0.02,130,4,3,4,11,Loyal Customers
15052.0,215.78,1,215.78,318,318,0.003134796238244514,27,1,1,1,3,Lost Customers
15053.0,697.79,3,232.59666666666666,4,281,0.010638297872340425,49,5,3,3,11,Loyal Customers
15054.0,302.1,2,151.05,11,39,0.05,105,5,3,2,10,Loyal Customers
15057.0,1489.5,2,744.75,274,315,0.006329113924050633,25,1,3,4,8,Potential Loyal Customers
15058.0,2124.9900000000002,11,193.18090909090913,24,311,0.035256410256410256,199,4,5,5,14,Champions
15059.0,1337.72,9,148.63555555555556,40,334,0.026865671641791045,161,3,5,4,12,Loyal Customers
15060.0,303.09,4,75.7725,7,8,0.4444444444444444,81,5,4,2,11,Loyal Customers
15061.0,54534.14,48,1136.1279166666666,3,371,0.12903225806451613,70,5,5,5,15,Champions
15062.0,987.86,4,246.965,70,358,0.011142061281337047,47,3,4,4,11,Loyal Customers
15063.0,370.79999999999995,1,370.79999999999995,212,212,0.004694835680751174,5,1,1,2,4,Lost Customers
15065.0,3158.13,4,789.5325,37,290,0.013745704467353952,148,3,4,5,12,Loyal Customers
15066.0,893.59,1,893.59,52,52,0.018867924528301886,42,3,1,3,7,Potential Loyal Customers
15067.0,1744.76,3,581.5866666666667,77,282,0.01060070671378092,82,2,3,4,9,Potential Loyal Customers
15068.0,553.36,2,276.68,45,255,0.0078125,96,3,3,3,9,Potential Loyal Customers
15069.0,1109.53,1,1109.53,178,178,0.00558659217877095,70,2,1,4,7,Potential Loyal Customers
15070.0,106.2,1,106.2,372,372,0.002680965147453083,1,1,1,1,3,Lost Customers
15071.0,982.07,2,491.035,93,275,0.007246376811594203,25,2,3,4,9,Potential Loyal Customers
15073.0,1043.41,3,347.80333333333334,9,186,0.016042780748663103,31,5,3,4,12,Loyal Customers
15074.0,748.87,1,748.87,104,104,0.009523809523809525,41,2,1,3,6,At Risk
15075.0,773.03,1,773.03,77,77,0.01282051282051282,27,2,1,3,6,At Risk
15076.0,880.85,1,880.85,172,172,0.005780346820809248,49,2,1,3,6,At Risk
15078.0,9743.11,32,304.4721875,6,368,0.08672086720867209,97,5,5,5,15,Champions
15079.0,895.61,4,223.9025,212,365,0.01092896174863388,46,1,4,3,8,Potential Loyal Customers
15081.0,504.8,5,100.96000000000001,21,366,0.013623978201634877,26,4,4,3,11,Loyal Customers
15083.0,88.2,1,88.2,256,256,0.0038910505836575876,5,1,1,1,3,Lost Customers
15087.0,306.94,1,306.94,281,281,0.0035460992907801418,15,1,1,2,4,Lost Customers
15088.0,1160.07,2,580.035,20,66,0.029850746268656716,53,4,3,4,11,Loyal Customers
15089.0,2420.84,6,403.47333333333336,9,127,0.046875,139,5,5,5,15,Champions
15090.0,381.32,1,381.32,307,307,0.003246753246753247,23,1,1,2,4,Lost Customers
15091.0,480.71,1,480.71,67,67,0.014705882352941176,30,3,1,2,6,At Risk
15092.0,457.81,2,228.905,214,283,0.007042253521126761,23,1,3,2,6,At Risk
15093.0,4597.02,6,766.1700000000001,17,371,0.016129032258064516,52,4,5,5,14,Champions
15095.0,1370.6,4,342.65,103,202,0.019704433497536946,30,2,4,4,10,Loyal Customers
15096.0,219.39000000000001,1,219.39000000000001,42,42,0.023255813953488372,11,3,1,1,5,At Risk
15097.0,248.08,1,248.08,3,3,0.25,25,5,1,1,7,Potential Loyal Customers
15098.0,39916.5,3,13305.5,181,181,0.016483516483516484,1,1,3,5,9,Potential Loyal Customers
15099.0,410.48,1,410.48,83,83,0.011904761904761904,23,2,1,2,5,At Risk
15100.0,876.0,3,292.0,333,373,0.008021390374331552,1,1,3,3,7,Potential Loyal Customers
15101.0,317.53,2,158.765,8,358,0.005571030640668524,8,5,3,2,10,Loyal Customers
15103.0,703.36,2,351.68,30,85,0.023255813953488372,35,4,3,3,10,Loyal Customers
15104.0,1027.44,2,513.72,196,281,0.0070921985815602835,66,1,3,4,8,Potential Loyal Customers
15105.0,2298.93,7,328.4185714285714,17,134,0.05185185185185185,90,4,5,5,14,Champions
15106.0,1422.52,5,284.504,17,268,0.01858736059479554,90,4,4,4,12,Loyal Customers
15107.0,319.5,6,53.25,310,371,0.016129032258064516,12,1,5,2,8,Potential Loyal Customers
15108.0,1300.25,4,325.0625,141,227,0.017543859649122806,50,2,4,4,10,Loyal Customers
15109.0,484.95,1,484.95,245,245,0.0040650406504065045,28,1,1,2,4,Lost Customers
15110.0,996.1,4,249.025,23,318,0.012539184952978056,17,4,4,4,12,Loyal Customers
15111.0,1567.48,3,522.4933333333333,28,372,0.00804289544235925,70,4,3,4,11,Loyal Customers
15113.0,3609.33,3,1203.11,9,53,0.05555555555555555,77,5,3,5,13,Champions
15114.0,2760.56,10,276.056,29,301,0.033112582781456956,136,4,5,5,14,Champions
15115.0,340.11,1,340.11,17,17,0.05555555555555555,21,4,1,2,7,Potential Loyal Customers
15116.0,1352.75,4,338.1875,17,204,0.01951219512195122,37,4,4,4,12,Loyal Customers
15117.0,1551.78,5,310.356,14,215,0.023148148148148147,63,4,4,4,12,Loyal Customers
15118.0,244.8,1,244.8,133,133,0.007462686567164179,1,2,1,1,4,Lost Customers
15119.0,266.4,1,266.4,245,245,0.0040650406504065045,14,1,1,2,4,Lost Customers
15120.0,358.82,1,358.82,133,133,0.007462686567164179,21,2,1,2,5,At Risk
15121.0,457.72,2,228.86,49,288,0.006920415224913495,28,3,3,2,8,Potential Loyal Customers
15122.0,1633.78,3,544.5933333333334,113,297,0.010067114093959731,65,2,3,4,9,Potential Loyal Customers
15123.0,2199.31,2,1099.655,6,205,0.009708737864077669,93,5,3,5,13,Champions
15124.0,184.19,2,92.095,22,191,0.010416666666666666,14,4,3,1,8,Potential Loyal Customers
15125.0,11528.48,15,768.5653333333333,24,270,0.055350553505535055,102,4,5,5,14,Champions
15127.0,406.53,1,406.53,65,65,0.015151515151515152,16,3,1,2,6,At Risk
15128.0,1471.0,4,367.75,59,219,0.01818181818181818,74,3,4,4,11,Loyal Customers
15129.0,3447.4,11,313.40000000000003,49,291,0.03767123287671233,54,3,5,5,13,Champions
15130.0,330.11,1,330.11,169,169,0.0058823529411764705,22,2,1,2,5,At Risk
15132.0,977.9300000000001,5,195.586,17,262,0.019011406844106463,49,4,4,4,12,Loyal Customers
15133.0,982.42,3,327.4733333333333,127,301,0.009933774834437087,27,2,3,4,9,Potential Loyal Customers
15134.0,1387.99,8,173.49875,14,240,0.03319502074688797,44,4,5,4,13,Champions
15135.0,139.05,1,139.05,238,238,0.0041841004184100415,9,1,1,1,3,Lost Customers
15136.0,1286.7,4,321.675,2,95,0.041666666666666664,61,5,4,4,13,Champions
15139.0,178.96,2,89.48,239,336,0.005934718100890208,13,1,3,1,5,At Risk
15140.0,2354.25,7,336.32142857142856,51,263,0.026515151515151516,74,3,5,5,13,Champions
15142.0,498.74,1,498.74,45,45,0.021739130434782608,26,3,1,3,7,Potential Loyal Customers
15143.0,259.45,1,259.45,225,225,0.004424778761061947,14,1,1,2,4,Lost Customers
15144.0,6580.44,17,387.0847058823529,7,311,0.05448717948717949,132,5,5,5,15,Champions
15145.0,1194.73,4,298.6825,3,247,0.016129032258064516,54,5,4,4,13,Champions
15146.0,1327.16,2,663.58,164,290,0.006872852233676976,90,2,3,4,9,Potential Loyal Customers
15147.0,623.5,1,623.5,239,239,0.004166666666666667,28,1,1,3,5,At Risk
15148.0,301.29,1,301.29,10,10,0.09090909090909091,20,5,1,2,8,Potential Loyal Customers
15149.0,520.8000000000001,1,520.8000000000001,133,133,0.007462686567164179,23,2,1,3,6,At Risk
15150.0,5314.47,10,531.447,16,268,0.03717472118959108,282,4,5,5,14,Champions
15152.0,4745.69,13,365.0530769230769,9,186,0.06951871657754011,196,5,5,5,15,Champions
15153.0,329.25,1,329.25,30,30,0.03225806451612903,22,4,1,2,7,Potential Loyal Customers
15154.0,296.42,1,296.42,74,74,0.013333333333333334,66,2,1,2,5,At Risk
15156.0,961.49,3,320.49666666666667,0,33,0.08823529411764706,51,5,3,4,12,Loyal Customers
15157.0,1936.07,3,645.3566666666667,3,357,0.008379888268156424,125,5,3,4,12,Loyal Customers
15158.0,401.40000000000003,1,401.40000000000003,44,44,0.022222222222222223,7,3,1,2,6,At Risk
15159.0,18641.010000000002,30,621.3670000000001,1,360,0.08310249307479224,363,5,5,5,15,Champions
15160.0,158.16,1,158.16,356,356,0.0028011204481792717,4,1,1,1,3,Lost Customers
15163.0,304.47,2,152.235,17,191,0.010416666666666666,29,4,3,2,9,Potential Loyal Customers
15164.0,843.05,3,281.01666666666665,68,338,0.008849557522123894,79,3,3,3,9,Potential Loyal Customers
15165.0,487.75,1,487.75,372,372,0.002680965147453083,27,1,1,2,4,Lost Customers
15167.0,163.0,1,163.0,320,320,0.003115264797507788,39,1,1,1,3,Lost Customers
15168.0,106.56,1,106.56,25,25,0.038461538461538464,5,4,1,1,6,At Risk
15171.0,1289.5,1,1289.5,330,330,0.0030211480362537764,5,1,1,4,6,At Risk
15172.0,1624.05,5,324.81,8,236,0.02109704641350211,106,5,4,4,13,Champions
15174.0,135.75,1,135.75,322,322,0.0030959752321981426,11,1,1,1,3,Lost Customers
15175.0,224.14,1,224.14,71,71,0.013888888888888888,23,3,1,1,5,At Risk
15178.0,40.5,1,40.5,259,259,0.0038461538461538464,3,1,1,1,3,Lost Customers
15179.0,2206.95,5,441.39,17,318,0.01567398119122257,91,4,4,5,13,Champions
15180.0,87.5,1,87.5,366,366,0.0027247956403269754,6,1,1,1,3,Lost Customers
15181.0,689.4799999999999,3,229.82666666666663,65,269,0.011111111111111112,11,3,3,3,9,Potential Loyal Customers
15182.0,622.85,2,311.425,153,268,0.007434944237918215,24,2,3,3,8,Potential Loyal Customers
15184.0,406.76,2,203.38,28,190,0.010471204188481676,59,4,3,2,9,Potential Loyal Customers
15185.0,310.62,1,310.62,69,69,0.014285714285714285,21,3,1,2,6,At Risk
15186.0,411.41,2,205.705,13,167,0.011904761904761904,17,4,3,2,9,Potential Loyal Customers
15187.0,4777.18,16,298.57375,1,211,0.07547169811320754,61,5,5,5,15,Champions
15189.0,16225.39,41,395.74121951219513,0,332,0.12312312312312312,80,5,5,5,15,Champions
15192.0,1044.32,3,348.1066666666666,119,364,0.00821917808219178,36,2,3,4,9,Potential Loyal Customers
15193.0,499.32,1,499.32,60,60,0.01639344262295082,19,3,1,3,7,Potential Loyal Customers
15194.0,7616.53,15,507.76866666666666,2,367,0.04076086956521739,209,5,5,5,15,Champions
15195.0,3861.0,1,3861.0,2,2,0.3333333333333333,1,5,1,5,11,Loyal Customers
15197.0,1079.6100000000001,3,359.87000000000006,10,357,0.008379888268156424,30,5,3,4,12,Loyal Customers
15198.0,193.64,2,96.82,91,123,0.016129032258064516,10,2,3,1,6,At Risk
15199.0,1268.7,4,317.175,58,307,0.012987012987012988,5,3,4,4,11,Loyal Customers
15201.0,1236.54,5,247.308,86,246,0.020242914979757085,35,2,4,4,10,Loyal Customers
15203.0,1827.8,6,304.6333333333333,25,311,0.019230769230769232,82,4,5,4,13,Champions
15204.0,316.58,1,316.58,356,356,0.0028011204481792717,9,1,1,2,4,Lost Customers
15205.0,653.24,2,326.62,84,126,0.015748031496062992,37,2,3,3,8,Potential Loyal Customers
15206.0,420.29999999999995,4,105.07499999999999,9,275,0.014492753623188406,3,5,4,2,11,Loyal Customers
15208.0,870.12,5,174.024,0,352,0.014164305949008499,25,5,4,3,12,Loyal Customers
15210.0,331.18,1,331.18,224,224,0.0044444444444444444,20,1,1,2,4,Lost Customers
15211.0,894.4100000000001,2,447.20500000000004,59,364,0.005479452054794521,52,3,3,3,9,Potential Loyal Customers
15212.0,101.8,1,101.8,240,240,0.004149377593360996,5,1,1,1,3,Lost Customers
15213.0,328.35,2,164.175,318,329,0.006060606060606061,22,1,3,2,6,At Risk
15214.0,1661.44,8,207.68,1,242,0.03292181069958848,109,5,5,4,14,Champions
15215.0,734.94,3,244.98000000000002,46,96,0.030927835051546393,33,3,3,3,9,Potential Loyal Customers
15216.0,96.6,1,96.6,87,87,0.011363636363636364,2,2,1,1,4,Lost Customers
15218.0,5756.89,11,523.3536363636364,10,318,0.034482758620689655,77,5,5,5,15,Champions
15219.0,305.75,1,305.75,175,175,0.005681818181818182,9,2,1,2,5,At Risk
15220.0,1778.96,6,296.49333333333334,51,280,0.021352313167259787,110,3,5,4,12,Loyal Customers
15221.0,403.25,1,403.25,365,365,0.00273224043715847,5,1,1,2,4,Lost Customers
15222.0,585.0,1,585.0,318,318,0.003134796238244514,5,1,1,3,5,At Risk
15223.0,755.75,2,377.875,225,249,0.008,14,1,3,3,7,Potential Loyal Customers
15224.0,322.08,2,161.04,357,362,0.005509641873278237,13,1,3,2,6,At Risk
15225.0,409.40000000000003,1,409.40000000000003,233,233,0.004273504273504274,23,1,1,2,4,Lost Customers
15226.0,154.41,1,154.41,310,310,0.003215434083601286,8,1,1,1,3,Lost Customers
15227.0,1219.4,5,243.88000000000002,36,316,0.015772870662460567,43,3,4,4,11,Loyal Customers
15228.0,3386.71,4,846.6775,65,294,0.013559322033898305,110,3,4,5,12,Loyal Customers
15230.0,429.6,2,214.8,238,240,0.008298755186721992,23,1,3,2,6,At Risk
15232.0,612.06,2,306.03,112,140,0.014184397163120567,26,2,3,3,8,Potential Loyal Customers
15234.0,197.0,1,197.0,276,276,0.0036101083032490976,14,1,1,1,3,Lost Customers
15235.0,2247.51,12,187.29250000000002,217,372,0.032171581769437,132,1,5,5,11,Loyal Customers
15236.0,321.05,1,321.05,298,298,0.0033444816053511705,15,1,1,2,4,Lost Customers
15237.0,1412.32,4,353.08,1,226,0.01762114537444934,94,5,4,4,13,Champions
15238.0,1071.99,3,357.33,28,183,0.016304347826086956,49,4,3,4,11,Loyal Customers
15239.0,780.59,2,390.295,9,78,0.02531645569620253,48,5,3,3,11,Loyal Customers
15240.0,1706.57,5,341.31399999999996,44,311,0.016025641025641024,58,3,4,4,11,Loyal Customers
15241.0,1756.44,8,219.555,66,283,0.028169014084507043,82,3,5,4,12,Loyal Customers
15243.0,316.68,1,316.68,73,73,0.013513513513513514,22,2,1,2,5,At Risk
15244.0,631.57,2,315.785,64,247,0.008064516129032258,31,3,3,3,9,Potential Loyal Customers
15245.0,2515.84,3,838.6133333333333,133,260,0.011494252873563218,55,2,3,5,10,Loyal Customers
15246.0,514.15,2,257.075,237,358,0.005571030640668524,32,1,3,3,7,Potential Loyal Customers
15247.0,356.0,1,356.0,121,121,0.00819672131147541,6,2,1,2,5,At Risk
15249.0,6688.46,13,514.496923076923,31,256,0.05058365758754864,211,4,5,5,14,Champions
15251.0,10484.99,11,953.180909090909,8,241,0.045454545454545456,97,5,5,5,15,Champions
15252.0,740.78,2,370.39,35,182,0.01092896174863388,44,3,3,3,9,Potential Loyal Customers
15253.0,918.1999999999999,5,183.64,15,169,0.029411764705882353,52,4,4,3,11,Loyal Customers
15254.0,300.36,1,300.36,126,126,0.007874015748031496,18,2,1,2,5,At Risk
15255.0,890.85,1,890.85,66,66,0.014925373134328358,47,3,1,3,7,Potential Loyal Customers
15256.0,98.45,1,98.45,148,148,0.006711409395973154,6,2,1,1,4,Lost Customers
15257.0,317.15,1,317.15,282,282,0.0035335689045936395,7,1,1,2,4,Lost Customers
15258.0,623.16,2,311.58,168,216,0.009216589861751152,32,2,3,3,8,Potential Loyal Customers
15260.0,1810.77,7,258.68142857142857,99,372,0.01876675603217158,62,2,5,4,11,Loyal Customers
15261.0,254.82,1,254.82,134,134,0.007407407407407408,19,2,1,2,5,At Risk
15262.0,178.95000000000002,1,178.95000000000002,323,323,0.0030864197530864196,10,1,1,1,3,Lost Customers
15263.0,156.51,1,156.51,106,106,0.009345794392523364,12,2,1,1,4,Lost Customers
15264.0,393.74,1,393.74,63,63,0.015625,23,3,1,2,6,At Risk
15265.0,1506.1200000000001,2,753.0600000000001,150,235,0.00847457627118644,76,2,3,4,9,Potential Loyal Customers
15266.0,119.3,1,119.3,337,337,0.0029585798816568047,6,1,1,1,3,Lost Customers
15267.0,1717.36,5,343.472,21,182,0.0273224043715847,8,4,4,4,12,Loyal Customers
15269.0,408.8,1,408.8,23,23,0.041666666666666664,2,4,1,2,7,Potential Loyal Customers
15270.0,2379.49,7,339.9271428571428,15,309,0.02258064516129032,22,4,5,5,14,Champions
15271.0,2507.07,15,167.138,6,364,0.0410958904109589,184,5,5,5,15,Champions
15272.0,721.94,2,360.97,56,85,0.023255813953488372,63,3,3,3,9,Potential Loyal Customers
15274.0,716.57,2,358.285,3,17,0.1111111111111111,44,5,3,3,11,Loyal Customers
15275.0,615.14,1,615.14,37,37,0.02631578947368421,41,3,1,3,7,Potential Loyal Customers
15276.0,135.31,1,135.31,65,65,0.015151515151515152,49,3,1,1,5,At Risk
15277.0,255.89999999999998,1,255.89999999999998,46,46,0.02127659574468085,12,3,1,2,6,At Risk
15279.0,290.51,1,290.51,354,354,0.0028169014084507044,19,1,1,2,4,Lost Customers
15280.0,113.12,1,113.12,171,171,0.005813953488372093,16,2,1,1,4,Lost Customers
15281.0,2332.15,9,259.1277777777778,58,332,0.02702702702702703,121,3,5,5,13,Champions
15286.0,240.55,1,240.55,49,49,0.02,3,3,1,1,5,At Risk
15287.0,486.69,2,243.345,21,70,0.028169014084507043,17,4,3,2,9,Potential Loyal Customers
15288.0,2306.52,5,461.304,42,364,0.0136986301369863,80,3,4,5,12,Loyal Customers
15289.0,939.78,3,313.26,28,249,0.012,43,4,3,3,10,Loyal Customers
15290.0,7943.22,18,441.29,4,358,0.05013927576601671,93,5,5,5,15,Champions
15291.0,4668.3,15,311.22,25,373,0.040106951871657755,62,4,5,5,14,Champions
15292.0,180.94,1,180.94,200,200,0.004975124378109453,24,1,1,1,3,Lost Customers
15296.0,3672.86,6,612.1433333333333,50,326,0.01834862385321101,137,3,5,5,13,Champions
15297.0,641.94,3,213.98000000000002,9,63,0.046875,30,5,3,3,11,Loyal Customers
15298.0,4799.9,12,399.9916666666666,1,365,0.03278688524590164,115,5,5,5,15,Champions
15299.0,4507.01,7,643.8585714285715,66,371,0.01881720430107527,7,3,5,5,13,Champions
15300.0,496.44,1,496.44,63,63,0.015625,28,3,1,3,7,Potential Loyal Customers
15301.0,5070.35,12,422.5291666666667,50,368,0.032520325203252036,167,3,5,5,13,Champions
15303.0,574.02,1,574.02,289,289,0.0034482758620689655,31,1,1,3,5,At Risk
15304.0,694.4000000000001,8,86.80000000000001,60,368,0.02168021680216802,8,3,5,3,11,Loyal Customers
15306.0,1174.35,3,391.45,63,147,0.02027027027027027,57,3,3,4,10,Loyal Customers
15307.0,205.3,1,205.3,95,95,0.010416666666666666,12,2,1,1,4,Lost Customers
15308.0,310.47,1,310.47,273,273,0.0036496350364963502,19,1,1,2,4,Lost Customers
15311.0,60767.9,91,667.7791208791209,0,373,0.24331550802139038,567,5,5,5,15,Champions
15312.0,924.85,4,231.2125,74,353,0.011299435028248588,42,2,4,3,9,Potential Loyal Customers
15313.0,52.0,1,52.0,109,109,0.00909090909090909,1,2,1,1,4,Lost Customers
15314.0,327.97,1,327.97,198,198,0.005025125628140704,24,1,1,2,4,Lost Customers
15315.0,570.5,2,285.25,63,115,0.017241379310344827,35,3,3,3,9,Potential Loyal Customers
15316.0,165.0,1,165.0,326,326,0.0030581039755351682,1,1,1,1,3,Lost Customers
15318.0,312.62,1,312.62,3,3,0.25,33,5,1,2,8,Potential Loyal Customers
15319.0,204.5,1,204.5,283,283,0.0035211267605633804,16,1,1,1,3,Lost Customers
15320.0,267.13,1,267.13,43,43,0.022727272727272728,36,3,1,2,6,At Risk
15321.0,2748.31,3,916.1033333333334,70,291,0.010273972602739725,83,3,3,5,11,Loyal Customers
15322.0,679.68,1,679.68,85,85,0.011627906976744186,42,2,1,3,6,At Risk
15325.0,162.29,1,162.29,103,103,0.009615384615384616,47,2,1,1,4,Lost Customers
15326.0,311.71,1,311.71,333,333,0.0029940119760479044,29,1,1,2,4,Lost Customers
15327.0,208.75,1,208.75,52,52,0.018867924528301886,10,3,1,1,5,At Risk
15329.0,1049.7,3,349.90000000000003,38,171,0.01744186046511628,51,3,3,4,10,Loyal Customers
15330.0,714.96,2,357.48,31,60,0.03278688524590164,10,4,3,3,10,Loyal Customers
15332.0,1661.06,4,415.265,365,369,0.010810810810810811,29,1,4,4,9,Potential Loyal Customers
15333.0,1028.56,1,1028.56,207,207,0.004807692307692308,16,1,1,4,6,At Risk
15334.0,351.67,3,117.22333333333334,156,172,0.017341040462427744,67,2,3,2,7,Potential Loyal Customers
15335.0,173.97,1,173.97,53,53,0.018518518518518517,34,3,1,1,5,At Risk
15339.0,574.07,2,287.035,65,317,0.006289308176100629,77,3,3,3,9,Potential Loyal Customers
15341.0,2020.52,1,2020.52,80,80,0.012345679012345678,17,2,1,4,7,Potential Loyal Customers
15342.0,406.09,1,406.09,129,129,0.007692307692307693,24,2,1,2,5,At Risk
15343.0,364.5,1,364.5,86,86,0.011494252873563218,21,2,1,2,5,At Risk
15344.0,563.94,3,187.98000000000002,0,73,0.04054054054054054,21,5,3,3,11,Loyal Customers
15345.0,393.54,1,393.54,45,45,0.021739130434782608,20,3,1,2,6,At Risk
15346.0,252.42000000000002,1,252.42000000000002,332,332,0.003003003003003003,17,1,1,2,4,Lost Customers
15347.0,201.60000000000002,1,201.60000000000002,365,365,0.00273224043715847,5,1,1,1,3,Lost Customers
15348.0,158.04,1,158.04,71,71,0.013888888888888888,9,3,1,1,5,At Risk
15349.0,473.81,2,236.905,157,186,0.0106951871657754,65,2,3,2,7,Potential Loyal Customers
15350.0,115.65,1,115.65,372,372,0.002680965147453083,5,1,1,1,3,Lost Customers
15351.0,1960.1100000000001,7,280.0157142857143,11,369,0.01891891891891892,157,5,5,4,14,Champions
15353.0,777.02,2,388.51,254,367,0.005434782608695652,59,1,3,3,7,Potential Loyal Customers
15355.0,277.05,2,138.525,28,52,0.03773584905660377,9,4,3,2,9,Potential Loyal Customers
15356.0,2766.5,10,276.65,30,367,0.02717391304347826,215,4,5,5,14,Champions
15358.0,8347.2,22,379.41818181818184,4,365,0.060109289617486336,292,5,5,5,15,Champions
15360.0,427.93,1,427.93,39,39,0.025,13,3,1,2,6,At Risk
15361.0,418.92,1,418.92,361,361,0.0027624309392265192,7,1,1,2,4,Lost Customers
15363.0,326.0,1,326.0,372,372,0.002680965147453083,16,1,1,2,4,Lost Customers
15364.0,913.19,2,456.595,95,253,0.007874015748031496,29,2,3,3,8,Potential Loyal Customers
15365.0,2314.32,7,330.6171428571429,25,314,0.022222222222222223,65,4,5,5,14,Champions
15366.0,602.51,2,301.255,74,357,0.00558659217877095,37,2,3,3,8,Potential Loyal Customers
15367.0,1877.59,4,469.3975,56,274,0.014545454545454545,91,3,4,4,11,Loyal Customers
15368.0,446.94000000000005,1,446.94000000000005,20,20,0.047619047619047616,4,4,1,2,7,Potential Loyal Customers
15370.0,2386.05,7,340.86428571428576,40,332,0.021021021021021023,65,3,5,5,13,Champions
15372.0,2007.3999999999999,1,2007.3999999999999,136,136,0.0072992700729927005,27,2,1,4,7,Potential Loyal Customers
15373.0,2415.91,12,201.32583333333332,7,370,0.03234501347708895,74,5,5,5,15,Champions
15374.0,168.0,1,168.0,128,128,0.007751937984496124,3,2,1,1,4,Lost Customers
15376.0,1233.3600000000001,3,411.12000000000006,39,221,0.013513513513513514,100,3,3,4,10,Loyal Customers
15379.0,3703.29,7,529.0414285714286,168,357,0.019553072625698324,145,2,5,5,12,Loyal Customers
15380.0,1690.2600000000002,5,338.052,8,364,0.0136986301369863,22,5,4,4,13,Champions
15381.0,596.85,2,298.425,213,267,0.007462686567164179,8,1,3,3,7,Potential Loyal Customers
15382.0,5955.71,6,992.6183333333333,14,295,0.02027027027027027,193,4,5,5,14,Champions
15384.0,642.41,2,321.205,169,359,0.005555555555555556,34,2,3,3,8,Potential Loyal Customers
15385.0,316.88,1,316.88,39,39,0.025,12,3,1,2,6,At Risk
15386.0,394.14,1,394.14,185,185,0.005376344086021506,31,1,1,2,4,Lost Customers
15388.0,140.54,1,140.54,269,269,0.003703703703703704,10,1,1,1,3,Lost Customers
15389.0,500.0,1,500.0,171,171,0.005813953488372093,1,2,1,3,6,At Risk
15392.0,1535.53,4,383.8825,4,359,0.011111111111111112,74,5,4,4,13,Champions
15393.0,231.86,2,115.93,15,280,0.0071174377224199285,10,4,3,1,8,Potential Loyal Customers
15394.0,2183.54,4,545.885,9,358,0.011142061281337047,54,5,4,5,14,Champions
15395.0,107.45,1,107.45,325,325,0.003067484662576687,7,1,1,1,3,Lost Customers
15396.0,288.18,1,288.18,112,112,0.008849557522123894,14,2,1,2,5,At Risk
15397.0,94.0,1,94.0,289,289,0.0034482758620689655,6,1,1,1,3,Lost Customers
15398.0,1345.53,2,672.765,15,77,0.02564102564102564,60,4,3,4,11,Loyal Customers
15399.0,815.77,3,271.92333333333335,0,78,0.0379746835443038,45,5,3,3,11,Loyal Customers
15400.0,716.2,5,143.24,91,278,0.017921146953405017,10,2,4,3,9,Potential Loyal Customers
15402.0,626.77,2,313.385,148,195,0.01020408163265306,35,2,3,3,8,Potential Loyal Customers
15405.0,349.1,1,349.1,188,188,0.005291005291005291,8,1,1,2,4,Lost Customers
15406.0,510.71000000000004,2,255.35500000000002,30,300,0.006644518272425249,51,4,3,3,10,Loyal Customers
15407.0,1056.44,4,264.11,33,304,0.013114754098360656,142,3,4,4,11,Loyal Customers
15408.0,267.18,1,267.18,263,263,0.003787878787878788,34,1,1,2,4,Lost Customers
15410.0,3450.84,8,431.355,83,261,0.030534351145038167,48,2,5,5,12,Loyal Customers
15411.0,1358.88,4,339.72,25,182,0.02185792349726776,86,4,4,4,12,Loyal Customers
15412.0,190.53,1,190.53,170,170,0.005847953216374269,10,2,1,1,4,Lost Customers
15414.0,774.9000000000001,3,258.3,9,241,0.012396694214876033,37,5,3,3,11,Loyal Customers
15415.0,572.8100000000001,1,572.8100000000001,312,312,0.003194888178913738,46,1,1,3,5,At Risk
15416.0,3984.32,4,996.08,64,282,0.014134275618374558,165,3,4,5,12,Loyal Customers
15417.0,508.8,1,508.8,84,84,0.011764705882352941,28,2,1,3,6,At Risk
15419.0,135.86,1,135.86,24,24,0.04,8,4,1,1,6,At Risk
15421.0,950.36,4,237.59,58,309,0.012903225806451613,40,3,4,4,11,Loyal Customers
15422.0,97.7,2,48.85,322,322,0.006191950464396285,6,1,3,1,5,At Risk
15423.0,43.5,1,43.5,37,37,0.02631578947368421,2,3,1,1,5,At Risk
15424.0,383.34,2,191.67,253,253,0.007874015748031496,17,1,3,2,6,At Risk
15426.0,1447.39,5,289.478,18,368,0.013550135501355014,217,4,4,4,12,Loyal Customers
15427.0,1483.14,3,494.38000000000005,32,46,0.06382978723404255,233,4,3,4,11,Loyal Customers
15428.0,93.78,1,93.78,14,14,0.06666666666666667,6,4,1,1,6,At Risk
15429.0,397.35,2,198.675,26,74,0.02666666666666667,77,4,3,2,9,Potential Loyal Customers
15432.0,171.19,1,171.19,22,22,0.043478260869565216,10,4,1,1,6,At Risk
15433.0,533.3,2,266.65,213,266,0.00749063670411985,40,1,3,3,7,Potential Loyal Customers
15434.0,1041.48,5,208.296,7,199,0.025,40,5,4,4,13,Champions
15435.0,149.29,1,149.29,21,21,0.045454545454545456,29,4,1,1,6,At Risk
15436.0,1122.53,3,374.1766666666667,11,233,0.01282051282051282,243,5,3,4,12,Loyal Customers
15437.0,200.16,1,200.16,261,261,0.003816793893129771,44,1,1,1,3,Lost Customers
15438.0,156.57999999999998,1,156.57999999999998,130,130,0.007633587786259542,25,2,1,1,4,Lost Customers
15440.0,383.68,3,127.89333333333333,54,208,0.014354066985645933,50,3,3,2,8,Potential Loyal Customers
15442.0,594.0,1,594.0,248,248,0.004016064257028112,2,1,1,3,5,At Risk
15443.0,3236.91,7,462.4157142857143,1,319,0.021875,237,5,5,5,15,Champions
15444.0,1418.26,2,709.13,8,39,0.05,191,5,3,4,12,Loyal Customers
15445.0,113.5,1,113.5,263,263,0.003787878787878788,5,1,1,1,3,Lost Customers
15447.0,155.17,1,155.17,330,330,0.0030211480362537764,9,1,1,1,3,Lost Customers
15448.0,494.64,1,494.64,312,312,0.003194888178913738,28,1,1,3,5,At Risk
15449.0,974.52,3,324.84,25,261,0.011450381679389313,47,4,3,4,11,Loyal Customers
15450.0,429.84,1,429.84,29,29,0.03333333333333333,30,4,1,2,7,Potential Loyal Customers
15452.0,538.73,3,179.57666666666668,29,263,0.011363636363636364,47,4,3,3,10,Loyal Customers
15453.0,1388.37,7,198.3385714285714,1,187,0.03723404255319149,169,5,5,4,14,Champions
15454.0,179.1,1,179.1,361,361,0.0027624309392265192,23,1,1,1,3,Lost Customers
15456.0,447.22,3,149.07333333333335,282,358,0.008356545961002786,48,1,3,2,6,At Risk
15457.0,237.07,1,237.07,261,261,0.003816793893129771,56,1,1,1,3,Lost Customers
15458.0,161.64,1,161.64,24,24,0.04,7,4,1,1,6,At Risk
15460.0,216.76,1,216.76,353,353,0.002824858757062147,53,1,1,1,3,Lost Customers
15462.0,234.6,3,78.2,93,186,0.016042780748663103,9,2,3,1,6,At Risk
15463.0,126.14,1,126.14,28,28,0.034482758620689655,7,4,1,1,6,At Risk
15464.0,1048.85,1,1048.85,337,337,0.0029585798816568047,155,1,1,4,6,At Risk
15465.0,7354.62,18,408.59,19,369,0.04864864864864865,43,4,5,5,14,Champions
15466.0,334.53,1,334.53,84,84,0.011764705882352941,56,2,1,2,5,At Risk
15467.0,524.88,3,174.96,8,151,0.019736842105263157,41,5,3,3,11,Loyal Customers
15468.0,467.51,2,233.755,50,50,0.0392156862745098,24,3,3,2,8,Potential Loyal Customers
15469.0,538.55,2,269.275,49,119,0.016666666666666666,24,3,3,3,9,Potential Loyal Customers
15471.0,469.48,1,469.48,1,1,0.5,67,5,1,2,8,Potential Loyal Customers
15472.0,371.56,1,371.56,112,112,0.008849557522123894,76,2,1,2,5,At Risk
15473.0,1771.2,7,253.02857142857144,13,60,0.11475409836065574,4,4,5,4,13,Champions
15475.0,454.10999999999996,1,454.10999999999996,76,76,0.012987012987012988,29,2,1,2,5,At Risk
15478.0,1441.42,2,720.71,39,56,0.03508771929824561,34,3,3,4,10,Loyal Customers
15480.0,905.5,1,905.5,115,115,0.008620689655172414,45,2,1,3,6,At Risk
15482.0,11054.96,12,921.2466666666666,15,358,0.033426183844011144,46,4,5,5,14,Champions
15483.0,233.81,4,58.4525,160,266,0.0149812734082397,74,2,4,1,7,Potential Loyal Customers
15484.0,3594.31,4,898.5775,0,77,0.05128205128205128,135,5,4,5,14,Champions
15485.0,2575.0,3,858.3333333333334,29,372,0.00804289544235925,59,4,3,5,12,Loyal Customers
15488.0,91.32000000000001,1,91.32000000000001,92,92,0.010752688172043012,2,2,1,1,4,Lost Customers
15489.0,1134.28,3,378.0933333333333,22,210,0.014218009478672985,47,4,3,4,11,Loyal Customers
15491.0,3100.09,6,516.6816666666667,94,235,0.025423728813559324,108,2,5,5,12,Loyal Customers
15492.0,659.4599999999999,2,329.72999999999996,27,73,0.02702702702702703,32,4,3,3,10,Loyal Customers
15493.0,2001.8,5,400.36,32,270,0.01845018450184502,177,4,4,4,12,Loyal Customers
15494.0,1299.23,2,649.615,20,120,0.01652892561983471,120,4,3,4,11,Loyal Customers
15497.0,1262.2,2,631.1,17,319,0.00625,13,4,3,4,11,Loyal Customers
15498.0,13316.4,27,493.2,2,366,0.07356948228882834,360,5,5,5,15,Champions
15500.0,1131.56,4,282.89,7,80,0.04938271604938271,64,5,4,4,13,Champions
15502.0,10384.93,12,865.4108333333334,15,368,0.032520325203252036,164,4,5,5,14,Champions
15503.0,147.09,1,147.09,362,362,0.0027548209366391185,66,1,1,1,3,Lost Customers
15504.0,52.83,1,52.83,80,80,0.012345679012345678,13,2,1,1,4,Lost Customers
15505.0,3610.96,5,722.192,52,154,0.03225806451612903,90,3,4,5,12,Loyal Customers
15506.0,979.26,3,326.42,22,138,0.02158273381294964,121,4,3,4,11,Loyal Customers
15507.0,492.36,1,492.36,171,171,0.005813953488372093,41,2,1,3,6,At Risk
15508.0,1000.27,6,166.71166666666667,188,234,0.02553191489361702,78,1,5,4,10,Loyal Customers
15510.0,250.0,1,250.0,330,330,0.0030211480362537764,1,1,1,1,3,Lost Customers
15511.0,909.23,5,181.846,11,84,0.058823529411764705,117,5,4,3,12,Loyal Customers
15512.0,121.0,2,60.5,155,359,0.005555555555555556,7,2,3,1,6,At Risk
15513.0,14758.220000000001,19,776.7484210526317,32,373,0.05080213903743316,183,4,5,5,14,Champions
15514.0,4139.46,11,376.31454545454545,11,363,0.03021978021978022,96,5,5,5,15,Champions
15516.0,62.43,3,20.81,44,46,0.06382978723404255,15,3,3,1,7,Potential Loyal Customers
15517.0,267.03,1,267.03,232,232,0.004291845493562232,27,1,1,2,4,Lost Customers
15518.0,1942.45,8,242.80625,63,331,0.024096385542168676,135,3,5,4,12,Loyal Customers
15520.0,343.5,1,343.5,1,1,0.5,18,5,1,2,8,Potential Loyal Customers
15521.0,3000.2,8,375.025,39,254,0.03137254901960784,116,3,5,5,13,Champions
15522.0,398.84,2,199.42,32,87,0.022727272727272728,47,4,3,2,9,Potential Loyal Customers
15523.0,412.01000000000005,1,412.01000000000005,83,83,0.011904761904761904,10,2,1,2,5,At Risk
15524.0,440.0,1,440.0,24,24,0.04,1,4,1,2,7,Potential Loyal Customers
15525.0,825.92,3,275.3066666666667,1,372,0.00804289544235925,133,5,3,3,11,Loyal Customers
15526.0,148.44,2,74.22,32,32,0.06060606060606061,4,4,3,1,8,Potential Loyal Customers
15527.0,2429.78,8,303.7225,18,353,0.022598870056497175,127,4,5,5,14,Champions
15528.0,229.33,1,229.33,253,253,0.003937007874015748,26,1,1,1,3,Lost Customers
15529.0,3995.23,11,363.20272727272726,22,366,0.02997275204359673,415,4,5,5,14,Champions
15530.0,1502.35,4,375.5875,21,246,0.016194331983805668,90,4,4,4,12,Loyal Customers
15531.0,2007.44,2,1003.72,7,29,0.06666666666666667,196,5,3,4,12,Loyal Customers
15532.0,1580.93,4,395.2325,24,357,0.0111731843575419,205,4,4,4,12,Loyal Customers
15533.0,807.57,3,269.19,18,88,0.033707865168539325,73,4,3,3,10,Loyal Customers
15535.0,536.4,4,134.1,172,327,0.012195121951219513,55,2,4,3,9,Potential Loyal Customers
15537.0,110.92,1,110.92,162,162,0.006134969325153374,24,2,1,1,4,Lost Customers
15539.0,538.46,1,538.46,6,6,0.14285714285714285,41,5,1,3,9,Potential Loyal Customers
15540.0,213.3,1,213.3,10,10,0.09090909090909091,15,5,1,1,7,Potential Loyal Customers
15541.0,85.13000000000001,1,85.13000000000001,113,113,0.008771929824561403,29,2,1,1,4,Lost Customers
15543.0,127.86,1,127.86,287,287,0.003472222222222222,26,1,1,1,3,Lost Customers
15544.0,3546.71,9,394.0788888888889,8,372,0.024128686327077747,122,5,5,5,15,Champions
15545.0,292.71999999999997,2,146.35999999999999,53,370,0.005390835579514825,78,3,3,2,8,Potential Loyal Customers
15547.0,4954.84,14,353.9171428571429,6,361,0.03867403314917127,441,5,5,5,15,Champions
15549.0,1693.26,3,564.42,76,315,0.00949367088607595,104,2,3,4,9,Potential Loyal Customers
15550.0,575.63,4,143.9075,3,301,0.013245033112582781,43,5,4,3,12,Loyal Customers
15551.0,436.06,1,436.06,36,36,0.02702702702702703,29,3,1,2,6,At Risk
15552.0,90.12,1,90.12,216,216,0.004608294930875576,17,1,1,1,3,Lost Customers
15553.0,437.23,1,437.23,59,59,0.016666666666666666,51,3,1,2,6,At Risk
15554.0,217.2,1,217.2,277,277,0.0035971223021582736,14,1,1,1,3,Lost Customers
15555.0,4805.17,16,300.323125,11,368,0.04336043360433604,401,5,5,5,15,Champions
15556.0,279.77,1,279.77,23,23,0.041666666666666664,31,4,1,2,7,Potential Loyal Customers
15557.0,473.65000000000003,1,473.65000000000003,28,28,0.034482758620689655,16,4,1,2,7,Potential Loyal Customers
15561.0,800.59,4,200.1475,11,215,0.018518518518518517,27,5,4,3,12,Loyal Customers
15562.0,134.55,1,134.55,351,351,0.002840909090909091,1,1,1,1,3,Lost Customers
15563.0,1400.44,4,350.11,21,358,0.011142061281337047,88,4,4,4,12,Loyal Customers
15565.0,173.16,2,86.58,49,70,0.028169014084507043,8,3,3,1,7,Potential Loyal Customers
15567.0,186.01,1,186.01,18,18,0.05263157894736842,7,4,1,1,6,At Risk
15568.0,758.29,3,252.76333333333332,2,72,0.0410958904109589,27,5,3,3,11,Loyal Customers
15569.0,1375.71,5,275.142,103,331,0.015060240963855422,27,2,4,4,10,Loyal Customers
15570.0,4165.52,12,347.1266666666667,6,368,0.032520325203252036,231,5,5,5,15,Champions
15571.0,650.4300000000001,4,162.60750000000002,11,77,0.05128205128205128,47,5,4,3,12,Loyal Customers
15572.0,2552.86,7,364.69428571428574,4,277,0.025179856115107913,166,5,5,5,15,Champions
15573.0,607.45,2,303.725,31,85,0.023255813953488372,88,4,3,3,10,Loyal Customers
15574.0,702.25,4,175.5625,177,371,0.010752688172043012,131,2,4,3,9,Potential Loyal Customers
15576.0,940.6700000000001,1,940.6700000000001,37,37,0.02631578947368421,43,3,1,3,7,Potential Loyal Customers
15577.0,258.88,3,86.29333333333334,150,304,0.009836065573770493,39,2,3,2,7,Potential Loyal Customers
15578.0,127.1,1,127.1,161,161,0.006172839506172839,13,2,1,1,4,Lost Customers
15579.0,348.6,2,174.3,68,313,0.006369426751592357,45,3,3,2,8,Potential Loyal Customers
15581.0,3679.9700000000003,13,283.0746153846154,120,365,0.03551912568306011,134,2,5,5,12,Loyal Customers
15582.0,682.9100000000001,3,227.63666666666668,24,219,0.013636363636363636,39,4,3,3,10,Loyal Customers
15584.0,725.11,4,181.2775,23,161,0.024691358024691357,89,4,4,3,11,Loyal Customers
15585.0,455.3,1,455.3,176,176,0.005649717514124294,31,2,1,2,5,At Risk
15587.0,913.6800000000001,4,228.42000000000002,49,351,0.011363636363636364,3,3,4,3,10,Loyal Customers
15589.0,478.53000000000003,3,159.51000000000002,255,310,0.00964630225080386,28,1,3,2,6,At Risk
15592.0,388.58,1,388.58,46,46,0.02127659574468085,24,3,1,2,6,At Risk
15593.0,199.8,1,199.8,70,70,0.014084507042253521,5,3,1,1,5,At Risk
15594.0,1771.78,5,354.356,15,234,0.02127659574468085,85,4,4,4,12,Loyal Customers
15596.0,1406.59,5,281.318,100,364,0.0136986301369863,51,2,4,4,10,Loyal Customers
15597.0,324.57,1,324.57,34,34,0.02857142857142857,22,3,1,2,6,At Risk
15598.0,240.68,1,240.68,52,52,0.018867924528301886,14,3,1,1,5,At Risk
15599.0,761.74,2,380.87,26,203,0.00980392156862745,50,4,3,3,10,Loyal Customers
15601.0,6776.56,14,484.04,10,372,0.03753351206434316,230,5,5,5,15,Champions
15602.0,1297.8700000000001,9,144.20777777777778,7,367,0.024456521739130436,30,5,5,4,14,Champions
15603.0,48.480000000000004,1,48.480000000000004,78,78,0.012658227848101266,2,2,1,1,4,Lost Customers
15604.0,216.39,1,216.39,51,51,0.019230769230769232,17,3,1,1,5,At Risk
15605.0,1198.23,5,239.64600000000002,35,372,0.013404825737265416,61,3,4,4,11,Loyal Customers
15606.0,2920.16,9,324.4622222222222,60,324,0.027692307692307693,48,3,5,5,13,Champions
15607.0,104.76,1,104.76,336,336,0.002967359050445104,13,1,1,1,3,Lost Customers
15608.0,1093.68,4,273.42,27,120,0.03305785123966942,59,4,4,4,12,Loyal Customers
15609.0,298.48,1,298.48,183,183,0.005434782608695652,16,1,1,2,4,Lost Customers
15610.0,112.46000000000001,1,112.46000000000001,51,51,0.019230769230769232,6,3,1,1,5,At Risk
15611.0,1591.45,13,122.41923076923078,9,334,0.03880597014925373,23,5,5,4,14,Champions
15612.0,195.15,2,97.575,35,61,0.03225806451612903,4,3,3,1,7,Potential Loyal Customers
15615.0,10399.74,23,452.1626086956522,9,358,0.06406685236768803,184,5,5,5,15,Champions
15618.0,776.851,4,194.21275,32,136,0.029197080291970802,39,4,4,3,11,Loyal Customers
15619.0,336.40000000000003,1,336.40000000000003,10,10,0.09090909090909091,3,5,1,2,8,Potential Loyal Customers
15620.0,1553.18,3,517.7266666666667,56,357,0.008379888268156424,92,3,3,4,10,Loyal Customers
15621.0,1293.03,4,323.2575,3,21,0.18181818181818182,11,5,4,4,13,Champions
15622.0,3709.56,9,412.17333333333335,42,281,0.031914893617021274,169,3,5,5,13,Champions
15623.0,301.03,1,301.03,140,140,0.0070921985815602835,19,2,1,2,5,At Risk
15624.0,588.13,4,147.0325,116,255,0.015625,26,2,4,3,9,Potential Loyal Customers
15625.0,1534.26,4,383.565,103,234,0.01702127659574468,44,2,4,4,10,Loyal Customers
15626.0,675.8,2,337.9,74,329,0.006060606060606061,49,2,3,3,8,Potential Loyal Customers
15628.0,2870.2400000000002,9,318.91555555555556,4,366,0.02452316076294278,85,5,5,5,15,Champions
15630.0,1186.35,2,593.175,44,204,0.00975609756097561,57,3,3,4,10,Loyal Customers
15632.0,3285.31,8,410.66375,15,274,0.02909090909090909,107,4,5,5,14,Champions
15634.0,243.55,1,243.55,16,16,0.058823529411764705,15,4,1,1,6,At Risk
15636.0,724.76,2,362.38,89,281,0.0070921985815602835,20,2,3,3,8,Potential Loyal Customers
15637.0,223.36,1,223.36,52,52,0.018867924528301886,15,3,1,1,5,At Risk
15639.0,425.32,1,425.32,133,133,0.007462686567164179,25,2,1,2,5,At Risk
15640.0,12515.66,15,834.3773333333334,3,371,0.04032258064516129,240,5,5,5,15,Champions
15641.0,1887.2,4,471.8,104,358,0.011142061281337047,102,2,4,4,10,Loyal Customers
15643.0,664.0,3,221.33333333333334,191,281,0.010638297872340425,31,1,3,3,7,Potential Loyal Customers
15644.0,813.0,4,203.25,165,260,0.01532567049808429,166,2,4,3,9,Potential Loyal Customers
15645.0,612.01,1,612.01,18,18,0.05263157894736842,50,4,1,3,8,Potential Loyal Customers
15646.0,447.64000000000004,3,149.21333333333334,157,371,0.008064516129032258,35,2,3,2,7,Potential Loyal Customers
15648.0,657.35,2,328.675,203,266,0.00749063670411985,23,1,3,3,7,Potential Loyal Customers
15649.0,816.0,2,408.0,335,367,0.005434782608695652,1,1,3,3,7,Potential Loyal Customers
15651.0,646.3,3,215.4333333333333,36,260,0.011494252873563218,27,3,3,3,9,Potential Loyal Customers
15652.0,337.74,1,337.74,90,90,0.01098901098901099,21,2,1,2,5,At Risk
15653.0,877.4399999999999,2,438.71999999999997,92,115,0.017241379310344827,4,2,3,3,8,Potential Loyal Customers
15654.0,922.53,2,461.265,8,25,0.07692307692307693,15,5,3,3,11,Loyal Customers
15655.0,560.67,1,560.67,242,242,0.00411522633744856,34,1,1,3,5,At Risk
15656.0,748.5,4,187.125,44,283,0.014084507042253521,46,3,4,3,10,Loyal Customers
15657.0,30.0,1,30.0,22,22,0.043478260869565216,1,4,1,1,6,At Risk
15658.0,1024.1000000000001,5,204.82000000000002,189,372,0.013404825737265416,40,1,4,4,9,Potential Loyal Customers
15659.0,306.45,1,306.45,43,43,0.022727272727272728,11,3,1,2,6,At Risk
15660.0,1600.86,9,177.87333333333333,24,365,0.02459016393442623,55,4,5,4,13,Champions
15661.0,309.8,2,154.9,316,338,0.0058997050147492625,4,1,3,2,6,At Risk
15663.0,138.14,1,138.14,105,105,0.009433962264150943,9,2,1,1,4,Lost Customers
15664.0,386.43,1,386.43,50,50,0.0196078431372549,17,3,1,2,6,At Risk
15665.0,2242.01,2,1121.005,167,242,0.00823045267489712,92,2,3,5,10,Loyal Customers
15667.0,301.32,1,301.32,39,39,0.025,13,3,1,2,6,At Risk
15668.0,76.32000000000001,1,76.32000000000001,217,217,0.0045871559633027525,1,1,1,1,3,Lost Customers
15669.0,684.34,4,171.085,39,263,0.015151515151515152,31,3,4,3,10,Loyal Customers
15670.0,173.05,1,173.05,296,296,0.003367003367003367,12,1,1,1,3,Lost Customers
15671.0,2657.13,7,379.59000000000003,18,270,0.025830258302583026,52,4,5,5,14,Champions
15673.0,2881.02,4,720.255,87,326,0.012232415902140673,107,2,4,5,11,Loyal Customers
15674.0,2446.6,5,489.32,72,254,0.0196078431372549,88,2,4,5,11,Loyal Customers
15675.0,323.69,3,107.89666666666666,80,279,0.010714285714285714,20,2,3,2,7,Potential Loyal Customers
15676.0,3435.76,3,1145.2533333333333,18,283,0.01056338028169014,191,4,3,5,12,Loyal Customers
15677.0,657.23,1,657.23,48,48,0.02040816326530612,33,3,1,3,7,Potential Loyal Customers
15678.0,352.7,1,352.7,52,52,0.018867924528301886,12,3,1,2,6,At Risk
15679.0,781.28,4,195.32,23,182,0.02185792349726776,98,4,4,3,11,Loyal Customers
15680.0,1333.68,3,444.56,8,365,0.00819672131147541,61,5,3,4,12,Loyal Customers
15681.0,1426.16,5,285.232,24,279,0.017857142857142856,32,4,4,4,12,Loyal Customers
15683.0,193.75,1,193.75,116,116,0.008547008547008548,10,2,1,1,4,Lost Customers
15687.0,2993.1,9,332.56666666666666,8,329,0.02727272727272727,119,5,5,5,15,Champions
15689.0,254.1,2,127.05,119,361,0.0055248618784530384,8,2,3,2,7,Potential Loyal Customers
15690.0,239.76,2,119.88,3,100,0.019801980198019802,19,5,3,1,9,Potential Loyal Customers
15691.0,136.8,1,136.8,251,251,0.003968253968253968,2,1,1,1,3,Lost Customers
15692.0,191.04,1,191.04,27,27,0.03571428571428571,12,4,1,1,6,At Risk
15694.0,6479.4,14,462.8142857142857,0,372,0.03753351206434316,42,5,5,5,15,Champions
15695.0,409.98,2,204.99,266,266,0.00749063670411985,22,1,3,2,6,At Risk
15696.0,2736.46,8,342.0575,32,326,0.024464831804281346,140,4,5,5,14,Champions
15699.0,309.65,1,309.65,17,17,0.05555555555555555,18,4,1,2,7,Potential Loyal Customers
15700.0,696.68,2,348.34,171,172,0.011560693641618497,85,2,3,3,8,Potential Loyal Customers
15701.0,1542.14,4,385.535,1,110,0.036036036036036036,193,5,4,4,13,Champions
15703.0,211.5,1,211.5,264,264,0.0037735849056603774,5,1,1,1,3,Lost Customers
15704.0,2293.62,4,573.405,139,215,0.018518518518518517,79,2,4,5,11,Loyal Customers
15705.0,143.1,1,143.1,200,200,0.004975124378109453,6,1,1,1,3,Lost Customers
15706.0,1060.56,4,265.14,63,115,0.034482758620689655,50,3,4,4,11,Loyal Customers
15707.0,945.58,4,236.395,34,85,0.046511627906976744,126,3,4,4,11,Loyal Customers
15708.0,3364.2400000000002,7,480.6057142857143,40,369,0.01891891891891892,124,3,5,5,13,Champions
15709.0,133.25,1,133.25,283,283,0.0035211267605633804,6,1,1,1,3,Lost Customers
15712.0,1072.3600000000001,5,214.47200000000004,8,287,0.017361111111111112,41,5,4,4,13,Champions
15713.0,356.7,2,178.35,142,365,0.00546448087431694,18,2,3,2,7,Potential Loyal Customers
15714.0,330.88,2,165.44,11,77,0.02564102564102564,34,5,3,2,10,Loyal Customers
15716.0,1118.81,4,279.7025,145,369,0.010810810810810811,101,2,4,4,10,Loyal Customers
15717.0,150.3,1,150.3,233,233,0.004273504273504274,7,1,1,1,3,Lost Customers
15719.0,5045.61,13,388.1238461538461,32,337,0.038461538461538464,299,4,5,5,14,Champions
15720.0,598.73,1,598.73,23,23,0.041666666666666664,128,4,1,3,8,Potential Loyal Customers
15721.0,507.08,1,507.08,11,11,0.08333333333333333,80,5,1,3,9,Potential Loyal Customers
15722.0,2222.56,5,444.512,35,290,0.01718213058419244,45,3,4,5,12,Loyal Customers
15723.0,203.1,1,203.1,364,364,0.0027397260273972603,37,1,1,1,3,Lost Customers
15724.0,218.25,2,109.125,200,284,0.007017543859649123,11,1,3,1,5,At Risk
15725.0,415.25,1,415.25,14,14,0.06666666666666667,32,4,1,2,7,Potential Loyal Customers
15727.0,5178.96,7,739.8514285714285,16,358,0.019498607242339833,213,4,5,5,14,Champions
15729.0,85.0,1,85.0,212,212,0.004694835680751174,5,1,1,1,3,Lost Customers
15730.0,1120.88,3,373.6266666666667,65,206,0.014492753623188406,68,3,3,4,10,Loyal Customers
15732.0,294.12,2,147.06,211,371,0.005376344086021506,13,1,3,2,6,At Risk
15733.0,162.3,1,162.3,282,282,0.0035335689045936395,10,1,1,1,3,Lost Customers
15734.0,1339.45,2,669.725,114,199,0.01,25,2,3,4,9,Potential Loyal Customers
15737.0,1205.1200000000001,8,150.64000000000001,14,242,0.03292181069958848,60,4,5,4,13,Champions
15738.0,4812.42,16,300.77625,18,372,0.04289544235924933,46,4,5,5,14,Champions
15739.0,449.12,1,449.12,65,65,0.015151515151515152,8,3,1,2,6,At Risk
15740.0,154.88,1,154.88,48,48,0.02040816326530612,9,3,1,1,5,At Risk
15743.0,784.46,4,196.115,15,184,0.021621621621621623,59,4,4,3,11,Loyal Customers
15744.0,34.8,1,34.8,77,77,0.01282051282051282,3,2,1,1,4,Lost Customers
15745.0,1094.59,4,273.6475,18,235,0.01694915254237288,57,4,4,4,12,Loyal Customers
15746.0,196.88,1,196.88,133,133,0.007462686567164179,28,2,1,1,4,Lost Customers
15747.0,974.04,3,324.68,12,172,0.017341040462427744,52,5,3,4,12,Loyal Customers
15748.0,149.31,1,149.31,39,39,0.025,19,3,1,1,5,At Risk
15749.0,44534.3,3,14844.766666666668,234,331,0.009036144578313253,5,1,3,5,9,Potential Loyal Customers
15750.0,2465.48,8,308.185,2,366,0.021798365122615803,214,5,5,5,15,Champions
15752.0,2637.38,7,376.7685714285714,39,372,0.01876675603217158,236,3,5,5,13,Champions
15753.0,79.2,1,79.2,304,304,0.003278688524590164,1,1,1,1,3,Lost Customers
15754.0,458.57,3,152.85666666666665,50,246,0.012145748987854251,24,3,3,2,8,Potential Loyal Customers
15755.0,2364.25,6,394.0416666666667,9,294,0.020338983050847456,127,5,5,5,15,Champions
15756.0,532.96,4,133.24,60,248,0.01606425702811245,160,3,4,3,10,Loyal Customers
15757.0,714.42,2,357.21,65,217,0.009174311926605505,43,3,3,3,9,Potential Loyal Customers
15758.0,205.25,1,205.25,24,24,0.04,9,4,2,1,7,Potential Loyal Customers
15759.0,253.04,3,84.34666666666666,217,357,0.008379888268156424,5,1,3,2,6,At Risk
15762.0,583.75,2,291.875,64,76,0.025974025974025976,37,3,3,3,9,Potential Loyal Customers
15763.0,1086.92,2,543.46,31,77,0.02564102564102564,58,4,3,4,11,Loyal Customers
15764.0,3279.97,6,546.6616666666666,87,276,0.021660649819494584,150,2,5,5,12,Loyal Customers
15766.0,315.06,1,315.06,63,63,0.015625,11,3,2,2,7,Potential Loyal Customers
15768.0,621.8299999999999,3,207.27666666666664,115,225,0.01327433628318584,23,2,4,3,9,Potential Loyal Customers
15769.0,56252.72,26,2163.566153846154,6,370,0.07008086253369272,26,5,5,5,15,Champions
15773.0,635.6800000000001,1,635.6800000000001,5,5,0.16666666666666666,10,5,2,3,10,Loyal Customers
15774.0,270.8,1,270.8,68,68,0.014492753623188406,25,3,2,2,7,Potential Loyal Customers
15775.0,104.9,1,104.9,244,244,0.004081632653061225,7,1,2,1,4,Lost Customers
15776.0,241.62,1,241.62,132,132,0.007518796992481203,18,2,2,1,5,At Risk
15777.0,1047.11,4,261.7775,240,360,0.0110803324099723,18,1,4,4,9,Potential Loyal Customers
15780.0,475.28000000000003,3,158.42666666666668,183,357,0.008379888268156424,26,1,4,2,7,Potential Loyal Customers
15781.0,345.46,3,115.15333333333332,24,305,0.00980392156862745,20,4,4,2,10,Loyal Customers
15782.0,2614.7400000000002,3,871.58,9,88,0.033707865168539325,34,5,4,5,14,Champions
15783.0,246.3,1,246.3,10,10,0.09090909090909091,14,5,2,1,8,Potential Loyal Customers
15785.0,2328.9700000000003,5,465.79400000000004,32,294,0.01694915254237288,58,4,4,5,13,Champions
15786.0,4932.2,3,1644.0666666666666,45,113,0.02631578947368421,257,3,4,5,12,Loyal Customers
15787.0,948.05,3,316.01666666666665,25,60,0.04918032786885246,156,4,4,4,12,Loyal Customers
15789.0,351.3,1,351.3,357,357,0.002793296089385475,25,1,2,2,5,At Risk
15790.0,220.85,1,220.85,9,9,0.1,34,5,2,1,8,Potential Loyal Customers
15791.0,1612.69,2,806.345,43,203,0.00980392156862745,66,3,3,4,10,Loyal Customers
15793.0,965.61,3,321.87,14,268,0.011152416356877323,6,4,4,4,12,Loyal Customers
15795.0,610.01,1,610.01,149,149,0.006666666666666667,42,2,2,3,7,Potential Loyal Customers
15796.0,2711.56,8,338.945,0,301,0.026490066225165563,70,5,5,5,15,Champions
15797.0,2207.4,4,551.85,112,318,0.012539184952978056,8,2,4,5,11,Loyal Customers
15799.0,884.14,3,294.7133333333333,75,333,0.008982035928143712,94,2,4,3,9,Potential Loyal Customers
15800.0,699.08,2,349.54,106,246,0.008097165991902834,116,2,3,3,8,Potential Loyal Customers
15801.0,1063.95,3,354.65000000000003,45,109,0.02727272727272727,61,3,4,4,11,Loyal Customers
15802.0,451.42,1,451.42,142,142,0.006993006993006993,1,2,2,2,6,At Risk
15803.0,415.82000000000005,1,415.82000000000005,50,50,0.0196078431372549,8,3,2,2,7,Potential Loyal Customers
15804.0,4206.39,13,323.5684615384616,0,198,0.06532663316582915,170,5,5,5,15,Champions
15805.0,5528.4800000000005,17,325.204705882353,22,364,0.04657534246575343,220,4,5,5,14,Champions
15806.0,784.58,3,261.5266666666667,45,276,0.010830324909747292,24,3,4,3,10,Loyal Customers
15807.0,903.9,3,301.3,49,76,0.03896103896103896,48,3,4,3,10,Loyal Customers
15808.0,3734.9700000000003,4,933.7425000000001,305,368,0.01084010840108401,142,1,4,5,10,Loyal Customers
15809.0,515.77,5,103.154,35,302,0.0165016501650165,31,3,4,3,10,Loyal Customers
15810.0,1391.98,4,347.995,78,296,0.013468013468013467,66,2,4,4,10,Loyal Customers
15811.0,2218.62,6,369.77,21,364,0.01643835616438356,117,4,5,5,14,Champions
15812.0,1801.14,5,360.228,106,317,0.015723270440251572,36,2,4,4,10,Loyal Customers
15813.0,1303.9099999999999,2,651.9549999999999,207,239,0.008333333333333333,40,1,3,4,8,Potential Loyal Customers
15814.0,1945.33,4,486.3325,16,50,0.0784313725490196,63,4,4,4,12,Loyal Customers
15815.0,2100.6,5,420.12,63,259,0.019230769230769232,33,3,4,5,12,Loyal Customers
15819.0,1905.45,4,476.3625,48,276,0.01444043321299639,96,3,4,4,11,Loyal Customers
15820.0,206.98,1,206.98,319,319,0.003125,17,1,2,1,4,Lost Customers
15821.0,570.96,2,285.48,43,60,0.03278688524590164,57,3,3,3,9,Potential Loyal Customers
15822.0,885.47,2,442.735,2,358,0.005571030640668524,28,5,3,3,11,Loyal Customers
15823.0,15.0,1,15.0,371,371,0.002688172043010753,1,1,2,1,4,Lost Customers
15825.0,532.94,1,532.94,171,171,0.005813953488372093,20,2,2,3,7,Potential Loyal Customers
15826.0,1654.31,3,551.4366666666666,55,210,0.014218009478672985,64,3,4,4,11,Loyal Customers
15827.0,1836.0900000000001,14,131.14928571428572,72,371,0.03763440860215054,72,2,5,4,11,Loyal Customers
15829.0,636.14,2,318.07,98,140,0.014184397163120567,44,2,3,3,8,Potential Loyal Customers
15830.0,576.0,1,576.0,37,37,0.02631578947368421,39,3,2,3,8,Potential Loyal Customers
15831.0,801.76,3,267.25333333333333,57,323,0.009259259259259259,63,3,4,3,10,Loyal Customers
15832.0,836.79,1,836.79,253,253,0.003937007874015748,54,1,2,3,6,At Risk
15834.0,2233.75,4,558.4375,69,276,0.01444043321299639,242,3,4,5,12,Loyal Customers
15835.0,954.09,4,238.5225,43,330,0.012084592145015106,47,3,4,4,11,Loyal Customers
15836.0,137.37,1,137.37,49,49,0.02,10,3,2,1,6,At Risk
15837.0,391.98,1,391.98,64,64,0.015384615384615385,24,3,2,2,7,Potential Loyal Customers
15838.0,33643.08,19,1770.6884210526316,10,367,0.051630434782608696,54,5,5,5,15,Champions
15839.0,1048.49,3,349.49666666666667,32,147,0.02027027027027027,56,4,4,4,12,Loyal Customers
15840.0,355.56,2,177.78,58,172,0.011560693641618497,26,3,3,2,8,Potential Loyal Customers
15841.0,1224.06,4,306.015,72,338,0.011799410029498525,36,2,4,4,10,Loyal Customers
15843.0,118.95000000000002,1,118.95000000000002,303,303,0.003289473684210526,8,1,2,1,4,Lost Customers
15844.0,130.73999999999998,1,130.73999999999998,45,45,0.021739130434782608,11,3,2,1,6,At Risk
15845.0,3711.77,8,463.97125,17,336,0.02373887240356083,97,4,5,5,14,Champions
15847.0,389.27,2,194.635,37,287,0.006944444444444444,22,3,3,2,8,Potential Loyal Customers
15850.0,238.85,2,119.425,18,167,0.011904761904761904,87,4,3,1,8,Potential Loyal Customers
15852.0,160.71,2,80.355,186,196,0.01015228426395939,22,1,3,1,5,At Risk
15853.0,110.8,1,110.8,51,51,0.019230769230769232,29,3,2,1,6,At Risk
15854.0,2974.65,12,247.88750000000002,3,361,0.03314917127071823,105,5,5,5,15,Champions
15855.0,712.24,5,142.448,136,263,0.01893939393939394,59,2,4,3,9,Potential Loyal Customers
15856.0,16387.57,27,606.947037037037,3,364,0.07397260273972603,295,5,5,5,15,Champions
15857.0,297.0,1,297.0,18,18,0.05263157894736842,14,4,2,2,8,Potential Loyal Customers
15858.0,1438.85,5,287.77,15,366,0.013623978201634877,145,4,4,4,12,Loyal Customers
15860.0,977.21,8,122.15125,40,368,0.02168021680216802,105,3,5,4,12,Loyal Customers
15861.0,3165.36,8,395.67,11,266,0.0299625468164794,339,5,5,5,15,Champions
15862.0,832.88,4,208.22,7,373,0.0106951871657754,142,5,4,3,12,Loyal Customers
15863.0,68.84,2,34.42,25,192,0.010362694300518135,18,4,3,1,8,Potential Loyal Customers
15864.0,1936.3200000000002,6,322.72,21,315,0.0189873417721519,16,4,5,4,13,Champions
15865.0,895.13,3,298.37666666666667,40,213,0.014018691588785047,37,3,4,3,10,Loyal Customers
15866.0,230.53,1,230.53,100,100,0.009900990099009901,43,2,2,1,5,At Risk
15867.0,3812.64,15,254.176,4,368,0.04065040650406504,302,5,5,5,15,Champions
15869.0,149.64,2,74.82,276,276,0.007220216606498195,13,1,3,1,5,At Risk
15870.0,354.09000000000003,1,354.09000000000003,32,32,0.030303030303030304,68,4,2,2,8,Potential Loyal Customers
15872.0,360.93,2,180.465,14,14,0.13333333333333333,101,4,3,2,9,Potential Loyal Customers
15874.0,4405.88,7,629.4114285714286,63,283,0.02464788732394366,110,3,5,5,13,Champions
15877.0,493.28,2,246.64,1,17,0.1111111111111111,122,5,3,3,11,Loyal Customers
15880.0,343.28000000000003,1,343.28000000000003,368,368,0.0027100271002710027,95,1,2,2,5,At Risk
15881.0,501.39000000000004,5,100.278,311,363,0.013736263736263736,26,1,4,3,8,Potential Loyal Customers
15882.0,516.36,4,129.09,198,367,0.010869565217391304,23,1,4,3,8,Potential Loyal Customers
15883.0,396.48,2,198.24,1,32,0.06060606060606061,42,5,3,2,10,Loyal Customers
15885.0,379.35,3,126.45,92,308,0.009708737864077669,18,2,4,2,8,Potential Loyal Customers
15886.0,181.09,1,181.09,59,59,0.016666666666666666,12,3,2,1,6,At Risk
15888.0,168.31,1,168.31,80,80,0.012345679012345678,11,2,2,1,5,At Risk
15889.0,446.87,2,223.435,156,368,0.005420054200542005,79,2,3,2,7,Potential Loyal Customers
15891.0,524.52,1,524.52,226,226,0.004405286343612335,60,1,2,3,6,At Risk
15894.0,263.55,2,131.775,252,368,0.005420054200542005,35,1,3,2,6,At Risk
15895.0,179.17,1,179.17,149,149,0.006666666666666667,11,2,2,1,5,At Risk
15897.0,222.05,2,111.025,193,193,0.010309278350515464,17,1,3,1,5,At Risk
15898.0,1388.88,5,277.776,0,368,0.013550135501355014,70,5,4,4,13,Champions
15899.0,56.25,1,56.25,368,368,0.0027100271002710027,4,1,2,1,4,Lost Customers
15900.0,351.11,1,351.11,23,23,0.041666666666666664,44,4,2,2,8,Potential Loyal Customers
15901.0,363.88,3,121.29333333333334,16,154,0.01935483870967742,102,4,4,2,10,Loyal Customers
15903.0,5126.76,7,732.3942857142857,9,294,0.023728813559322035,46,5,5,5,15,Champions
15904.0,164.68,1,164.68,7,7,0.125,30,5,2,1,8,Potential Loyal Customers
15906.0,1567.69,7,223.9557142857143,19,254,0.027450980392156862,113,4,5,4,13,Champions
15907.0,967.45,3,322.48333333333335,3,209,0.014285714285714285,175,5,4,4,13,Champions
15909.0,191.94,1,191.94,173,173,0.005747126436781609,7,2,2,1,5,At Risk
15910.0,1232.18,8,154.0225,0,316,0.025236593059936908,215,5,5,4,14,Champions
15912.0,264.62,2,132.31,177,232,0.008583690987124463,19,2,3,2,7,Potential Loyal Customers
15916.0,1528.09,8,191.01125,15,365,0.02185792349726776,124,4,5,4,13,Champions
15917.0,123.1,1,123.1,247,247,0.004032258064516129,12,1,2,1,4,Lost Customers
15918.0,334.23,2,167.115,190,270,0.007380073800738007,33,1,3,2,6,At Risk
15919.0,639.89,2,319.945,19,368,0.005420054200542005,103,4,3,3,10,Loyal Customers
15920.0,167.5,4,41.875,153,153,0.025974025974025976,53,2,4,1,7,Potential Loyal Customers
15921.0,336.03000000000003,1,336.03000000000003,172,172,0.005780346820809248,24,2,2,2,6,At Risk
15922.0,369.5,1,369.5,372,372,0.002680965147453083,11,1,2,2,5,At Risk
15923.0,127.08,1,127.08,372,372,0.002680965147453083,21,1,2,1,4,Lost Customers
15925.0,207.15,1,207.15,193,193,0.005154639175257732,12,1,2,1,4,Lost Customers
15930.0,426.63,1,426.63,66,66,0.014925373134328358,21,3,2,2,7,Potential Loyal Customers
15932.0,2495.87,8,311.98375,3,288,0.02768166089965398,93,5,5,5,15,Champions
15933.0,1107.46,3,369.15333333333336,20,86,0.034482758620689655,63,4,4,4,12,Loyal Customers
15935.0,416.86,2,208.43,238,241,0.008264462809917356,12,1,3,2,6,At Risk
15937.0,145.35,1,145.35,63,63,0.015625,7,3,2,1,6,At Risk
15938.0,404.58,5,80.916,111,323,0.015432098765432098,13,2,4,2,8,Potential Loyal Customers
15939.0,6115.01,15,407.6673333333334,89,331,0.045180722891566265,28,2,5,5,12,Loyal Customers
15940.0,35.8,1,35.8,310,310,0.003215434083601286,1,1,2,1,4,Lost Customers
15942.0,337.44,1,337.44,133,133,0.007462686567164179,14,2,2,2,6,At Risk
15944.0,325.1,1,325.1,276,276,0.0036101083032490976,6,1,2,2,5,At Risk
15945.0,181.0,1,181.0,364,364,0.0027397260273972603,2,1,2,1,4,Lost Customers
15947.0,1708.24,1,1708.24,82,82,0.012048192771084338,29,2,2,4,8,Potential Loyal Customers
15948.0,955.24,2,477.62,7,43,0.045454545454545456,51,5,3,4,12,Loyal Customers
15949.0,364.72,2,182.36,16,70,0.028169014084507043,12,4,3,2,9,Potential Loyal Customers
15950.0,1765.51,4,441.3775,31,359,0.011111111111111112,86,4,4,4,12,Loyal Customers
15951.0,708.22,2,354.11,8,285,0.006993006993006993,36,5,3,3,11,Loyal Customers
15952.0,806.57,4,201.6425,33,224,0.017777777777777778,65,3,4,3,10,Loyal Customers
15953.0,1659.3799999999999,8,207.42249999999999,14,368,0.02168021680216802,63,4,5,4,13,Champions
15955.0,4416.26,14,315.44714285714286,23,372,0.03753351206434316,137,4,5,5,14,Champions
15957.0,428.89,1,428.89,31,31,0.03125,40,4,2,2,8,Potential Loyal Customers
15958.0,104.35,1,104.35,73,73,0.013513513513513514,7,2,2,1,5,At Risk
15963.0,470.76,2,235.38,19,44,0.044444444444444446,26,4,3,2,9,Potential Loyal Customers
15965.0,845.64,4,211.41,16,366,0.010899182561307902,88,4,4,3,11,Loyal Customers
15967.0,418.83,2,209.415,22,318,0.006269592476489028,73,4,3,2,9,Potential Loyal Customers
15969.0,666.1,3,222.03333333333333,2,185,0.016129032258064516,20,5,4,3,12,Loyal Customers
15970.0,314.1,1,314.1,303,303,0.003289473684210526,11,1,2,2,5,At Risk
15971.0,4199.85,12,349.9875,17,310,0.03858520900321544,10,4,5,5,14,Champions
15973.0,307.82000000000005,1,307.82000000000005,366,366,0.0027247956403269754,4,1,2,2,5,At Risk
15974.0,3442.15,7,491.7357142857143,38,288,0.02422145328719723,141,3,5,5,13,Champions
15975.0,371.01,1,371.01,83,83,0.011904761904761904,24,2,2,2,6,At Risk
15976.0,430.94,2,215.47,164,219,0.00909090909090909,83,2,3,2,7,Potential Loyal Customers
15977.0,1054.73,2,527.365,16,38,0.05128205128205128,48,4,3,4,11,Loyal Customers
15978.0,1098.78,1,1098.78,76,76,0.012987012987012988,49,2,2,4,8,Potential Loyal Customers
15980.0,2398.86,3,799.62,88,253,0.011811023622047244,40,2,4,5,11,Loyal Customers
15981.0,3408.48,8,426.06,24,310,0.02572347266881029,53,4,5,5,14,Champions
15983.0,1475.02,4,368.755,21,373,0.0106951871657754,82,4,4,4,12,Loyal Customers
15984.0,2837.67,10,283.767,2,367,0.02717391304347826,217,5,5,5,15,Champions
15985.0,1142.42,2,571.21,122,236,0.008438818565400843,29,2,3,4,9,Potential Loyal Customers
15986.0,168.12,1,168.12,29,29,0.03333333333333333,14,4,2,1,7,Potential Loyal Customers
15987.0,1451.28,7,207.32571428571427,11,368,0.018970189701897018,110,5,5,4,14,Champions
15988.0,158.03,1,158.03,18,18,0.05263157894736842,26,4,2,1,7,Potential Loyal Customers
15990.0,792.11,2,396.055,43,286,0.006968641114982578,52,3,3,3,9,Potential Loyal Customers
15992.0,41.989999999999995,1,41.989999999999995,3,3,0.25,3,5,2,1,8,Potential Loyal Customers
15993.0,2797.57,7,399.65285714285716,8,43,0.1590909090909091,335,5,5,5,15,Champions
15994.0,427.07,1,427.07,54,54,0.01818181818181818,31,3,2,2,7,Potential Loyal Customers
15996.0,1060.68,6,176.78,87,365,0.01639344262295082,103,2,5,4,11,Loyal Customers
15998.0,3089.97,5,617.9939999999999,36,361,0.013812154696132596,370,3,4,5,12,Loyal Customers
16000.0,12393.7,3,4131.233333333334,2,2,1.0,9,5,4,5,14,Champions
16003.0,2735.37,5,547.074,29,359,0.013888888888888888,82,4,4,5,13,Champions
16005.0,615.39,4,153.8475,11,270,0.014760147601476014,173,5,4,3,12,Loyal Customers
16006.0,101.4,1,101.4,210,210,0.004739336492890996,8,1,2,1,4,Lost Customers
16007.0,1701.94,4,425.485,47,214,0.018604651162790697,221,3,4,4,11,Loyal Customers
16008.0,478.78,3,159.59333333333333,23,204,0.014634146341463415,29,4,4,2,10,Loyal Customers
16009.0,992.71,4,248.1775,21,159,0.025,68,4,4,4,12,Loyal Customers
16010.0,407.5,3,135.83333333333334,245,362,0.008264462809917356,62,1,4,2,7,Potential Loyal Customers
16011.0,3362.71,16,210.169375,7,365,0.04371584699453552,99,5,5,5,15,Champions
16012.0,1415.29,3,471.7633333333333,34,154,0.01935483870967742,87,3,4,4,11,Loyal Customers
16013.0,37130.6,47,790.0127659574467,3,370,0.12668463611859837,30,5,5,5,15,Champions
16014.0,662.38,3,220.79333333333332,37,290,0.010309278350515464,123,3,4,3,10,Loyal Customers
16015.0,705.39,3,235.13,3,48,0.061224489795918366,146,5,4,3,12,Loyal Customers
16016.0,1508.76,8,188.595,2,366,0.021798365122615803,156,5,5,4,14,Champions
16017.0,211.88,1,211.88,46,46,0.02127659574468085,26,3,2,1,6,At Risk
16018.0,408.90000000000003,2,204.45000000000002,38,179,0.011111111111111112,26,3,3,2,8,Potential Loyal Customers
16019.0,3786.2400000000002,9,420.6933333333334,46,364,0.024657534246575342,133,3,5,5,13,Champions
16020.0,851.01,3,283.67,16,64,0.046153846153846156,42,4,4,3,11,Loyal Customers
16022.0,628.28,1,628.28,259,259,0.0038461538461538464,68,1,2,3,6,At Risk
16023.0,719.81,3,239.93666666666664,45,265,0.011278195488721804,90,3,4,3,10,Loyal Customers
16024.0,251.24,1,251.24,11,11,0.08333333333333333,61,5,2,2,9,Potential Loyal Customers
16025.0,439.65999999999997,1,439.65999999999997,29,29,0.03333333333333333,28,4,2,2,8,Potential Loyal Customers
16026.0,236.09,1,236.09,42,42,0.023255813953488372,30,3,2,1,6,At Risk
16027.0,934.62,6,155.77,91,302,0.019801980198019802,11,2,5,3,10,Loyal Customers
16029.0,81024.84,63,1286.1085714285714,38,373,0.16844919786096257,44,3,5,5,13,Champions
16030.0,331.24,1,331.24,309,309,0.0032258064516129032,28,1,2,2,5,At Risk
16031.0,548.94,2,274.47,91,246,0.008097165991902834,91,2,3,3,8,Potential Loyal Customers
16033.0,8816.4,20,440.82,5,369,0.05405405405405406,538,5,5,5,15,Champions
16034.0,437.7,3,145.9,195,332,0.009009009009009009,18,1,4,2,7,Potential Loyal Customers
16036.0,758.92,2,379.46,86,262,0.0076045627376425855,55,2,3,3,8,Potential Loyal Customers
16037.0,855.02,3,285.00666666666666,269,358,0.008356545961002786,37,1,4,3,8,Potential Loyal Customers
16038.0,471.78000000000003,3,157.26000000000002,7,201,0.01485148514851485,24,5,4,2,11,Loyal Customers
16040.0,1313.55,3,437.84999999999997,64,268,0.011152416356877323,57,3,4,4,11,Loyal Customers
16041.0,3166.4,3,1055.4666666666667,30,140,0.02127659574468085,6,4,4,5,13,Champions
16042.0,1197.27,5,239.454,21,331,0.015060240963855422,68,4,4,4,12,Loyal Customers
16043.0,773.99,4,193.4975,37,317,0.012578616352201259,30,3,4,3,10,Loyal Customers
16045.0,1340.7,4,335.175,119,289,0.013793103448275862,71,2,4,4,10,Loyal Customers
16048.0,256.44,2,128.22,372,372,0.005361930294906166,8,1,3,2,6,At Risk
16049.0,1111.79,3,370.59666666666664,39,74,0.04,248,3,4,4,11,Loyal Customers
16050.0,137.9,1,137.9,173,173,0.005747126436781609,10,2,2,1,5,At Risk
16052.0,362.06,1,362.06,53,53,0.018518518518518517,34,3,2,2,7,Potential Loyal Customers
16053.0,1511.95,2,755.975,32,121,0.01639344262295082,81,4,3,4,11,Loyal Customers
16054.0,783.9,1,783.9,144,144,0.006896551724137931,70,2,2,3,7,Potential Loyal Customers
16055.0,134.8,1,134.8,220,220,0.004524886877828055,8,1,2,1,4,Lost Customers
16056.0,664.85,1,664.85,44,44,0.022222222222222223,66,3,2,3,8,Potential Loyal Customers
16057.0,2263.12,7,323.30285714285714,15,284,0.02456140350877193,109,4,5,5,14,Champions
16059.0,1459.8600000000001,6,243.31000000000003,65,367,0.016304347826086956,126,3,5,4,12,Loyal Customers
16062.0,1153.62,4,288.405,9,364,0.010958904109589041,50,5,4,4,13,Champions
16063.0,335.32,1,335.32,259,259,0.0038461538461538464,23,1,2,2,5,At Risk
16065.0,372.09,1,372.09,364,364,0.0027397260273972603,71,1,2,2,5,At Risk
16066.0,1521.87,5,304.37399999999997,16,123,0.04032258064516129,77,4,4,4,12,Loyal Customers
16070.0,852.15,2,426.075,21,31,0.0625,32,4,3,3,10,Loyal Customers
16071.0,326.24,1,326.24,44,44,0.022222222222222223,21,3,2,2,7,Potential Loyal Customers
16072.0,584.3199999999999,1,584.3199999999999,287,287,0.003472222222222222,23,1,2,3,6,At Risk
16073.0,122.39999999999999,1,122.39999999999999,296,296,0.003367003367003367,1,1,2,1,4,Lost Customers
16076.0,2234.73,10,223.473,2,208,0.04784688995215311,71,5,5,5,15,Champions
16078.0,79.2,1,79.2,283,283,0.0035211267605633804,1,1,2,1,4,Lost Customers
16079.0,1352.0,3,450.6666666666667,16,39,0.075,18,4,4,4,12,Loyal Customers
16080.0,217.16,2,108.58,81,273,0.0072992700729927005,10,2,3,1,6,At Risk
16081.0,2806.9,5,561.38,55,366,0.013623978201634877,175,3,4,5,12,Loyal Customers
16083.0,1317.62,2,658.81,100,360,0.00554016620498615,31,2,3,4,9,Potential Loyal Customers
16084.0,436.18,1,436.18,298,298,0.0033444816053511705,38,1,2,2,5,At Risk
16085.0,981.51,5,196.302,22,320,0.01557632398753894,123,4,4,4,12,Loyal Customers
16086.0,1121.39,5,224.27800000000002,58,366,0.013623978201634877,24,3,4,4,11,Loyal Customers
16091.0,315.06,2,157.53,154,198,0.010050251256281407,16,2,3,2,7,Potential Loyal Customers
16092.0,817.86,3,272.62,114,253,0.011811023622047244,37,2,4,3,9,Potential Loyal Customers
16093.0,17.0,1,17.0,106,106,0.009345794392523364,1,2,2,1,5,At Risk
16094.0,1078.23,4,269.5575,11,218,0.0182648401826484,48,5,4,4,13,Champions
16096.0,320.62,1,320.62,263,263,0.003787878787878788,12,1,2,2,5,At Risk
16097.0,185.04999999999998,1,185.04999999999998,239,239,0.004166666666666667,10,1,2,1,4,Lost Customers
16098.0,2005.63,7,286.5185714285714,87,373,0.01871657754010695,34,2,5,4,11,Loyal Customers
16099.0,731.9,3,243.96666666666667,49,225,0.01327433628318584,29,3,4,3,10,Loyal Customers
16101.0,1290.7,1,1290.7,70,70,0.014084507042253521,76,3,2,4,9,Potential Loyal Customers
16102.0,1842.14,3,614.0466666666667,41,128,0.023255813953488372,41,3,4,4,11,Loyal Customers
16103.0,1429.64,6,238.27333333333334,6,233,0.02564102564102564,30,5,5,4,14,Champions
16104.0,302.36,1,302.36,61,61,0.016129032258064516,28,3,2,2,7,Potential Loyal Customers
16105.0,336.96,1,336.96,248,248,0.004016064257028112,13,1,2,2,5,At Risk
16106.0,108.38,1,108.38,65,65,0.015151515151515152,6,3,2,1,6,At Risk
16107.0,3204.1600000000003,7,457.7371428571429,17,182,0.03825136612021858,16,4,5,5,14,Champions
16108.0,842.5,1,842.5,84,84,0.011764705882352941,48,2,2,3,7,Potential Loyal Customers
16109.0,611.88,2,305.94,218,308,0.006472491909385114,18,1,3,3,7,Potential Loyal Customers
16110.0,1337.48,3,445.82666666666665,44,310,0.00964630225080386,283,3,4,4,11,Loyal Customers
16112.0,195.73999999999998,4,48.934999999999995,142,338,0.011799410029498525,15,2,4,1,7,Potential Loyal Customers
16113.0,161.38,1,161.38,182,182,0.00546448087431694,30,1,2,1,4,Lost Customers
16114.0,135.75000000000003,1,135.75000000000003,170,170,0.005847953216374269,8,2,2,1,5,At Risk
16115.0,1667.97,8,208.49625,9,292,0.027303754266211604,169,5,5,4,14,Champions
16116.0,612.78,1,612.78,211,211,0.0047169811320754715,34,1,2,3,6,At Risk
16117.0,232.21,1,232.21,189,189,0.005263157894736842,30,1,2,1,4,Lost Customers
16119.0,423.36,2,211.68,7,72,0.0273972602739726,14,5,3,2,10,Loyal Customers
16120.0,1309.14,4,327.285,58,58,0.06779661016949153,26,3,4,4,11,Loyal Customers
16121.0,867.11,2,433.555,56,215,0.009259259259259259,170,3,3,3,9,Potential Loyal Customers
16122.0,684.4200000000001,4,171.10500000000002,72,366,0.010899182561307902,26,2,4,3,9,Potential Loyal Customers
16123.0,307.78,1,307.78,51,51,0.019230769230769232,16,3,2,2,7,Potential Loyal Customers
16124.0,249.0,1,249.0,316,316,0.0031545741324921135,11,1,2,1,4,Lost Customers
16125.0,289.35,1,289.35,366,366,0.0027247956403269754,13,1,2,2,5,At Risk
16126.0,6287.77,4,1571.9425,28,296,0.013468013468013467,57,4,4,5,13,Champions
16127.0,656.25,1,656.25,38,38,0.02564102564102564,40,3,2,3,8,Potential Loyal Customers
16128.0,1880.22,5,376.044,17,282,0.0176678445229682,76,4,4,4,12,Loyal Customers
16131.0,3506.54,6,584.4233333333333,51,239,0.025,55,3,5,5,13,Champions
16133.0,14589.04,33,442.09212121212124,3,317,0.10377358490566038,219,5,5,5,15,Champions
16134.0,618.09,2,309.045,21,358,0.005571030640668524,34,4,3,3,10,Loyal Customers
16135.0,517.55,1,517.55,262,262,0.0038022813688212928,21,1,2,3,6,At Risk
16136.0,709.38,3,236.46,59,277,0.01079136690647482,35,3,4,3,10,Loyal Customers
16139.0,635.41,3,211.8033333333333,18,206,0.014492753623188406,25,4,4,3,11,Loyal Customers
16140.0,725.18,2,362.59,65,370,0.005390835579514825,32,3,3,3,9,Potential Loyal Customers
16141.0,620.4,1,620.4,87,87,0.011363636363636364,30,2,2,3,7,Potential Loyal Customers
16142.0,535.34,1,535.34,249,249,0.004,37,1,2,3,6,At Risk
16143.0,2424.94,6,404.1566666666667,2,368,0.016260162601626018,75,5,5,5,15,Champions
16144.0,175.2,1,175.2,246,246,0.004048582995951417,1,1,2,1,4,Lost Customers
16145.0,3799.4900000000002,11,345.40818181818184,8,359,0.030555555555555555,134,5,5,5,15,Champions
16146.0,734.13,3,244.71,156,231,0.01293103448275862,26,2,4,3,9,Potential Loyal Customers
16147.0,375.0,1,375.0,133,133,0.007462686567164179,22,2,2,2,6,At Risk
16148.0,76.32000000000001,1,76.32000000000001,295,295,0.0033783783783783786,1,1,2,1,4,Lost Customers
16149.0,280.52,2,140.26,4,141,0.014084507042253521,18,5,3,2,10,Loyal Customers
16150.0,2053.02,5,410.604,42,371,0.013440860215053764,91,3,4,4,11,Loyal Customers
16152.0,1829.04,1,1829.04,268,268,0.0037174721189591076,29,1,2,4,7,Potential Loyal Customers
16153.0,1824.23,5,364.846,49,354,0.014084507042253521,78,3,4,4,11,Loyal Customers
16156.0,3122.04,9,346.8933333333333,8,310,0.028938906752411574,108,5,5,5,15,Champions
16157.0,656.69,3,218.89666666666668,15,72,0.0410958904109589,12,4,4,3,11,Loyal Customers
16159.0,348.2,1,348.2,281,281,0.0035460992907801418,14,1,2,2,5,At Risk
16160.0,1025.44,2,512.72,64,85,0.023255813953488372,20,3,3,4,10,Loyal Customers
16161.0,5575.56,19,293.4505263157895,1,368,0.051490514905149054,286,5,5,5,15,Champions
16162.0,37.4,1,37.4,251,251,0.003968253968253968,2,1,2,1,4,Lost Customers
16163.0,856.6,2,428.3,231,364,0.005479452054794521,5,1,3,3,7,Potential Loyal Customers
16164.0,822.48,3,274.16,16,42,0.06976744186046512,27,4,4,3,11,Loyal Customers
16168.0,3787.6,27,140.28148148148148,10,369,0.07297297297297298,57,5,5,5,15,Champions
16169.0,1822.97,4,455.7425,7,75,0.05263157894736842,71,5,4,4,13,Champions
16170.0,1885.05,6,314.175,50,247,0.024193548387096774,106,3,5,4,12,Loyal Customers
16171.0,73.2,1,73.2,58,58,0.01694915254237288,3,3,2,1,6,At Risk
16172.0,1140.21,5,228.042,94,241,0.02066115702479339,52,2,4,4,10,Loyal Customers
16173.0,1418.32,6,236.38666666666666,15,97,0.061224489795918366,70,4,5,4,13,Champions
16174.0,1009.5500000000001,3,336.5166666666667,125,151,0.019736842105263157,19,2,4,4,10,Loyal Customers
16175.0,1037.59,4,259.3975,93,239,0.016666666666666666,45,2,4,4,10,Loyal Customers
16177.0,331.95,1,331.95,49,49,0.02,15,3,2,2,7,Potential Loyal Customers
16178.0,197.9,1,197.9,137,137,0.007246376811594203,8,2,2,1,5,At Risk
16179.0,215.83,1,215.83,60,60,0.01639344262295082,11,3,2,1,6,At Risk
16180.0,10254.18,8,1281.7725,99,252,0.03162055335968379,90,2,5,5,12,Loyal Customers
16181.0,305.54,1,305.54,72,72,0.0136986301369863,11,2,2,2,6,At Risk
16182.0,6617.65,4,1654.4125,71,294,0.013559322033898305,17,3,4,5,12,Loyal Customers
16183.0,338.71000000000004,1,338.71000000000004,66,66,0.014925373134328358,15,3,2,2,7,Potential Loyal Customers
16184.0,1158.79,6,193.13166666666666,63,210,0.02843601895734597,26,3,5,4,12,Loyal Customers
16185.0,529.41,2,264.705,16,232,0.008583690987124463,31,4,3,3,10,Loyal Customers
16186.0,4006.94,12,333.9116666666667,22,371,0.03225806451612903,87,4,5,5,14,Champions
16187.0,6911.4400000000005,15,460.7626666666667,31,283,0.0528169014084507,160,4,5,5,14,Champions
16188.0,981.86,4,245.465,44,242,0.01646090534979424,65,3,4,4,11,Loyal Customers
16189.0,215.48,2,107.74,15,84,0.023529411764705882,9,4,3,1,8,Potential Loyal Customers
16190.0,215.08,1,215.08,39,39,0.025,6,3,2,1,6,At Risk
16191.0,5180.52,13,398.5015384615385,2,360,0.036011080332409975,65,5,5,5,15,Champions
16193.0,314.45,1,314.45,236,236,0.004219409282700422,19,1,2,2,5,At Risk
16198.0,400.68100000000004,1,400.68100000000004,74,74,0.013333333333333334,15,2,2,2,6,At Risk
16200.0,1080.6200000000001,2,540.3100000000001,3,163,0.012195121951219513,149,5,3,4,12,Loyal Customers
16201.0,1863.47,4,465.8675,2,109,0.03636363636363636,74,5,4,4,13,Champions
16202.0,365.27,1,365.27,360,360,0.002770083102493075,18,1,2,2,5,At Risk
16203.0,592.9,4,148.225,58,371,0.010752688172043012,27,3,4,3,10,Loyal Customers
16204.0,405.71,1,405.71,22,22,0.043478260869565216,45,4,2,2,8,Potential Loyal Customers
16205.0,761.38,4,190.345,30,179,0.022222222222222223,73,4,4,3,11,Loyal Customers
16206.0,537.0600000000001,4,134.26500000000001,54,327,0.012195121951219513,52,3,4,3,10,Loyal Customers
16207.0,394.38,1,394.38,24,24,0.04,19,4,2,2,8,Potential Loyal Customers
16208.0,664.26,2,332.13,44,288,0.006920415224913495,61,3,3,3,9,Potential Loyal Customers
16209.0,2262.62,5,452.524,88,246,0.020242914979757085,37,2,4,5,11,Loyal Customers
16210.0,21086.3,18,1171.461111111111,1,373,0.0481283422459893,74,5,5,5,15,Champions
16211.0,547.02,1,547.02,88,88,0.011235955056179775,23,2,2,3,7,Potential Loyal Customers
16212.0,690.34,2,345.17,18,282,0.007067137809187279,40,4,3,3,10,Loyal Customers
16213.0,159.0,1,159.0,78,78,0.012658227848101266,6,2,2,1,5,At Risk
16214.0,1062.75,3,354.25,170,268,0.011152416356877323,36,2,4,4,10,Loyal Customers
16215.0,242.35,1,242.35,80,80,0.012345679012345678,14,2,2,1,5,At Risk
16216.0,914.9300000000001,1,914.9300000000001,266,266,0.003745318352059925,37,1,2,3,6,At Risk
16217.0,304.25,2,152.125,234,281,0.0070921985815602835,13,1,3,2,6,At Risk
16218.0,3084.68,7,440.6685714285714,29,373,0.01871657754010695,56,4,5,5,14,Champions
16221.0,864.86,3,288.2866666666667,36,366,0.008174386920980926,90,3,4,3,10,Loyal Customers
16222.0,846.72,1,846.72,317,317,0.0031446540880503146,120,1,2,3,6,At Risk
16224.0,1295.3,4,323.825,56,249,0.016,90,3,4,4,11,Loyal Customers
16225.0,1096.32,5,219.26399999999998,44,277,0.017985611510791366,109,3,4,4,11,Loyal Customers
16226.0,255.12,3,85.04,202,234,0.01276595744680851,6,1,4,2,7,Potential Loyal Customers
16227.0,314.22,1,314.22,224,224,0.0044444444444444444,6,1,2,2,5,At Risk
16229.0,1010.6,2,505.3,86,212,0.009389671361502348,46,2,3,4,9,Potential Loyal Customers
16230.0,542.03,2,271.015,189,219,0.00909090909090909,32,1,3,3,7,Potential Loyal Customers
16232.0,990.88,4,247.72,43,214,0.018604651162790697,24,3,4,4,11,Loyal Customers
16233.0,536.6800000000001,3,178.89333333333335,70,365,0.00819672131147541,22,3,4,3,10,Loyal Customers
16235.0,867.31,5,173.462,40,331,0.015060240963855422,42,3,4,3,10,Loyal Customers
16236.0,432.2,1,432.2,77,77,0.01282051282051282,20,2,2,2,6,At Risk
16239.0,414.2,2,207.1,56,189,0.010526315789473684,18,3,3,2,8,Potential Loyal Customers
16240.0,3718.8,2,1859.4,23,76,0.025974025974025976,126,4,3,5,12,Loyal Customers
16241.0,2607.87,13,200.6053846153846,9,369,0.03513513513513514,347,5,5,5,15,Champions
16242.0,3603.21,7,514.7442857142858,7,276,0.02527075812274368,184,5,5,5,15,Champions
16243.0,409.1,2,204.55,33,54,0.03636363636363636,49,3,3,2,8,Potential Loyal Customers
16244.0,1522.75,2,761.375,211,372,0.005361930294906166,88,1,3,4,8,Potential Loyal Customers
16245.0,1413.66,3,471.22,23,256,0.011673151750972763,80,4,4,4,12,Loyal Customers
16247.0,114.56,1,114.56,169,169,0.0058823529411764705,16,2,2,1,5,At Risk
16248.0,152.94,1,152.94,61,61,0.016129032258064516,7,3,2,1,6,At Risk
16249.0,1800.07,5,360.014,52,238,0.02092050209205021,67,3,4,4,11,Loyal Customers
16250.0,389.44,2,194.72,260,373,0.0053475935828877,22,1,3,2,6,At Risk
16253.0,3683.86,2,1841.93,66,254,0.00784313725490196,114,3,3,5,11,Loyal Customers
16255.0,2619.91,8,327.48875,16,364,0.021917808219178082,146,4,5,5,14,Champions
16256.0,752.4300000000001,1,752.4300000000001,266,266,0.003745318352059925,13,1,2,3,6,At Risk
16257.0,46.95,1,46.95,176,176,0.005649717514124294,2,2,2,1,5,At Risk
16258.0,5203.51,5,1040.702,44,218,0.0228310502283105,111,3,4,5,12,Loyal Customers
16260.0,1035.45,1,1035.45,50,50,0.0196078431372549,18,3,2,4,9,Potential Loyal Customers
16261.0,746.83,4,186.7075,16,245,0.016260162601626018,98,4,4,3,11,Loyal Customers
16265.0,5447.0,9,605.2222222222222,8,364,0.024657534246575342,164,5,5,5,15,Champions
16266.0,861.89,7,123.12714285714286,73,205,0.03398058252427184,44,2,5,3,10,Loyal Customers
16268.0,667.65,2,333.825,70,70,0.028169014084507043,45,3,3,3,9,Potential Loyal Customers
16270.0,1141.24,1,1141.24,352,352,0.0028328611898017,54,1,2,4,7,Potential Loyal Customers
16271.0,1429.24,5,285.848,2,357,0.013966480446927373,89,5,4,4,13,Champions
16272.0,411.7,1,411.7,116,116,0.008547008547008548,25,2,2,2,6,At Risk
16274.0,357.95,1,357.95,372,372,0.002680965147453083,64,1,2,2,5,At Risk
16275.0,559.87,1,559.87,196,196,0.005076142131979695,33,1,2,3,6,At Risk
16276.0,810.6000000000001,1,810.6000000000001,176,176,0.005649717514124294,6,2,2,3,7,Potential Loyal Customers
16278.0,566.38,1,566.38,99,99,0.01,23,2,2,3,7,Potential Loyal Customers
16279.0,1509.58,3,503.1933333333333,20,176,0.01694915254237288,102,4,4,4,12,Loyal Customers
16281.0,2062.06,1,2062.06,71,71,0.013888888888888888,17,3,2,5,10,Loyal Customers
16282.0,168.3,1,168.3,339,339,0.0029411764705882353,11,1,2,1,4,Lost Customers
16283.0,1570.81,5,314.162,5,207,0.02403846153846154,117,5,4,4,13,Champions
16284.0,823.97,2,411.985,30,49,0.04,87,4,3,3,10,Loyal Customers
16287.0,142.5,1,142.5,169,169,0.0058823529411764705,8,2,2,1,5,At Risk
16292.0,302.25,1,302.25,121,121,0.00819672131147541,17,2,2,2,6,At Risk
16293.0,2248.9900000000002,10,224.89900000000003,21,366,0.027247956403269755,102,4,5,5,14,Champions
16295.0,1328.55,4,332.1375,9,64,0.06153846153846154,70,5,4,4,13,Champions
16297.0,301.9,1,301.9,268,268,0.0037174721189591076,20,1,2,2,5,At Risk
16298.0,598.2,3,199.4,22,186,0.016042780748663103,22,4,4,3,11,Loyal Customers
16302.0,233.22,1,233.22,126,126,0.007874015748031496,11,2,2,1,5,At Risk
16303.0,5360.63,3,1786.8766666666668,25,332,0.009009009009009009,119,4,4,5,13,Champions
16305.0,361.21999999999997,1,361.21999999999997,138,138,0.007194244604316547,22,2,2,2,6,At Risk
16306.0,632.27,6,105.37833333333333,213,366,0.01634877384196185,36,1,5,3,9,Potential Loyal Customers
16308.0,2560.0,4,640.0,37,260,0.01532567049808429,1,3,4,5,12,Loyal Customers
16309.0,706.57,2,353.285,105,240,0.008298755186721992,39,2,3,3,8,Potential Loyal Customers
16311.0,616.26,2,308.13,17,48,0.04081632653061224,35,4,3,3,10,Loyal Customers
16313.0,274.15000000000003,2,137.07500000000002,2,49,0.04,16,5,3,2,10,Loyal Customers
16315.0,226.37,1,226.37,330,330,0.0030211480362537764,14,1,2,1,4,Lost Customers
16316.0,2938.91,8,367.36375,63,357,0.0223463687150838,120,3,5,5,13,Champions
16317.0,1341.65,3,447.2166666666667,119,296,0.010101010101010102,64,2,4,4,10,Loyal Customers
16318.0,328.15,1,328.15,34,34,0.02857142857142857,19,3,2,2,7,Potential Loyal Customers
16319.0,404.40000000000003,1,404.40000000000003,217,217,0.0045871559633027525,3,1,2,2,5,At Risk
16320.0,1038.46,2,519.23,171,212,0.009389671361502348,56,2,3,4,9,Potential Loyal Customers
16321.0,373.65000000000003,5,74.73,71,323,0.015432098765432098,7,3,4,2,9,Potential Loyal Customers
16322.0,326.75,2,163.375,0,35,0.05555555555555555,28,5,3,2,10,Loyal Customers
16323.0,207.50000000000003,1,207.50000000000003,195,195,0.00510204081632653,1,1,2,1,4,Lost Customers
16324.0,428.68,3,142.89333333333335,127,176,0.01694915254237288,100,2,4,2,8,Potential Loyal Customers
16325.0,594.24,3,198.08,46,245,0.012195121951219513,14,3,4,3,10,Loyal Customers
16326.0,3110.96,14,222.21142857142857,5,334,0.041791044776119404,158,5,5,5,15,Champions
16327.0,3844.22,6,640.7033333333333,13,369,0.016216216216216217,142,4,5,5,14,Champions
16330.0,251.91,3,83.97,17,111,0.026785714285714284,39,4,4,2,10,Loyal Customers
16332.0,1593.2,7,227.6,27,304,0.022950819672131147,125,4,5,4,13,Champions
16333.0,26626.8,22,1210.3090909090909,7,309,0.07096774193548387,9,5,5,5,15,Champions
16337.0,151.05,1,151.05,36,36,0.02702702702702703,10,3,2,1,6,At Risk
16338.0,214.79999999999998,1,214.79999999999998,156,156,0.006369426751592357,11,2,2,1,5,At Risk
16339.0,109.95,1,109.95,283,283,0.0035211267605633804,17,1,2,1,4,Lost Customers
16340.0,549.07,1,549.07,106,106,0.009345794392523364,124,2,2,3,7,Potential Loyal Customers
16341.0,1971.87,4,492.9675,24,200,0.01990049751243781,60,4,4,4,12,Loyal Customers
16342.0,322.41,4,80.6025,74,179,0.022222222222222223,10,2,4,2,8,Potential Loyal Customers
16343.0,370.47999999999996,2,185.23999999999998,15,15,0.125,29,4,3,2,9,Potential Loyal Customers
16344.0,101.10000000000001,1,101.10000000000001,157,157,0.006329113924050633,1,2,2,1,5,At Risk
16345.0,575.41,1,575.41,43,43,0.022727272727272728,35,3,2,3,8,Potential Loyal Customers
16347.0,887.65,2,443.825,10,35,0.05555555555555555,61,5,3,3,11,Loyal Customers
16348.0,1469.45,7,209.92142857142858,31,239,0.029166666666666667,157,4,5,4,13,Champions
16349.0,53.5,1,53.5,290,290,0.003436426116838488,9,1,2,1,4,Lost Customers
16350.0,1116.47,4,279.1175,20,333,0.011976047904191617,40,4,4,4,12,Loyal Customers
16351.0,153.9,1,153.9,332,332,0.003003003003003003,8,1,2,1,4,Lost Customers
16352.0,494.44,2,247.22,17,37,0.05263157894736842,28,4,3,3,10,Loyal Customers
16353.0,6675.71,23,290.24826086956523,3,369,0.062162162162162166,51,5,5,5,15,Champions
16354.0,395.8,2,197.9,62,72,0.0273972602739726,38,3,3,2,8,Potential Loyal Customers
16356.0,211.77,3,70.59,197,277,0.01079136690647482,20,1,4,1,6,At Risk
16357.0,658.88,3,219.62666666666667,32,213,0.014018691588785047,31,4,4,3,11,Loyal Customers
16358.0,2027.5,4,506.875,0,183,0.021739130434782608,82,5,4,4,13,Champions
16359.0,1750.92,9,194.54666666666668,6,331,0.02710843373493976,39,5,5,4,14,Champions
16360.0,3512.53,6,585.4216666666667,4,87,0.06818181818181818,365,5,5,5,15,Champions
16361.0,896.66,4,224.165,9,70,0.056338028169014086,87,5,4,3,12,Loyal Customers
16362.0,734.77,5,146.954,31,90,0.054945054945054944,58,4,4,3,11,Loyal Customers
16363.0,109.36000000000001,1,109.36000000000001,52,52,0.018867924528301886,5,3,2,1,6,At Risk
16364.0,707.04,2,353.52,11,136,0.014598540145985401,48,5,3,3,11,Loyal Customers
16365.0,1540.42,9,171.1577777777778,17,366,0.02452316076294278,45,4,5,4,13,Champions
16366.0,327.3,1,327.3,18,18,0.05263157894736842,18,4,2,2,8,Potential Loyal Customers
16367.0,804.49,2,402.245,36,362,0.005509641873278237,123,3,3,3,9,Potential Loyal Customers
16368.0,497.43,2,248.715,1,27,0.07142857142857142,58,5,3,3,11,Loyal Customers
16369.0,1553.66,3,517.8866666666667,17,196,0.015228426395939087,91,4,4,4,12,Loyal Customers
16370.0,1320.56,4,330.14,81,224,0.017777777777777778,143,2,4,4,10,Loyal Customers
16372.0,367.93,2,183.965,32,33,0.058823529411764705,86,4,3,2,9,Potential Loyal Customers
16374.0,473.03000000000003,2,236.51500000000001,65,261,0.007633587786259542,101,3,3,2,8,Potential Loyal Customers
16376.0,987.01,2,493.505,8,16,0.11764705882352941,104,5,3,4,12,Loyal Customers
16377.0,676.2,1,676.2,266,266,0.003745318352059925,5,1,2,3,6,At Risk
16378.0,362.95,3,120.98333333333333,246,310,0.00964630225080386,22,1,4,2,7,Potential Loyal Customers
16379.0,2157.4,4,539.35,3,78,0.05063291139240506,87,5,4,5,14,Champions
16380.0,1780.59,1,1780.59,60,60,0.01639344262295082,28,3,2,4,9,Potential Loyal Customers
16383.0,668.36,2,334.18,74,267,0.007462686567164179,80,2,3,3,8,Potential Loyal Customers
16384.0,584.5,2,292.25,89,263,0.007575757575757576,33,2,3,3,8,Potential Loyal Customers
16385.0,555.89,3,185.29666666666665,59,365,0.00819672131147541,52,3,4,3,10,Loyal Customers
16386.0,317.2,2,158.6,28,253,0.007874015748031496,76,4,3,2,9,Potential Loyal Customers
16387.0,94.36,1,94.36,322,322,0.0030959752321981426,4,1,2,1,4,Lost Customers
16389.0,1382.07,4,345.5175,52,282,0.014134275618374558,33,3,4,4,11,Loyal Customers
16392.0,221.19,1,221.19,269,269,0.003703703703703704,41,1,2,1,4,Lost Customers
16393.0,3046.21,13,234.32384615384615,1,368,0.03523035230352303,120,5,5,5,15,Champions
16394.0,1555.34,5,311.068,56,289,0.017241379310344827,61,3,4,4,11,Loyal Customers
16395.0,1486.9,5,297.38,60,330,0.015105740181268883,150,3,4,4,11,Loyal Customers
16398.0,1705.8,2,852.9,153,253,0.007874015748031496,75,2,3,4,9,Potential Loyal Customers
16399.0,408.57,2,204.285,18,234,0.00851063829787234,68,4,3,2,9,Potential Loyal Customers
16400.0,303.93,1,303.93,94,94,0.010526315789473684,28,2,2,2,6,At Risk
16401.0,4098.32,12,341.52666666666664,0,327,0.036585365853658534,66,5,5,5,15,Champions
16402.0,299.6,2,149.8,264,368,0.005420054200542005,55,1,3,2,6,At Risk
16403.0,177.5,1,177.5,311,311,0.003205128205128205,10,1,2,1,4,Lost Customers
16404.0,443.05,1,443.05,69,69,0.014285714285714285,23,3,2,2,7,Potential Loyal Customers
16405.0,167.25,2,83.625,301,309,0.0064516129032258064,3,1,3,1,5,At Risk
16406.0,163.07,1,163.07,18,18,0.05263157894736842,54,4,2,1,7,Potential Loyal Customers
16407.0,2126.93,10,212.69299999999998,12,311,0.03205128205128205,99,5,5,5,15,Champions
16409.0,2028.88,5,405.776,35,316,0.015772870662460567,145,3,4,4,11,Loyal Customers
16411.0,214.65,2,107.325,18,368,0.005420054200542005,41,4,3,1,8,Potential Loyal Customers
16412.0,151.83,1,151.83,53,53,0.018518518518518517,25,3,2,1,6,At Risk
16413.0,262.2,1,262.2,56,56,0.017543859649122806,30,3,2,2,7,Potential Loyal Customers
16414.0,126.25,2,63.125,21,279,0.007142857142857143,5,4,3,1,8,Potential Loyal Customers
16415.0,210.35,1,210.35,43,43,0.022727272727272728,45,3,2,1,6,At Risk
16416.0,1051.4,3,350.4666666666667,26,55,0.05357142857142857,59,4,4,4,12,Loyal Customers
16418.0,675.27,3,225.09,44,225,0.01327433628318584,76,3,4,3,10,Loyal Customers
16419.0,972.23,6,162.03833333333333,112,311,0.019230769230769232,36,2,5,4,11,Loyal Customers
16422.0,34684.4,51,680.086274509804,16,368,0.13821138211382114,68,4,5,5,14,Champions
16423.0,346.12,1,346.12,24,24,0.04,18,4,2,2,8,Potential Loyal Customers
16424.0,133.56,1,133.56,190,190,0.005235602094240838,5,1,2,1,4,Lost Customers
16425.0,302.7,1,302.7,301,301,0.0033112582781456954,21,1,2,2,5,At Risk
16426.0,1908.25,10,190.825,1,275,0.036231884057971016,211,5,5,4,14,Champions
16427.0,241.06,2,120.53,262,283,0.007042253521126761,8,1,3,1,5,At Risk
16429.0,284.55,1,284.55,105,105,0.009433962264150943,2,2,2,2,6,At Risk
16430.0,300.85,1,300.85,56,56,0.017543859649122806,6,3,2,2,7,Potential Loyal Customers
16431.0,642.81,3,214.26999999999998,212,296,0.010101010101010102,51,1,4,3,8,Potential Loyal Customers
16432.0,287.4,1,287.4,63,63,0.015625,8,3,2,2,7,Potential Loyal Customers
16433.0,184.26,1,184.26,27,27,0.03571428571428571,17,4,2,1,7,Potential Loyal Customers
16434.0,1522.25,7,217.46428571428572,28,299,0.023333333333333334,88,4,5,4,13,Champions
16438.0,798.35,5,159.67000000000002,5,81,0.06097560975609756,74,5,4,3,12,Loyal Customers
16440.0,3640.67,5,728.134,7,214,0.023255813953488372,186,5,4,5,14,Champions
16441.0,381.2,2,190.6,66,290,0.006872852233676976,22,3,3,2,8,Potential Loyal Customers
16442.0,616.79,3,205.59666666666666,1,360,0.008310249307479225,161,5,4,3,12,Loyal Customers
16444.0,654.67,4,163.6675,45,264,0.01509433962264151,68,3,4,3,10,Loyal Customers
16445.0,230.51,1,230.51,33,33,0.029411764705882353,62,3,2,1,6,At Risk
16446.0,168472.5,2,84236.25,0,205,0.009708737864077669,3,5,3,5,13,Champions
16447.0,259.01,1,259.01,135,135,0.007352941176470588,34,2,2,2,6,At Risk
16448.0,188.89000000000001,1,188.89000000000001,197,197,0.005050505050505051,19,1,2,1,4,Lost Customers
16449.0,707.69,2,353.845,197,280,0.0071174377224199285,40,1,3,3,7,Potential Loyal Customers
16450.0,311.92,1,311.92,149,149,0.006666666666666667,11,2,2,2,6,At Risk
16451.0,266.97,1,266.97,87,87,0.011363636363636364,14,2,2,2,6,At Risk
16454.0,6.9,2,3.45,44,63,0.03125,2,3,3,1,7,Potential Loyal Customers
16455.0,1841.18,7,263.0257142857143,63,370,0.018867924528301886,69,3,5,4,12,Loyal Customers
16456.0,2158.37,5,431.674,98,372,0.013404825737265416,80,2,4,5,11,Loyal Customers
16457.0,208.36,1,208.36,217,217,0.0045871559633027525,9,1,2,1,4,Lost Customers
16458.0,3482.7400000000002,18,193.48555555555558,2,360,0.04986149584487535,52,5,5,5,15,Champions
16460.0,814.72,3,271.5733333333333,27,81,0.036585365853658534,128,4,4,3,11,Loyal Customers
16461.0,151.42,1,151.42,177,177,0.0056179775280898875,31,2,2,1,5,At Risk
16462.0,136.0,3,45.333333333333336,73,283,0.01056338028169014,1,2,4,1,7,Potential Loyal Customers
16463.0,1422.4,4,355.6,20,203,0.0196078431372549,74,4,4,4,12,Loyal Customers
16464.0,1314.68,3,438.2266666666667,19,141,0.02112676056338028,152,4,4,4,12,Loyal Customers
16466.0,1603.46,7,229.06571428571428,33,292,0.023890784982935155,103,3,5,4,12,Loyal Customers
16468.0,74.9,1,74.9,73,73,0.013513513513513514,2,2,2,1,5,At Risk
16469.0,650.43,4,162.6075,23,245,0.016260162601626018,148,4,4,3,11,Loyal Customers
16470.0,762.39,4,190.5975,51,358,0.011142061281337047,120,3,4,3,10,Loyal Customers
16471.0,223.95000000000002,1,223.95000000000002,274,274,0.0036363636363636364,13,1,2,1,4,Lost Customers
16473.0,316.11,3,105.37,164,336,0.008902077151335312,18,2,4,2,8,Potential Loyal Customers
16474.0,1871.5,7,267.35714285714283,6,144,0.04827586206896552,237,5,5,4,14,Champions
16475.0,544.3,4,136.075,87,273,0.014598540145985401,23,2,4,3,9,Potential Loyal Customers
16477.0,2494.46,7,356.3514285714286,63,371,0.01881720430107527,111,3,5,5,13,Champions
16478.0,331.0,3,110.33333333333333,24,65,0.045454545454545456,15,4,4,2,10,Loyal Customers
16479.0,300.83,2,150.415,9,9,0.2,35,5,3,2,10,Loyal Customers
16480.0,769.29,1,769.29,75,75,0.013157894736842105,51,2,2,3,7,Potential Loyal Customers
16482.0,220.62,1,220.62,15,15,0.0625,18,4,2,1,7,Potential Loyal Customers
16483.0,139.35,1,139.35,191,191,0.005208333333333333,19,1,2,1,4,Lost Customers
16484.0,404.3,2,202.15,173,190,0.010471204188481676,25,2,3,2,7,Potential Loyal Customers
16485.0,363.65,1,363.65,76,76,0.012987012987012988,41,2,2,2,6,At Risk
16488.0,498.8,3,166.26666666666668,32,148,0.020134228187919462,28,4,4,3,11,Loyal Customers
16491.0,731.5,1,731.5,46,46,0.02127659574468085,39,3,2,3,8,Potential Loyal Customers
16493.0,1351.63,4,337.9075,79,329,0.012121212121212121,40,2,4,4,10,Loyal Customers
16494.0,826.53,1,826.53,296,296,0.003367003367003367,47,1,2,3,6,At Risk
16495.0,684.41,3,228.13666666666666,2,275,0.010869565217391304,78,5,4,3,12,Loyal Customers
16496.0,1599.52,3,533.1733333333333,8,316,0.00946372239747634,92,5,4,4,13,Champions
16497.0,2965.69,6,494.2816666666667,49,332,0.018018018018018018,128,3,5,5,13,Champions
16498.0,100.97,2,50.485,160,161,0.012345679012345678,15,2,3,1,6,At Risk
16499.0,365.45,2,182.725,359,364,0.005479452054794521,18,1,3,2,6,At Risk
16500.0,400.86,6,66.81,4,330,0.01812688821752266,8,5,5,2,12,Loyal Customers
16503.0,1431.93,4,357.9825,106,359,0.011111111111111112,71,2,4,4,10,Loyal Customers
16504.0,484.38,1,484.38,24,24,0.04,76,4,2,2,8,Potential Loyal Customers
16505.0,777.6,1,777.6,31,31,0.03125,4,4,2,3,9,Potential Loyal Customers
16506.0,90.30000000000001,2,45.150000000000006,19,39,0.05,3,4,3,1,8,Potential Loyal Customers
16509.0,363.7,1,363.7,296,296,0.003367003367003367,13,1,2,2,5,At Risk
16510.0,248.1,1,248.1,371,371,0.002688172043010753,13,1,2,1,4,Lost Customers
16511.0,950.26,3,316.75333333333333,21,266,0.011235955056179775,135,4,4,4,12,Loyal Customers
16513.0,874.59,4,218.6475,4,42,0.09302325581395349,33,5,4,3,12,Loyal Customers
16515.0,1627.13,5,325.42600000000004,51,310,0.01607717041800643,89,3,4,4,11,Loyal Customers
16516.0,101.69999999999999,1,101.69999999999999,29,29,0.03333333333333333,6,4,2,1,7,Potential Loyal Customers
16517.0,162.7,1,162.7,276,276,0.0036101083032490976,17,1,2,1,4,Lost Customers
16518.0,484.32,2,242.16,60,283,0.007042253521126761,36,3,3,2,8,Potential Loyal Customers
16519.0,215.07999999999998,2,107.53999999999999,24,364,0.005479452054794521,13,4,3,1,8,Potential Loyal Customers
16520.0,1046.57,3,348.8566666666666,185,364,0.00821917808219178,129,1,4,4,9,Potential Loyal Customers
16523.0,9418.470000000001,21,448.4985714285715,1,315,0.06645569620253164,151,5,5,5,15,Champions
16525.0,13027.45,26,501.0557692307693,1,366,0.07084468664850137,75,5,5,5,15,Champions
16526.0,290.36,1,290.36,171,171,0.005813953488372093,15,2,2,2,6,At Risk
16527.0,228.06,1,228.06,80,80,0.012345679012345678,14,2,2,1,5,At Risk
16528.0,244.41,1,244.41,3,3,0.25,17,5,2,1,8,Potential Loyal Customers
16529.0,455.25,1,455.25,189,189,0.005263157894736842,30,1,2,2,5,At Risk
16531.0,1244.59,7,177.79857142857142,21,359,0.019444444444444445,68,4,5,4,13,Champions
16532.0,6748.8,3,2249.6,17,338,0.008849557522123894,2,4,4,5,13,Champions
16533.0,1095.56,3,365.18666666666667,18,67,0.04411764705882353,112,4,4,4,12,Loyal Customers
16535.0,593.75,1,593.75,4,4,0.2,31,5,2,3,10,Loyal Customers
16536.0,548.97,1,548.97,109,109,0.00909090909090909,49,2,2,3,7,Potential Loyal Customers
16539.0,1388.81,4,347.2025,2,372,0.010723860589812333,36,5,4,4,13,Champions
16542.0,119.62,1,119.62,53,53,0.018518518518518517,5,3,2,1,6,At Risk
16545.0,339.3,1,339.3,164,164,0.006060606060606061,3,2,2,2,6,At Risk
16546.0,787.15,2,393.575,290,372,0.005361930294906166,25,1,3,3,7,Potential Loyal Customers
16549.0,4154.64,10,415.46400000000006,9,333,0.029940119760479042,445,5,5,5,15,Champions
16550.0,2298.97,5,459.794,108,367,0.01358695652173913,162,2,4,5,11,Loyal Customers
16551.0,922.12,3,307.37333333333333,95,336,0.008902077151335312,26,2,4,3,9,Potential Loyal Customers
16552.0,379.73,2,189.865,242,373,0.0053475935828877,17,1,3,2,6,At Risk
16553.0,5719.82,12,476.65166666666664,162,359,0.03333333333333333,62,2,5,5,12,Loyal Customers
16554.0,837.1,3,279.03333333333336,41,331,0.009036144578313253,51,3,4,3,10,Loyal Customers
16555.0,285.89,2,142.945,34,109,0.01818181818181818,15,3,3,2,8,Potential Loyal Customers
16556.0,3313.79,7,473.3985714285714,66,359,0.019444444444444445,144,3,5,5,13,Champions
16557.0,281.85,2,140.925,23,136,0.014598540145985401,11,4,3,2,9,Potential Loyal Customers
16558.0,8338.49,20,416.92449999999997,0,366,0.05449591280653951,264,5,5,5,15,Champions
16560.0,841.41,2,420.705,26,357,0.00558659217877095,52,4,3,3,10,Loyal Customers
16561.0,511.12,2,255.56,5,59,0.03333333333333333,29,5,3,3,11,Loyal Customers
16563.0,1077.74,1,1077.74,53,53,0.018518518518518517,19,3,2,4,9,Potential Loyal Customers
16565.0,173.7,1,173.7,363,363,0.0027472527472527475,3,1,2,1,4,Lost Customers
16566.0,614.66,5,122.93199999999999,14,292,0.017064846416382253,14,4,4,3,11,Loyal Customers
16567.0,865.6,2,432.8,193,336,0.005934718100890208,34,1,3,3,7,Potential Loyal Customers
16569.0,124.2,1,124.2,2,2,0.3333333333333333,5,5,2,1,8,Potential Loyal Customers
16570.0,3738.4,10,373.84000000000003,14,311,0.03205128205128205,68,4,5,5,14,Champions
16571.0,1421.69,3,473.8966666666667,26,281,0.010638297872340425,73,4,4,4,12,Loyal Customers
16572.0,1009.6,3,336.53333333333336,126,275,0.010869565217391304,40,2,4,4,10,Loyal Customers
16573.0,663.61,2,331.805,84,289,0.006896551724137931,40,2,3,3,8,Potential Loyal Customers
16574.0,451.44,1,451.44,70,70,0.014084507042253521,28,3,2,2,7,Potential Loyal Customers
16581.0,105.84,1,105.84,182,182,0.00546448087431694,9,1,2,1,4,Lost Customers
16582.0,313.62,1,313.62,112,112,0.008849557522123894,6,2,2,2,6,At Risk
16583.0,233.45,1,233.45,373,373,0.00267379679144385,14,1,2,1,4,Lost Customers
16584.0,936.08,2,468.04,79,253,0.007874015748031496,25,2,3,3,8,Potential Loyal Customers
16586.0,463.95,1,463.95,248,248,0.004016064257028112,8,1,2,2,5,At Risk
16587.0,225.15,1,225.15,231,231,0.004310344827586207,13,1,2,1,4,Lost Customers
16589.0,459.24,3,153.08,70,160,0.018633540372670808,31,3,4,2,9,Potential Loyal Customers
16591.0,213.5,1,213.5,68,68,0.014492753623188406,10,3,2,1,6,At Risk
16592.0,4113.68,16,257.105,3,287,0.05555555555555555,142,5,5,5,15,Champions
16593.0,330.03,3,110.00999999999999,50,327,0.009146341463414634,24,3,4,2,9,Potential Loyal Customers
16594.0,181.09,1,181.09,74,74,0.013333333333333334,53,2,2,1,5,At Risk
16595.0,360.16,1,360.16,60,60,0.01639344262295082,83,3,2,2,7,Potential Loyal Customers
16596.0,250.15,2,125.075,15,365,0.00546448087431694,12,4,3,1,8,Potential Loyal Customers
16597.0,90.04,1,90.04,3,3,0.25,7,5,2,1,8,Potential Loyal Customers
16598.0,145.04999999999998,1,145.04999999999998,285,285,0.0034965034965034965,10,1,2,1,4,Lost Customers
16600.0,813.52,6,135.58666666666667,3,338,0.017699115044247787,50,5,5,3,13,Champions
16601.0,244.79999999999998,1,244.79999999999998,40,40,0.024390243902439025,29,3,2,1,6,At Risk
16602.0,528.08,1,528.08,35,35,0.027777777777777776,29,3,2,3,8,Potential Loyal Customers
16603.0,482.47,2,241.235,74,90,0.02197802197802198,34,2,3,2,7,Potential Loyal Customers
16607.0,3347.71,14,239.12214285714285,17,358,0.03899721448467967,140,4,5,5,14,Champions
16609.0,5493.46,7,784.78,14,252,0.02766798418972332,155,4,5,5,14,Champions
16610.0,75.66,1,75.66,218,218,0.0045662100456621,6,1,2,1,4,Lost Customers
16611.0,129.49,1,129.49,185,185,0.005376344086021506,9,1,2,1,4,Lost Customers
16612.0,1187.66,4,296.915,32,311,0.01282051282051282,48,4,4,4,12,Loyal Customers
16613.0,618.59,1,618.59,69,69,0.014285714285714285,30,3,2,3,8,Potential Loyal Customers
16614.0,506.19,1,506.19,182,182,0.00546448087431694,26,1,2,3,6,At Risk
16616.0,500.42,2,250.21,14,156,0.012738853503184714,31,4,3,3,10,Loyal Customers
16617.0,151.85,1,151.85,235,235,0.00423728813559322,5,1,2,1,4,Lost Customers
16618.0,2647.59,5,529.518,30,322,0.015479876160990712,79,4,4,5,13,Champions
16619.0,226.21,1,226.21,263,263,0.003787878787878788,14,1,2,1,4,Lost Customers
16620.0,178.96,2,89.48,3,260,0.007662835249042145,9,5,3,1,9,Potential Loyal Customers
16621.0,813.48,4,203.37,51,277,0.014388489208633094,22,3,4,3,10,Loyal Customers
16623.0,129.45,1,129.45,245,245,0.0040650406504065045,5,1,2,1,4,Lost Customers
16624.0,810.5699999999999,2,405.28499999999997,80,196,0.01015228426395939,44,2,3,3,8,Potential Loyal Customers
16625.0,333.08,1,333.08,274,274,0.0036363636363636364,23,1,2,2,5,At Risk
16626.0,4413.1,17,259.59411764705885,0,266,0.06367041198501873,86,5,5,5,15,Champions
16627.0,322.8,1,322.8,78,78,0.012658227848101266,20,2,2,2,6,At Risk
16628.0,2188.05,5,437.61,29,234,0.02127659574468085,79,4,4,5,13,Champions
16629.0,417.73,2,208.865,73,95,0.020833333333333332,58,2,3,2,7,Potential Loyal Customers
16633.0,2883.1,6,480.51666666666665,16,233,0.02564102564102564,115,4,5,5,14,Champions
16634.0,217.9,2,108.95,222,371,0.005376344086021506,9,1,3,1,5,At Risk
16637.0,1154.47,4,288.6175,31,225,0.017699115044247787,66,4,4,4,12,Loyal Customers
16638.0,1680.72,10,168.072,22,368,0.02710027100271003,92,4,5,4,13,Champions
16639.0,1257.51,3,419.17,30,235,0.012711864406779662,48,4,4,4,12,Loyal Customers
16641.0,231.10000000000002,1,231.10000000000002,105,105,0.009433962264150943,12,2,2,1,5,At Risk
16642.0,688.33,2,344.165,4,207,0.009615384615384616,32,5,3,3,11,Loyal Customers
16643.0,487.51,1,487.51,245,245,0.0040650406504065045,27,1,2,2,5,At Risk
16644.0,833.78,2,416.89,177,211,0.009433962264150943,62,2,3,3,8,Potential Loyal Customers
16647.0,214.06,2,107.03,169,204,0.00975609756097561,12,2,3,1,6,At Risk
16648.0,290.65999999999997,1,290.65999999999997,42,42,0.023255813953488372,19,3,2,2,7,Potential Loyal Customers
16650.0,518.42,1,518.42,71,71,0.013888888888888888,24,3,2,3,8,Potential Loyal Customers
16652.0,6773.97,7,967.71,58,272,0.02564102564102564,74,3,5,5,13,Champions
16653.0,1212.66,2,606.33,15,70,0.028169014084507043,67,4,3,4,11,Loyal Customers
16654.0,601.27,4,150.3175,140,367,0.010869565217391304,29,2,4,3,9,Potential Loyal Customers
16655.0,3794.52,6,632.42,17,331,0.018072289156626505,208,4,5,5,14,Champions
16656.0,8625.8,15,575.0533333333333,21,364,0.0410958904109589,14,4,5,5,14,Champions
16657.0,933.62,4,233.405,9,254,0.01568627450980392,158,5,4,3,12,Loyal Customers
16658.0,123.24,1,123.24,367,367,0.002717391304347826,8,1,2,1,4,Lost Customers
16659.0,39.12,1,39.12,188,188,0.005291005291005291,2,1,2,1,4,Lost Customers
16660.0,1267.6499999999999,4,316.91249999999997,15,319,0.0125,16,4,4,4,12,Loyal Customers
16665.0,135.39999999999998,1,135.39999999999998,361,361,0.0027624309392265192,9,1,2,1,4,Lost Customers
16666.0,118.98,1,118.98,18,18,0.05263157894736842,32,4,2,1,7,Potential Loyal Customers
16667.0,570.13,2,285.065,67,283,0.007042253521126761,52,3,3,3,9,Potential Loyal Customers
16668.0,306.71999999999997,6,51.12,14,284,0.021052631578947368,9,4,5,2,11,Loyal Customers
16669.0,1374.8700000000001,3,458.29,23,77,0.038461538461538464,141,4,4,4,12,Loyal Customers
16670.0,4095.9,11,372.3545454545455,16,358,0.03064066852367688,179,4,5,5,14,Champions
16671.0,1692.27,3,564.09,27,164,0.01818181818181818,3,4,4,4,12,Loyal Customers
16672.0,8134.9400000000005,20,406.747,1,266,0.0749063670411985,22,5,5,5,15,Champions
16674.0,319.61,2,159.805,54,97,0.02040816326530612,89,3,3,2,8,Potential Loyal Customers
16676.0,1592.1200000000001,4,398.03000000000003,33,336,0.011869436201780416,75,3,4,4,11,Loyal Customers
16678.0,3109.99,12,259.1658333333333,2,282,0.04240282685512368,92,5,5,5,15,Champions
16679.0,129.75,1,129.75,365,365,0.00273224043715847,3,1,2,1,4,Lost Customers
16680.0,183.7,1,183.7,42,42,0.023255813953488372,10,3,2,1,6,At Risk
16681.0,1770.34,6,295.0566666666667,72,252,0.023715415019762844,18,2,5,4,11,Loyal Customers
16682.0,1028.0,5,205.6,4,187,0.026595744680851064,15,5,4,4,13,Champions
16684.0,66653.56,28,2380.4842857142858,3,357,0.0782122905027933,119,5,5,5,15,Champions
16685.0,324.24,2,162.12,60,60,0.03278688524590164,60,3,3,2,8,Potential Loyal Customers
16686.0,3062.83,7,437.54714285714283,46,354,0.01971830985915493,406,3,5,5,13,Champions
16688.0,1260.86,4,315.215,0,60,0.06557377049180328,52,5,4,4,13,Champions
16689.0,422.59999999999997,2,211.29999999999998,75,81,0.024390243902439025,12,2,3,2,7,Potential Loyal Customers
16690.0,225.57999999999998,2,112.78999999999999,71,201,0.009900990099009901,10,3,3,1,7,Potential Loyal Customers
16692.0,1276.0,2,638.0,255,288,0.006920415224913495,2,1,3,4,8,Potential Loyal Customers
16693.0,482.01,2,241.005,68,271,0.007352941176470588,58,3,3,2,8,Potential Loyal Customers
16696.0,657.9000000000001,4,164.47500000000002,134,247,0.016129032258064516,7,2,4,3,9,Potential Loyal Customers
16697.0,112.75,1,112.75,240,240,0.004149377593360996,20,1,2,1,4,Lost Customers
16698.0,1998.0,2,999.0,226,252,0.007905138339920948,4,1,3,4,8,Potential Loyal Customers
16700.0,5076.55,13,390.50384615384615,8,365,0.03551912568306011,159,5,5,5,15,Champions
16701.0,5398.3,13,415.25384615384615,8,361,0.03591160220994475,99,5,5,5,15,Champions
16705.0,14034.99,20,701.7495,0,358,0.055710306406685235,133,5,5,5,15,Champions
16706.0,531.35,3,177.11666666666667,36,113,0.02631578947368421,108,3,4,3,10,Loyal Customers
16708.0,656.63,1,656.63,45,45,0.021739130434782608,27,3,2,3,8,Potential Loyal Customers
16709.0,3029.87,5,605.9739999999999,84,281,0.01773049645390071,64,2,4,5,11,Loyal Customers
16710.0,2483.04,10,248.304,18,367,0.02717391304347826,268,4,5,5,14,Champions
16711.0,1651.03,5,330.206,2,357,0.013966480446927373,18,5,4,4,13,Champions
16712.0,3645.43,11,331.40272727272725,8,275,0.03985507246376811,259,5,5,5,15,Champions
16713.0,6923.13,15,461.54200000000003,18,365,0.040983606557377046,338,4,5,5,14,Champions
16714.0,1161.53,3,387.1766666666667,218,316,0.00946372239747634,77,1,4,4,9,Potential Loyal Customers
16715.0,301.71999999999997,1,301.71999999999997,77,77,0.01282051282051282,19,2,2,2,6,At Risk
16716.0,901.2,2,450.6,266,310,0.006430868167202572,1,1,3,3,7,Potential Loyal Customers
16717.0,3858.38,6,643.0633333333334,23,365,0.01639344262295082,176,4,5,5,14,Champions
16718.0,623.75,1,623.75,368,368,0.0027100271002710027,41,1,2,3,6,At Risk
16719.0,1790.42,7,255.77428571428572,14,368,0.018970189701897018,107,4,5,4,13,Champions
16720.0,155.24,1,155.24,25,25,0.038461538461538464,25,4,2,1,7,Potential Loyal Customers
16721.0,292.47,1,292.47,261,261,0.003816793893129771,37,1,2,2,5,At Risk
16722.0,4730.81,13,363.90846153846155,16,367,0.035326086956521736,96,4,5,5,14,Champions
16723.0,589.15,2,294.575,90,107,0.018518518518518517,37,2,3,3,8,Potential Loyal Customers
16725.0,781.02,7,111.57428571428571,301,370,0.018867924528301886,110,1,5,3,9,Potential Loyal Customers
16726.0,1382.02,5,276.404,25,360,0.013850415512465374,121,4,4,4,12,Loyal Customers
16727.0,272.82,1,272.82,363,363,0.0027472527472527475,41,1,2,2,5,At Risk
16728.0,1054.67,4,263.6675,45,263,0.015151515151515152,218,3,4,4,11,Loyal Customers
16729.0,7239.92,21,344.7580952380952,37,240,0.08713692946058091,234,3,5,5,13,Champions
16730.0,743.11,3,247.70333333333335,51,318,0.009404388714733543,75,3,4,3,10,Loyal Customers
16732.0,603.75,1,603.75,31,31,0.03125,28,4,2,3,9,Potential Loyal Customers
16734.0,650.51,3,216.83666666666667,51,113,0.02631578947368421,44,3,4,3,10,Loyal Customers
16735.0,2300.56,5,460.11199999999997,78,333,0.014970059880239521,88,2,4,5,11,Loyal Customers
16737.0,417.59999999999997,1,417.59999999999997,52,52,0.018867924528301886,1,3,2,2,7,Potential Loyal Customers
16738.0,3.75,1,3.75,297,297,0.003355704697986577,1,1,2,1,4,Lost Customers
16739.0,323.0,1,323.0,176,176,0.005649717514124294,13,2,2,2,6,At Risk
16742.0,464.9,1,464.9,46,46,0.02127659574468085,1,3,2,2,7,Potential Loyal Customers
16743.0,2238.09,7,319.7271428571429,28,358,0.019498607242339833,89,4,5,5,14,Champions
16744.0,1304.76,7,186.3942857142857,10,172,0.04046242774566474,198,5,5,4,14,Champions
16745.0,7194.3,17,423.1941176470588,86,311,0.05448717948717949,148,2,5,5,12,Loyal Customers
16746.0,6697.66,18,372.09222222222223,4,358,0.05013927576601671,234,5,5,5,15,Champions
16747.0,836.06,2,418.03,37,67,0.029411764705882353,34,3,3,3,9,Potential Loyal Customers
16748.0,1515.9,5,303.18,17,333,0.014970059880239521,42,4,4,4,12,Loyal Customers
16750.0,623.93,5,124.78599999999999,44,231,0.021551724137931036,74,3,4,3,10,Loyal Customers
16751.0,1764.72,1,1764.72,30,30,0.03225806451612903,24,4,2,4,10,Loyal Customers
16752.0,207.5,1,207.5,372,372,0.002680965147453083,9,1,2,1,4,Lost Customers
16753.0,223.92000000000002,1,223.92000000000002,57,57,0.017241379310344827,34,3,2,1,6,At Risk
16754.0,2002.4,1,2002.4,371,371,0.002688172043010753,2,1,2,4,7,Potential Loyal Customers
16755.0,1496.83,3,498.9433333333333,113,315,0.00949367088607595,133,2,4,4,10,Loyal Customers
16756.0,239.4,1,239.4,214,214,0.004651162790697674,13,1,2,1,4,Lost Customers
16757.0,106.83000000000001,1,106.83000000000001,318,318,0.003134796238244514,7,1,2,1,4,Lost Customers
16758.0,369.34000000000003,1,369.34000000000003,64,64,0.015384615384615385,22,3,2,2,7,Potential Loyal Customers
16759.0,789.79,3,263.2633333333333,7,30,0.0967741935483871,40,5,4,3,12,Loyal Customers
16761.0,316.62,1,316.62,96,96,0.010309278350515464,13,2,2,2,6,At Risk
16762.0,1501.38,3,500.46000000000004,19,143,0.020833333333333332,51,4,4,4,12,Loyal Customers
16763.0,611.85,1,611.85,198,198,0.005025125628140704,23,1,2,3,6,At Risk
16764.0,2799.25,13,215.32692307692307,3,142,0.09090909090909091,209,5,5,5,15,Champions
16765.0,34.0,1,34.0,293,293,0.003401360544217687,1,1,2,1,4,Lost Customers
16766.0,1145.6,2,572.8,272,272,0.007326007326007326,17,1,3,4,8,Potential Loyal Customers
16767.0,5580.6,11,507.32727272727277,30,315,0.03481012658227848,148,4,5,5,14,Champions
16768.0,478.09000000000003,3,159.36333333333334,47,271,0.011029411764705883,47,3,4,2,9,Potential Loyal Customers
16769.0,380.39,1,380.39,259,259,0.0038461538461538464,33,1,2,2,5,At Risk
16770.0,770.1,5,154.02,57,371,0.013440860215053764,116,3,4,3,10,Loyal Customers
16771.0,2246.81,5,449.36199999999997,32,337,0.014792899408284023,200,4,4,5,13,Champions
16773.0,171.59,1,171.59,56,56,0.017543859649122806,23,3,2,1,6,At Risk
16774.0,661.52,4,165.38,67,178,0.0223463687150838,36,3,4,3,10,Loyal Customers
16775.0,1695.66,11,154.1509090909091,9,366,0.02997275204359673,84,5,5,4,14,Champions
16776.0,388.28,1,388.28,59,59,0.016666666666666666,61,3,2,2,7,Potential Loyal Customers
16777.0,226.35,2,113.175,79,256,0.007782101167315175,45,2,3,1,6,At Risk
16778.0,245.94,2,122.97,73,273,0.0072992700729927005,16,2,3,1,6,At Risk
16779.0,10629.720000000001,22,483.169090909091,1,366,0.05994550408719346,161,5,5,5,15,Champions
16780.0,425.19,2,212.595,99,258,0.007722007722007722,51,2,3,2,7,Potential Loyal Customers
16781.0,311.25,1,311.25,371,371,0.002688172043010753,17,1,2,2,5,At Risk
16782.0,2279.9,13,175.37692307692308,9,365,0.03551912568306011,103,5,5,5,15,Champions
16784.0,107.6,1,107.6,19,19,0.05,3,4,2,1,7,Potential Loyal Customers
16788.0,597.48,2,298.74,122,253,0.007874015748031496,138,2,3,3,8,Potential Loyal Customers
16789.0,80.8,1,80.8,7,7,0.125,5,5,2,1,8,Potential Loyal Customers
16790.0,1545.6200000000001,6,257.60333333333335,3,37,0.15789473684210525,88,5,5,4,14,Champions
16791.0,1721.78,7,245.96857142857144,28,331,0.02108433734939759,218,4,5,4,13,Champions
16792.0,110.38000000000001,2,55.190000000000005,281,281,0.0070921985815602835,11,1,3,1,5,At Risk
16793.0,243.84,1,243.84,56,56,0.017543859649122806,16,3,2,1,6,At Risk
16794.0,1222.71,10,122.271,0,179,0.05555555555555555,142,5,5,4,14,Champions
16795.0,414.88,1,414.88,364,364,0.0027397260273972603,64,1,2,2,5,At Risk
16796.0,305.62,1,305.62,88,88,0.011235955056179775,18,2,2,2,6,At Risk
16800.0,1201.49,1,1201.49,10,10,0.09090909090909091,148,5,2,4,11,Loyal Customers
16801.0,1619.73,4,404.9325,162,272,0.014652014652014652,72,2,4,4,10,Loyal Customers
16803.0,332.3,1,332.3,64,64,0.015384615384615385,24,3,2,2,7,Potential Loyal Customers
16804.0,536.99,3,178.99666666666667,22,269,0.011111111111111112,59,4,4,3,11,Loyal Customers
16805.0,460.59,2,230.295,173,359,0.005555555555555556,94,2,3,2,7,Potential Loyal Customers
16806.0,801.49,4,200.3725,102,238,0.016736401673640166,68,2,4,3,9,Potential Loyal Customers
16807.0,1121.59,3,373.8633333333333,142,270,0.01107011070110701,57,2,4,4,10,Loyal Customers
16808.0,288.42,2,144.21,98,273,0.0072992700729927005,21,2,3,2,7,Potential Loyal Customers
16809.0,914.69,5,182.93800000000002,22,261,0.019083969465648856,79,4,4,3,11,Loyal Customers
16810.0,309.54,1,309.54,191,191,0.005208333333333333,15,1,2,2,5,At Risk
16811.0,547.07,2,273.535,4,16,0.11764705882352941,26,5,3,3,11,Loyal Customers
16812.0,479.35,1,479.35,360,360,0.002770083102493075,15,1,2,2,5,At Risk
16813.0,1692.98,10,169.298,7,203,0.049019607843137254,248,5,5,4,14,Champions
16814.0,6509.1,21,309.95714285714286,13,369,0.05675675675675676,122,4,5,5,14,Champions
16816.0,417.06,4,104.265,102,357,0.0111731843575419,28,2,4,2,8,Potential Loyal Customers
16817.0,1604.75,9,178.30555555555554,2,367,0.024456521739130436,73,5,5,4,14,Champions
16818.0,3349.57,11,304.50636363636363,10,205,0.05339805825242718,172,5,5,5,15,Champions
16820.0,497.61,1,497.61,95,95,0.010416666666666666,26,2,2,3,7,Potential Loyal Customers
16823.0,358.38,1,358.38,226,226,0.004405286343612335,34,1,2,2,5,At Risk
16824.0,460.64,2,230.32,15,163,0.012195121951219513,23,4,3,2,9,Potential Loyal Customers
16825.0,775.1800000000001,2,387.59000000000003,38,185,0.010752688172043012,27,3,3,3,9,Potential Loyal Customers
16826.0,341.7,1,341.7,50,50,0.0196078431372549,22,3,2,2,7,Potential Loyal Customers
16828.0,128.5,2,64.25,92,111,0.017857142857142856,8,2,3,1,6,At Risk
16829.0,197.22,1,197.22,156,156,0.006369426751592357,11,2,2,1,5,At Risk
16830.0,325.91,1,325.91,38,38,0.02564102564102564,23,3,2,2,7,Potential Loyal Customers
16832.0,199.15,3,66.38333333333334,183,216,0.013824884792626729,11,1,4,1,6,At Risk
16833.0,1106.53,4,276.6325,0,333,0.011976047904191617,46,5,4,4,13,Champions
16834.0,413.46,1,413.46,227,227,0.0043859649122807015,24,1,2,2,5,At Risk
16835.0,180.85,2,90.425,127,372,0.005361930294906166,10,2,3,1,6,At Risk
16836.0,251.87,2,125.935,39,116,0.017094017094017096,11,3,3,2,8,Potential Loyal Customers
16837.0,3170.98,11,288.2709090909091,30,245,0.044715447154471545,123,4,5,5,14,Champions
16838.0,588.85,2,294.425,196,287,0.006944444444444444,24,1,3,3,7,Potential Loyal Customers
16839.0,16594.35,34,488.06911764705876,8,369,0.0918918918918919,114,5,5,5,15,Champions
16841.0,1869.82,6,311.63666666666666,36,287,0.020833333333333332,101,3,5,4,12,Loyal Customers
16842.0,1264.19,3,421.3966666666667,100,301,0.009933774834437087,45,2,4,4,10,Loyal Customers
16843.0,10196.57,16,637.285625,42,326,0.04892966360856269,226,3,5,5,13,Champions
16846.0,214.32,1,214.32,49,49,0.02,11,3,2,1,6,At Risk
16847.0,193.44,1,193.44,42,42,0.023255813953488372,12,3,2,1,6,At Risk
16848.0,281.42,1,281.42,52,52,0.018867924528301886,14,3,2,2,7,Potential Loyal Customers
16849.0,124.57,1,124.57,186,186,0.0053475935828877,8,1,2,1,4,Lost Customers
16850.0,332.41,1,332.41,333,333,0.0029940119760479044,19,1,2,2,5,At Risk
16851.0,342.45,3,114.14999999999999,3,51,0.057692307692307696,17,5,4,2,11,Loyal Customers
16852.0,144.91000000000003,2,72.45500000000001,9,175,0.011363636363636364,9,5,3,1,9,Potential Loyal Customers
16855.0,328.4,2,164.2,23,42,0.046511627906976744,19,4,3,2,9,Potential Loyal Customers
16856.0,35.400000000000006,1,35.400000000000006,14,14,0.06666666666666667,2,4,2,1,7,Potential Loyal Customers
16858.0,375.69000000000005,1,375.69000000000005,368,368,0.0027100271002710027,9,1,2,2,5,At Risk
16859.0,747.81,2,373.905,144,260,0.007662835249042145,50,2,3,3,8,Potential Loyal Customers
16861.0,173.76,2,86.88,59,157,0.012658227848101266,6,3,3,1,7,Potential Loyal Customers
16863.0,502.8,2,251.4,30,366,0.005449591280653951,25,4,3,3,10,Loyal Customers
16866.0,207.73999999999998,3,69.24666666666666,140,161,0.018518518518518517,10,2,4,1,7,Potential Loyal Customers
16869.0,825.42,4,206.355,22,174,0.022857142857142857,113,4,4,3,11,Loyal Customers
16871.0,2812.34,6,468.72333333333336,21,270,0.02214022140221402,131,4,5,5,14,Champions
16872.0,680.02,3,226.67333333333332,76,183,0.016304347826086956,5,2,4,3,9,Potential Loyal Customers
16873.0,7123.62,6,1187.27,4,363,0.016483516483516484,179,5,5,5,15,Champions
16875.0,2095.53,5,419.10600000000005,66,339,0.014705882352941176,93,3,4,5,12,Loyal Customers
16877.0,853.72,6,142.28666666666666,11,207,0.028846153846153848,111,5,5,3,13,Champions
16878.0,13.3,1,13.3,83,83,0.011904761904761904,3,2,2,1,5,At Risk
16880.0,1519.08,7,217.01142857142855,30,188,0.037037037037037035,121,4,5,4,13,Champions
16881.0,432.0,1,432.0,66,66,0.014925373134328358,1,3,2,2,7,Potential Loyal Customers
16882.0,705.12,3,235.04,66,316,0.00946372239747634,39,3,4,3,10,Loyal Customers
16883.0,276.73,2,138.365,186,371,0.005376344086021506,33,1,3,2,6,At Risk
16884.0,429.84000000000003,2,214.92000000000002,37,37,0.05263157894736842,26,3,3,2,8,Potential Loyal Customers
16885.0,471.51,3,157.17,14,356,0.008403361344537815,82,4,4,2,10,Loyal Customers
16887.0,194.88,1,194.88,34,34,0.02857142857142857,35,3,2,1,6,At Risk
16889.0,1578.67,3,526.2233333333334,194,336,0.008902077151335312,112,1,4,4,9,Potential Loyal Customers
16891.0,809.7,5,161.94,1,371,0.013440860215053764,166,5,4,3,12,Loyal Customers
16892.0,525.54,5,105.10799999999999,0,183,0.02717391304347826,87,5,4,3,12,Loyal Customers
16893.0,145.93,1,145.93,366,366,0.0027247956403269754,44,1,2,1,4,Lost Customers
16895.0,219.14,1,219.14,64,64,0.015384615384615385,57,3,2,1,6,At Risk
16897.0,289.78,2,144.89,298,313,0.006369426751592357,37,1,3,2,6,At Risk
16898.0,508.81,3,169.60333333333332,25,368,0.008130081300813009,150,4,4,3,11,Loyal Customers
16899.0,1281.56,6,213.59333333333333,7,359,0.016666666666666666,80,5,5,4,14,Champions
16900.0,887.11,3,295.7033333333333,16,62,0.047619047619047616,78,4,4,3,11,Loyal Customers
16902.0,1706.88,1,1706.88,115,115,0.008620689655172414,43,2,2,4,8,Potential Loyal Customers
16903.0,373.24,1,373.24,28,28,0.034482758620689655,50,4,2,2,8,Potential Loyal Customers
16904.0,3754.27,16,234.641875,3,366,0.043596730245231606,387,5,5,5,15,Champions
16905.0,3102.43,7,443.2042857142857,4,371,0.01881720430107527,117,5,5,5,15,Champions
16906.0,579.77,4,144.9425,81,248,0.01606425702811245,74,2,4,3,9,Potential Loyal Customers
16907.0,981.65,5,196.32999999999998,28,364,0.0136986301369863,89,4,4,4,12,Loyal Customers
16909.0,379.14,1,379.14,71,71,0.013888888888888888,18,3,2,2,7,Potential Loyal Customers
16910.0,1510.06,8,188.7575,3,90,0.08791208791208792,318,5,5,4,14,Champions
16912.0,2575.38,11,234.12545454545455,28,322,0.034055727554179564,88,4,5,5,14,Champions
16913.0,113.44,1,113.44,289,289,0.0034482758620689655,8,1,2,1,4,Lost Customers
16914.0,208.46,1,208.46,35,35,0.027777777777777776,25,3,2,1,6,At Risk
16915.0,621.6800000000001,6,103.61333333333334,8,283,0.02112676056338028,46,5,5,3,13,Champions
16916.0,576.26,2,288.13,23,371,0.005376344086021506,129,4,3,3,10,Loyal Customers
16917.0,391.52,1,391.52,276,276,0.0036101083032490976,9,1,2,2,5,At Risk
16918.0,1068.82,6,178.13666666666666,49,316,0.01892744479495268,97,3,5,4,12,Loyal Customers
16919.0,2596.45,11,236.04090909090908,155,367,0.029891304347826088,141,2,5,5,12,Loyal Customers
16921.0,169.79,1,169.79,60,60,0.01639344262295082,50,3,2,1,6,At Risk
16923.0,7247.61,19,381.4531578947368,11,362,0.05234159779614325,313,5,5,5,15,Champions
16924.0,846.75,3,282.25,20,83,0.03571428571428571,69,4,4,3,11,Loyal Customers
16926.0,230.25,1,230.25,370,370,0.0026954177897574125,14,1,2,1,4,Lost Customers
16927.0,543.05,3,181.01666666666665,115,361,0.008287292817679558,5,2,4,3,9,Potential Loyal Customers
16928.0,2847.6,17,167.50588235294117,79,372,0.045576407506702415,69,2,5,5,12,Loyal Customers
16929.0,1295.39,7,185.0557142857143,3,155,0.04487179487179487,51,5,5,4,14,Champions
16930.0,380.55,3,126.85000000000001,25,67,0.04411764705882353,47,4,4,2,10,Loyal Customers
16931.0,4604.22,21,219.24857142857144,4,369,0.05675675675675676,448,5,5,5,15,Champions
16932.0,161.94,1,161.94,52,52,0.018867924528301886,44,3,2,1,6,At Risk
16933.0,563.23,2,281.615,0,238,0.008368200836820083,42,5,3,3,11,Loyal Customers
16934.0,950.9300000000001,2,475.46500000000003,54,54,0.03636363636363636,59,3,3,4,10,Loyal Customers
16936.0,262.68,1,262.68,25,25,0.038461538461538464,56,4,2,2,8,Potential Loyal Customers
16938.0,2736.38,4,684.095,8,308,0.012944983818770227,212,5,4,5,14,Champions
16940.0,3049.88,3,1016.6266666666667,51,289,0.010344827586206896,226,3,4,5,12,Loyal Customers
16942.0,1920.59,9,213.39888888888888,12,227,0.039473684210526314,159,5,5,4,14,Champions
16943.0,816.73,3,272.24333333333334,211,317,0.009433962264150943,23,1,4,3,8,Potential Loyal Customers
16945.0,4345.5,19,228.71052631578948,21,357,0.05307262569832402,137,4,5,5,14,Champions
16947.0,406.48,1,406.48,235,235,0.00423728813559322,21,1,2,2,5,At Risk
16948.0,435.02,3,145.00666666666666,138,325,0.009202453987730062,15,2,4,2,8,Potential Loyal Customers
16949.0,1286.27,6,214.37833333333333,3,316,0.01892744479495268,57,5,5,4,14,Champions
16950.0,1178.56,3,392.8533333333333,56,366,0.008174386920980926,39,3,4,4,11,Loyal Customers
16951.0,1277.75,3,425.9166666666667,134,303,0.009868421052631578,73,2,4,4,10,Loyal Customers
16952.0,167.61,2,83.805,108,108,0.01834862385321101,16,2,3,1,6,At Risk
16953.0,20.8,1,20.8,29,29,0.03333333333333333,1,4,2,1,7,Potential Loyal Customers
16954.0,2085.08,9,231.67555555555555,0,359,0.025,40,5,5,5,15,Champions
16955.0,518.67,4,129.6675,184,372,0.010723860589812333,18,1,4,3,8,Potential Loyal Customers
16956.0,308.74,1,308.74,17,17,0.05555555555555555,16,4,2,2,8,Potential Loyal Customers
16957.0,416.64,2,208.32,238,281,0.0070921985815602835,15,1,3,2,6,At Risk
16959.0,117.35000000000001,1,117.35000000000001,86,86,0.011494252873563218,7,2,2,1,5,At Risk
16960.0,507.05,3,169.01666666666668,38,252,0.011857707509881422,92,3,4,3,10,Loyal Customers
16961.0,234.17,1,234.17,115,115,0.008620689655172414,14,2,2,1,5,At Risk
16963.0,110.55000000000001,1,110.55000000000001,186,186,0.0053475935828877,7,1,2,1,4,Lost Customers
16965.0,201.19,1,201.19,226,226,0.004405286343612335,26,1,2,1,4,Lost Customers
16966.0,2154.97,7,307.8528571428571,7,239,0.029166666666666667,8,5,5,5,15,Champions
16967.0,319.02,1,319.02,188,188,0.005291005291005291,21,1,2,2,5,At Risk
16968.0,439.43,2,219.715,3,107,0.018518518518518517,31,5,3,2,10,Loyal Customers
16969.0,650.41,3,216.8033333333333,38,191,0.015625,42,3,4,3,10,Loyal Customers
16971.0,357.21,1,357.21,37,37,0.02631578947368421,40,3,2,2,7,Potential Loyal Customers
16976.0,251.51999999999998,1,251.51999999999998,266,266,0.003745318352059925,2,1,2,2,5,At Risk
16978.0,344.33,1,344.33,77,77,0.01282051282051282,39,2,2,2,6,At Risk
16979.0,1852.0,6,308.6666666666667,3,297,0.020134228187919462,64,5,5,4,14,Champions
16980.0,1078.96,2,539.48,254,290,0.006872852233676976,71,1,3,4,8,Potential Loyal Customers
16982.0,384.06,1,384.06,60,60,0.01639344262295082,22,3,2,2,7,Potential Loyal Customers
16983.0,1931.25,7,275.89285714285717,12,369,0.01891891891891892,112,5,5,4,14,Champions
16984.0,4481.35,2,2240.675,87,129,0.015384615384615385,354,2,3,5,10,Loyal Customers
16985.0,5464.12,10,546.412,16,358,0.027855153203342618,62,4,5,5,14,Champions
16986.0,1873.2,2,936.6,29,29,0.06666666666666667,3,4,3,4,11,Loyal Customers
16987.0,1625.05,7,232.15,2,204,0.03414634146341464,74,5,5,4,14,Champions
16988.0,126.12,1,126.12,4,4,0.2,7,5,2,1,8,Potential Loyal Customers
16989.0,1133.25,6,188.875,6,150,0.039735099337748346,7,5,5,4,14,Champions
16990.0,179.0,1,179.0,218,218,0.0045662100456621,1,1,2,1,4,Lost Customers
16992.0,1614.31,5,322.86199999999997,10,284,0.017543859649122806,84,5,4,4,13,Champions
16996.0,1456.96,6,242.82666666666668,29,352,0.0169971671388102,13,4,5,4,13,Champions
16997.0,702.0,3,234.0,287,325,0.009202453987730062,7,1,4,3,8,Potential Loyal Customers
16998.0,295.0,4,73.75,149,303,0.013157894736842105,1,2,4,2,8,Potential Loyal Customers
16999.0,484.82,2,242.41,22,73,0.02702702702702703,21,4,3,2,9,Potential Loyal Customers
17001.0,3989.57,11,362.6881818181818,0,358,0.03064066852367688,75,5,5,5,15,Champions
17002.0,1493.73,3,497.91,85,290,0.010309278350515464,41,2,4,4,10,Loyal Customers
17004.0,1412.94,2,706.47,45,92,0.021505376344086023,38,3,3,4,10,Loyal Customers
17006.0,781.78,4,195.445,4,75,0.05263157894736842,37,5,4,3,12,Loyal Customers
17007.0,889.9300000000001,6,148.3216666666667,50,356,0.01680672268907563,50,3,5,3,11,Loyal Customers
17010.0,195.36,1,195.36,17,17,0.05555555555555555,11,4,2,1,7,Potential Loyal Customers
17011.0,270.9,1,270.9,29,29,0.03333333333333333,15,4,2,2,8,Potential Loyal Customers
17014.0,586.33,3,195.44333333333336,7,66,0.04477611940298507,63,5,4,3,12,Loyal Customers
17015.0,1842.56,3,614.1866666666666,28,184,0.016216216216216217,182,4,4,4,12,Loyal Customers
17017.0,8694.26,20,434.713,2,372,0.05361930294906166,88,5,5,5,15,Champions
17018.0,920.1,2,460.05,40,325,0.006134969325153374,15,3,3,3,9,Potential Loyal Customers
17019.0,1272.61,4,318.1525,10,367,0.010869565217391304,166,5,4,4,13,Champions
17022.0,71.0,1,71.0,30,30,0.03225806451612903,7,4,2,1,7,Potential Loyal Customers
17024.0,95.85,3,31.95,44,157,0.0189873417721519,2,3,4,1,8,Potential Loyal Customers
17025.0,357.77,3,119.25666666666666,60,372,0.00804289544235925,8,3,4,2,9,Potential Loyal Customers
17026.0,154.82999999999998,2,77.41499999999999,184,369,0.005405405405405406,4,1,3,1,5,At Risk
17027.0,890.29,6,148.38166666666666,78,316,0.01892744479495268,110,2,5,3,10,Loyal Customers
17029.0,716.0,2,358.0,110,236,0.008438818565400843,1,2,3,3,8,Potential Loyal Customers
17030.0,146.87,1,146.87,63,63,0.015625,11,3,2,1,6,At Risk
17031.0,380.35,2,190.175,11,154,0.012903225806451613,19,5,3,2,10,Loyal Customers
17033.0,1030.14,3,343.38000000000005,85,358,0.008356545961002786,24,2,4,4,10,Loyal Customers
17034.0,745.52,3,248.50666666666666,15,287,0.010416666666666666,28,4,4,3,11,Loyal Customers
17035.0,433.53000000000003,2,216.76500000000001,245,311,0.00641025641025641,27,1,3,2,6,At Risk
17037.0,1267.32,1,1267.32,87,87,0.011363636363636364,75,2,2,4,8,Potential Loyal Customers
17038.0,112.4,1,112.4,29,29,0.03333333333333333,22,4,2,1,7,Potential Loyal Customers
17040.0,449.73,1,449.73,137,137,0.007246376811594203,15,2,2,2,6,At Risk
17041.0,1081.57,3,360.5233333333333,26,360,0.008310249307479225,59,4,4,4,12,Loyal Customers
17042.0,1044.3799999999999,5,208.87599999999998,2,246,0.020242914979757085,74,5,4,4,13,Champions
17043.0,1735.18,4,433.795,31,265,0.015037593984962405,100,4,4,4,12,Loyal Customers
17044.0,948.48,1,948.48,24,24,0.04,6,4,2,4,10,Loyal Customers
17045.0,339.44,3,113.14666666666666,112,247,0.012096774193548387,20,2,4,2,8,Potential Loyal Customers
17046.0,642.02,1,642.02,156,156,0.006369426751592357,22,2,2,3,7,Potential Loyal Customers
17047.0,1100.9,3,366.9666666666667,84,204,0.014634146341463415,59,2,4,4,10,Loyal Customers
17048.0,925.35,3,308.45,117,330,0.00906344410876133,41,2,4,3,9,Potential Loyal Customers
17049.0,5659.9800000000005,9,628.8866666666668,2,275,0.03260869565217391,201,5,5,5,15,Champions
17050.0,3228.84,6,538.14,95,299,0.02,169,2,5,5,12,Loyal Customers
17051.0,247.14000000000001,1,247.14000000000001,193,193,0.005154639175257732,40,1,2,1,4,Lost Customers
17052.0,413.75,1,413.75,27,27,0.03571428571428571,72,4,2,2,8,Potential Loyal Customers
17053.0,498.48,1,498.48,130,130,0.007633587786259542,13,2,2,3,7,Potential Loyal Customers
17054.0,1356.33,5,271.26599999999996,27,244,0.02040816326530612,64,4,4,4,12,Loyal Customers
17058.0,1179.89,3,393.2966666666667,81,239,0.0125,51,2,4,4,10,Loyal Customers
17059.0,3095.04,5,619.008,29,369,0.013513513513513514,292,4,4,5,13,Champions
17060.0,234.24,1,234.24,265,265,0.0037593984962406013,5,1,2,1,4,Lost Customers
17061.0,5232.2300000000005,11,475.65727272727275,73,231,0.04741379310344827,57,2,5,5,12,Loyal Customers
17062.0,538.37,4,134.5925,313,369,0.010810810810810811,52,1,4,3,8,Potential Loyal Customers
17063.0,1461.14,7,208.73428571428573,20,288,0.02422145328719723,66,4,5,4,13,Champions
17064.0,859.35,3,286.45,58,326,0.009174311926605505,53,3,4,3,10,Loyal Customers
17068.0,4552.14,21,216.76857142857145,11,367,0.057065217391304345,116,5,5,5,15,Champions
17069.0,2709.7000000000003,9,301.0777777777778,27,372,0.024128686327077747,111,4,5,5,14,Champions
17070.0,312.14,1,312.14,113,113,0.008771929824561403,62,2,2,2,6,At Risk
17071.0,2429.03,9,269.89222222222224,27,309,0.02903225806451613,102,4,5,5,14,Champions
17073.0,1446.09,4,361.5225,17,108,0.03669724770642202,142,4,4,4,12,Loyal Customers
17075.0,834.12,4,208.53,17,316,0.012618296529968454,62,4,4,3,11,Loyal Customers
17076.0,841.0799999999999,3,280.35999999999996,35,364,0.00821917808219178,17,3,4,3,10,Loyal Customers
17078.0,378.2,2,189.1,35,35,0.05555555555555555,28,3,3,2,8,Potential Loyal Customers
17079.0,118.80000000000001,1,118.80000000000001,77,77,0.01282051282051282,2,2,2,1,5,At Risk
17080.0,287.62,2,143.81,21,269,0.007407407407407408,8,4,3,2,9,Potential Loyal Customers
17081.0,290.16,2,145.08,24,45,0.043478260869565216,55,4,3,2,9,Potential Loyal Customers
17082.0,2003.85,2,1001.925,32,317,0.006289308176100629,75,4,3,4,11,Loyal Customers
17083.0,1405.78,3,468.5933333333333,108,303,0.009868421052631578,24,2,4,4,10,Loyal Customers
17084.0,2949.75,2,1474.875,34,34,0.05714285714285714,146,3,3,5,11,Loyal Customers
17085.0,1566.65,5,313.33000000000004,122,362,0.013774104683195593,115,2,4,4,10,Loyal Customers
17086.0,2050.08,6,341.68,6,63,0.09375,76,5,5,4,14,Champions
17088.0,1991.01,4,497.7525,27,253,0.015748031496062992,96,4,4,4,12,Loyal Customers
17090.0,2043.95,7,291.99285714285713,3,353,0.01977401129943503,45,5,5,4,14,Champions
17091.0,3827.76,9,425.3066666666667,2,367,0.024456521739130436,119,5,5,5,15,Champions
17092.0,1777.78,4,444.445,49,276,0.01444043321299639,99,3,4,4,11,Loyal Customers
17094.0,302.0,1,302.0,321,321,0.003105590062111801,14,1,2,2,5,At Risk
17095.0,1324.16,3,441.3866666666667,22,334,0.008955223880597015,69,4,4,4,12,Loyal Customers
17096.0,1022.13,4,255.5325,14,261,0.015267175572519083,46,4,4,4,12,Loyal Customers
17097.0,954.42,8,119.3025,1,364,0.021917808219178082,153,5,5,4,14,Champions
17100.0,971.74,2,485.87,17,17,0.1111111111111111,65,4,3,4,11,Loyal Customers
17101.0,1621.73,4,405.4325,9,177,0.02247191011235955,28,5,4,4,13,Champions
17102.0,25.5,1,25.5,261,261,0.003816793893129771,1,1,2,1,4,Lost Customers
17105.0,665.78,2,332.89,158,305,0.006535947712418301,80,2,3,3,8,Potential Loyal Customers
17107.0,10815.43,6,1802.5716666666667,32,277,0.02158273381294964,269,4,5,5,14,Champions
17109.0,885.04,6,147.50666666666666,28,231,0.02586206896551724,107,4,5,3,12,Loyal Customers
17110.0,163.29999999999998,1,163.29999999999998,164,164,0.006060606060606061,12,2,2,1,5,At Risk
17111.0,248.61,1,248.61,46,46,0.02127659574468085,29,3,2,1,6,At Risk
17114.0,808.62,8,101.0775,5,334,0.023880597014925373,85,5,5,3,13,Champions
17115.0,837.5,3,279.1666666666667,7,232,0.012875536480686695,33,5,4,3,12,Loyal Customers
17117.0,116.19999999999999,1,116.19999999999999,287,287,0.003472222222222222,9,1,2,1,4,Lost Customers
17118.0,157.02,1,157.02,317,317,0.0031446540880503146,10,1,2,1,4,Lost Customers
17119.0,606.91,2,303.455,2,59,0.03333333333333333,35,5,3,3,11,Loyal Customers
17120.0,307.46,1,307.46,232,232,0.004291845493562232,18,1,2,2,5,At Risk
17122.0,138.32,1,138.32,118,118,0.008403361344537815,7,2,2,1,5,At Risk
17123.0,345.29999999999995,1,345.29999999999995,161,161,0.006172839506172839,9,2,2,2,6,At Risk
17124.0,298.89,1,298.89,184,184,0.005405405405405406,31,1,2,2,5,At Risk
17125.0,259.35,1,259.35,49,49,0.02,34,3,2,2,7,Potential Loyal Customers
17126.0,1004.75,5,200.95,151,362,0.013774104683195593,187,2,4,4,10,Loyal Customers
17128.0,157.09,1,157.09,334,334,0.0029850746268656717,14,1,2,1,4,Lost Customers
17131.0,2463.17,5,492.634,4,75,0.06578947368421052,78,5,4,5,14,Champions
17133.0,4892.240000000001,7,698.8914285714287,15,265,0.02631578947368421,13,4,5,5,14,Champions
17134.0,425.0,2,212.5,106,264,0.007547169811320755,21,2,3,2,7,Potential Loyal Customers
17135.0,1139.73,7,162.81857142857143,15,371,0.01881720430107527,34,4,5,4,13,Champions
17138.0,380.5,1,380.5,275,275,0.0036231884057971015,24,1,2,2,5,At Risk
17139.0,10668.47,12,889.0391666666666,15,288,0.04152249134948097,309,4,5,5,14,Champions
17140.0,465.32,1,465.32,246,246,0.004048582995951417,16,1,2,2,5,At Risk
17142.0,579.0,1,579.0,238,238,0.0041841004184100415,15,1,2,3,6,At Risk
17144.0,984.57,2,492.285,0,84,0.023529411764705882,42,5,3,4,12,Loyal Customers
17146.0,749.78,3,249.92666666666665,105,358,0.008356545961002786,33,2,4,3,9,Potential Loyal Customers
17147.0,1714.59,4,428.6475,22,311,0.01282051282051282,68,4,4,4,12,Loyal Customers
17148.0,124.88,1,124.88,51,51,0.019230769230769232,9,3,2,1,6,At Risk
17152.0,1689.5,3,563.1666666666666,194,262,0.011406844106463879,9,1,4,4,9,Potential Loyal Customers
17153.0,213.78,1,213.78,23,23,0.041666666666666664,14,4,2,1,7,Potential Loyal Customers
17154.0,329.34,1,329.34,74,74,0.013333333333333334,23,2,2,2,6,At Risk
17155.0,251.70000000000002,2,125.85000000000001,17,177,0.011235955056179775,19,4,3,2,9,Potential Loyal Customers
17157.0,319.0,2,159.5,7,175,0.011363636363636364,11,5,3,2,10,Loyal Customers
17158.0,1266.97,3,422.3233333333333,31,359,0.008333333333333333,53,4,4,4,12,Loyal Customers
17159.0,1538.88,3,512.96,21,171,0.01744186046511628,96,4,4,4,12,Loyal Customers
17160.0,3518.03,6,586.3383333333334,30,241,0.024793388429752067,111,4,5,5,14,Champions
17162.0,1715.46,10,171.546,28,305,0.032679738562091505,81,4,5,4,13,Champions
17163.0,293.1,2,146.55,21,77,0.02564102564102564,3,4,3,2,9,Potential Loyal Customers
17164.0,2467.35,7,352.4785714285714,32,272,0.02564102564102564,92,4,5,5,14,Champions
17165.0,158.68,1,158.68,283,283,0.0035211267605633804,10,1,2,1,4,Lost Customers
17166.0,206.34,2,103.17,38,203,0.00980392156862745,11,3,3,1,7,Potential Loyal Customers
17169.0,835.78,2,417.89,57,182,0.01092896174863388,51,3,3,3,9,Potential Loyal Customers
17171.0,224.91,1,224.91,288,288,0.0034602076124567475,16,1,2,1,4,Lost Customers
17172.0,317.76,1,317.76,78,78,0.012658227848101266,15,2,2,2,6,At Risk
17173.0,3766.6,8,470.825,4,130,0.061068702290076333,36,5,5,5,15,Champions
17174.0,59.9,1,59.9,217,217,0.0045871559633027525,4,1,2,1,4,Lost Customers
17175.0,1443.69,4,360.9225,43,295,0.013513513513513514,42,3,4,4,11,Loyal Customers
17176.0,306.13,1,306.13,201,201,0.0049504950495049506,15,1,2,2,5,At Risk
17179.0,711.79,3,237.26333333333332,177,360,0.008310249307479225,56,2,4,3,9,Potential Loyal Customers
17180.0,796.03,4,199.0075,55,315,0.012658227848101266,91,3,4,3,10,Loyal Customers
17181.0,239.92000000000002,2,119.96000000000001,56,373,0.0053475935828877,23,3,3,1,7,Potential Loyal Customers
17183.0,3347.31,6,557.885,7,104,0.05714285714285714,42,5,5,5,15,Champions
17186.0,144.0,2,72.0,46,59,0.03333333333333333,1,3,3,1,7,Potential Loyal Customers
17187.0,203.95,1,203.95,226,226,0.004405286343612335,10,1,2,1,4,Lost Customers
17188.0,2474.23,7,353.4614285714286,10,361,0.019337016574585635,71,5,5,5,15,Champions
17189.0,384.40000000000003,2,192.20000000000002,105,358,0.005571030640668524,52,2,3,2,7,Potential Loyal Customers
17190.0,444.74,2,222.37,58,206,0.00966183574879227,19,3,3,2,8,Potential Loyal Customers
17191.0,2095.13,7,299.30428571428575,27,367,0.019021739130434784,163,4,5,5,14,Champions
17193.0,1699.3000000000002,7,242.7571428571429,35,176,0.03954802259887006,17,3,5,4,12,Loyal Customers
17194.0,262.62,2,131.31,273,360,0.00554016620498615,26,1,3,2,6,At Risk
17197.0,1013.01,1,1013.01,29,29,0.03333333333333333,29,4,2,4,10,Loyal Customers
17198.0,692.22,3,230.74,23,370,0.008086253369272238,89,4,4,3,11,Loyal Customers
17201.0,342.63,1,342.63,53,53,0.018518518518518517,38,3,2,2,7,Potential Loyal Customers
17203.0,3563.85,6,593.975,35,59,0.1,116,3,5,5,13,Champions
17204.0,1564.56,4,391.14,174,263,0.015151515151515152,44,2,4,4,10,Loyal Customers
17205.0,384.08,1,384.08,53,53,0.018518518518518517,13,3,2,2,7,Potential Loyal Customers
17206.0,204.24,1,204.24,52,52,0.018867924528301886,7,3,2,1,6,At Risk
17211.0,2317.2200000000003,8,289.65250000000003,26,369,0.021621621621621623,150,4,5,5,14,Champions
17212.0,226.85,1,226.85,252,252,0.003952569169960474,4,1,2,1,4,Lost Customers
17213.0,2781.23,7,397.31857142857143,39,365,0.01912568306010929,85,3,5,5,13,Champions
17214.0,1069.1200000000001,6,178.1866666666667,59,358,0.016713091922005572,79,3,5,4,12,Loyal Customers
17217.0,113.5,1,113.5,233,233,0.004273504273504274,9,1,2,1,4,Lost Customers
17218.0,1960.72,10,196.072,3,367,0.02717391304347826,146,5,5,4,14,Champions
17219.0,114.23,1,114.23,31,31,0.03125,24,4,2,1,7,Potential Loyal Customers
17220.0,3198.25,14,228.44642857142858,23,363,0.038461538461538464,303,4,5,5,14,Champions
17221.0,335.13,2,167.565,6,35,0.05555555555555555,59,5,3,2,10,Loyal Customers
17222.0,354.15,1,354.15,64,64,0.015384615384615385,27,3,2,2,7,Potential Loyal Customers
17223.0,426.79,2,213.395,309,367,0.005434782608695652,43,1,3,2,6,At Risk
17226.0,393.49,1,393.49,308,308,0.003236245954692557,21,1,2,2,5,At Risk
17227.0,939.32,6,156.55333333333334,18,368,0.016260162601626018,28,4,5,3,12,Loyal Customers
17228.0,1906.09,8,238.26125,15,371,0.021505376344086023,140,4,5,4,13,Champions
17229.0,318.76,2,159.38,95,142,0.013986013986013986,39,2,3,2,7,Potential Loyal Customers
17230.0,3638.41,8,454.80125,263,359,0.022222222222222223,51,1,5,5,11,Loyal Customers
17231.0,3174.32,10,317.432,11,360,0.027700831024930747,292,5,5,5,15,Champions
17232.0,421.52,2,210.76,2,14,0.13333333333333333,30,5,3,2,10,Loyal Customers
17233.0,190.88,1,190.88,34,34,0.02857142857142857,25,3,2,1,6,At Risk
17234.0,149.89000000000001,1,149.89000000000001,182,182,0.00546448087431694,14,1,2,1,4,Lost Customers
17235.0,550.06,2,275.03,24,371,0.005376344086021506,24,4,3,3,10,Loyal Customers
17236.0,916.13,6,152.68833333333333,12,362,0.01652892561983471,88,5,5,3,13,Champions
17237.0,314.69,2,157.345,10,21,0.09090909090909091,18,5,3,2,10,Loyal Customers
17238.0,3744.65,17,220.2735294117647,2,370,0.04582210242587601,297,5,5,5,15,Champions
17239.0,382.5,1,382.5,312,312,0.003194888178913738,15,1,2,2,5,At Risk
17242.0,1135.04,2,567.52,107,179,0.011111111111111112,30,2,3,4,9,Potential Loyal Customers
17243.0,8676.85,26,333.725,0,369,0.07027027027027027,180,5,5,5,15,Champions
17244.0,954.9,1,954.9,52,52,0.018867924528301886,31,3,2,4,9,Potential Loyal Customers
17245.0,171.45,1,171.45,204,204,0.004878048780487805,9,1,2,1,4,Lost Customers
17247.0,282.19,1,282.19,14,14,0.06666666666666667,53,4,2,2,8,Potential Loyal Customers
17248.0,318.65,1,318.65,119,119,0.008333333333333333,68,2,2,2,6,At Risk
17250.0,384.52,2,192.26,3,260,0.007662835249042145,55,5,3,2,10,Loyal Customers
17251.0,283.28000000000003,1,283.28000000000003,362,362,0.0027548209366391185,37,1,2,2,5,At Risk
17252.0,353.86,2,176.93,116,185,0.010752688172043012,86,2,3,2,7,Potential Loyal Customers
17253.0,178.26,1,178.26,17,17,0.05555555555555555,18,4,2,1,7,Potential Loyal Customers
17254.0,272.44,2,136.22,4,14,0.13333333333333333,100,5,3,2,10,Loyal Customers
17255.0,298.41,2,149.205,40,298,0.006688963210702341,69,3,3,2,8,Potential Loyal Customers
17256.0,240.0,2,120.0,106,311,0.00641025641025641,12,2,3,1,6,At Risk
17259.0,603.37,2,301.685,147,367,0.005434782608695652,104,2,3,3,8,Potential Loyal Customers
17262.0,1253.3600000000001,5,250.67200000000003,51,365,0.01366120218579235,9,3,4,4,11,Loyal Customers
17263.0,63.440000000000005,1,63.440000000000005,207,207,0.004807692307692308,23,1,2,1,4,Lost Customers
17265.0,562.9,2,281.45,138,180,0.011049723756906077,106,2,3,3,8,Potential Loyal Customers
17266.0,310.64,3,103.54666666666667,1,147,0.02027027027027027,60,5,4,2,11,Loyal Customers
17267.0,317.62,2,158.81,126,126,0.015748031496062992,37,2,3,2,7,Potential Loyal Customers
17268.0,763.64,4,190.91,107,244,0.0163265306122449,3,2,4,3,9,Potential Loyal Customers
17272.0,2148.63,4,537.1575,41,262,0.015209125475285171,70,3,4,5,12,Loyal Customers
17274.0,111.97999999999999,1,111.97999999999999,34,34,0.02857142857142857,24,3,2,1,6,At Risk
17277.0,1065.3500000000001,2,532.6750000000001,227,322,0.006191950464396285,67,1,3,4,8,Potential Loyal Customers
17278.0,246.04,1,246.04,240,240,0.004149377593360996,15,1,2,1,4,Lost Customers
17279.0,187.82999999999998,1,187.82999999999998,57,57,0.017241379310344827,8,3,2,1,6,At Risk
17282.0,1703.41,3,567.8033333333334,129,299,0.01,79,2,4,4,10,Loyal Customers
17284.0,1652.58,6,275.43,59,335,0.017857142857142856,229,3,5,4,12,Loyal Customers
17286.0,153.92,1,153.92,21,21,0.045454545454545456,44,4,2,1,7,Potential Loyal Customers
17287.0,1064.11,7,152.01571428571427,25,372,0.01876675603217158,88,4,5,4,13,Champions
17288.0,1419.73,7,202.81857142857143,8,357,0.019553072625698324,118,5,5,4,14,Champions
17289.0,944.41,3,314.80333333333334,31,179,0.016666666666666666,86,4,4,4,12,Loyal Customers
17290.0,525.24,2,262.62,3,15,0.125,92,5,3,3,11,Loyal Customers
17291.0,550.8000000000001,1,550.8000000000001,307,307,0.003246753246753247,1,1,2,3,6,At Risk
17293.0,1875.1100000000001,9,208.34555555555556,7,360,0.024930747922437674,93,5,5,4,14,Champions
17295.0,556.95,3,185.65,28,64,0.046153846153846156,53,4,4,3,11,Loyal Customers
17297.0,131.78,1,131.78,16,16,0.058823529411764705,49,4,2,1,7,Potential Loyal Customers
17298.0,498.42,2,249.21,100,124,0.016,30,2,3,3,8,Potential Loyal Customers
17299.0,669.11,4,167.2775,11,172,0.023121387283236993,50,5,4,3,12,Loyal Customers
17301.0,197.63,1,197.63,20,20,0.047619047619047616,59,4,2,1,7,Potential Loyal Customers
17302.0,1135.63,5,227.12600000000003,14,305,0.016339869281045753,68,4,4,4,12,Loyal Customers
17303.0,250.04,1,250.04,360,360,0.002770083102493075,53,1,2,1,4,Lost Customers
17306.0,8631.31,19,454.2794736842105,10,352,0.053824362606232294,13,5,5,5,15,Champions
17309.0,82.75,1,82.75,94,94,0.010526315789473684,11,2,2,1,5,At Risk
17311.0,1384.85,2,692.425,77,316,0.006309148264984227,55,2,3,4,9,Potential Loyal Customers
17312.0,644.3,3,214.76666666666665,138,158,0.018867924528301886,11,2,4,3,9,Potential Loyal Customers
17313.0,2328.84,1,2328.84,30,30,0.03225806451612903,24,4,2,5,11,Loyal Customers
17314.0,2527.92,8,315.99,24,312,0.025559105431309903,120,4,5,5,14,Champions
17315.0,6292.26,38,165.58578947368423,1,357,0.10614525139664804,256,5,5,5,15,Champions
17317.0,2600.34,3,866.7800000000001,45,89,0.03333333333333333,8,3,4,5,12,Loyal Customers
17320.0,1200.6200000000001,3,400.2066666666667,99,367,0.008152173913043478,57,2,4,4,10,Loyal Customers
17321.0,700.86,2,350.43,7,67,0.029411764705882353,94,5,3,3,11,Loyal Customers
17323.0,921.07,7,131.58142857142857,14,291,0.023972602739726026,125,4,5,3,12,Loyal Customers
17324.0,990.23,4,247.5575,17,366,0.010899182561307902,43,4,4,4,12,Loyal Customers
17325.0,96.8,1,96.8,279,279,0.0035714285714285713,6,1,2,1,4,Lost Customers
17329.0,523.11,2,261.555,13,314,0.006349206349206349,29,4,3,3,10,Loyal Customers
17330.0,363.9,2,181.95,22,67,0.029411764705882353,5,4,3,2,9,Potential Loyal Customers
17331.0,175.2,1,175.2,123,123,0.008064516129032258,1,2,2,1,5,At Risk
17333.0,494.25,1,494.25,85,85,0.011627906976744186,28,2,2,3,7,Potential Loyal Customers
17334.0,307.02,2,153.51,301,308,0.006472491909385114,11,1,3,2,6,At Risk
17337.0,2027.8700000000001,4,506.96750000000003,150,309,0.012903225806451613,421,2,4,4,10,Loyal Customers
17338.0,6643.93,8,830.49125,16,360,0.0221606648199446,389,4,5,5,14,Champions
17339.0,243.36,2,121.68,93,364,0.005479452054794521,9,2,3,1,6,At Risk
17340.0,12353.29,11,1123.0263636363636,29,365,0.030054644808743168,229,4,5,5,14,Champions
17341.0,781.36,3,260.4533333333333,156,366,0.008174386920980926,147,2,4,3,9,Potential Loyal Customers
17343.0,193.64,1,193.64,354,354,0.0028169014084507044,17,1,2,1,4,Lost Customers
17344.0,160.57,1,160.57,45,45,0.021739130434782608,31,3,2,1,6,At Risk
17345.0,537.74,4,134.435,14,196,0.02030456852791878,70,4,4,3,11,Loyal Customers
17346.0,2676.56,15,178.43733333333333,3,372,0.040214477211796246,299,5,5,5,15,Champions
17347.0,228.96,1,228.96,85,85,0.011627906976744186,1,2,2,1,5,At Risk
17348.0,1159.52,5,231.904,14,297,0.016778523489932886,180,4,4,4,12,Loyal Customers
17349.0,110.75,1,110.75,178,178,0.00558659217877095,8,2,2,1,5,At Risk
17350.0,1286.07,4,321.5175,7,50,0.0784313725490196,66,5,4,4,13,Champions
17351.0,587.15,3,195.71666666666667,35,272,0.01098901098901099,22,3,4,3,10,Loyal Customers
17353.0,1740.0,2,870.0,128,153,0.012987012987012988,5,2,3,4,9,Potential Loyal Customers
17354.0,1393.06,1,1393.06,50,50,0.0196078431372549,15,3,2,4,9,Potential Loyal Customers
17356.0,178.22,1,178.22,311,311,0.003205128205128205,19,1,2,1,4,Lost Customers
17357.0,388.14,2,194.07,23,23,0.08333333333333333,41,4,3,2,9,Potential Loyal Customers
17358.0,365.85,2,182.925,302,354,0.005633802816901409,55,1,3,2,6,At Risk
17359.0,127.86,1,127.86,10,10,0.09090909090909091,13,5,2,1,8,Potential Loyal Customers
17360.0,585.79,3,195.26333333333332,16,183,0.016304347826086956,113,4,4,3,11,Loyal Customers
17361.0,488.2,3,162.73333333333332,48,291,0.010273972602739725,26,3,4,2,9,Potential Loyal Customers
17362.0,312.23,2,156.115,238,309,0.0064516129032258064,30,1,3,2,6,At Risk
17364.0,4481.18,11,407.38000000000005,0,330,0.03323262839879154,288,5,5,5,15,Champions
17365.0,4801.56,8,600.195,12,332,0.024024024024024024,278,5,5,5,15,Champions
17367.0,168.4,1,168.4,237,237,0.004201680672268907,33,1,2,1,4,Lost Customers
17368.0,1912.67,8,239.08375,22,337,0.023668639053254437,93,4,5,4,13,Champions
17370.0,446.18,4,111.545,72,169,0.023529411764705882,31,2,4,2,8,Potential Loyal Customers
17371.0,423.89,3,141.29666666666665,16,360,0.008310249307479225,83,4,4,2,10,Loyal Customers
17372.0,1342.68,8,167.835,40,362,0.02203856749311295,215,3,5,4,12,Loyal Customers
17373.0,646.92,4,161.73,39,312,0.012779552715654952,47,3,4,3,10,Loyal Customers
17374.0,495.77,2,247.885,218,280,0.0071174377224199285,24,1,3,3,7,Potential Loyal Customers
17375.0,400.1,3,133.36666666666667,198,360,0.008310249307479225,63,1,4,2,7,Potential Loyal Customers
17376.0,203.2,2,101.6,70,310,0.006430868167202572,23,3,3,1,7,Potential Loyal Customers
17377.0,4100.92,20,205.046,23,373,0.053475935828877004,190,4,5,5,14,Champions
17379.0,404.66,1,404.66,10,10,0.09090909090909091,71,5,2,2,9,Potential Loyal Customers
17381.0,20275.61,29,699.1589655172414,8,371,0.07795698924731183,40,5,5,5,15,Champions
17382.0,65.4,1,65.4,64,64,0.015384615384615385,2,3,2,1,6,At Risk
17383.0,199.29,1,199.29,3,3,0.25,49,5,2,1,8,Potential Loyal Customers
17384.0,336.4,2,168.2,18,218,0.0091324200913242,12,4,3,2,9,Potential Loyal Customers
17385.0,261.11,1,261.11,14,14,0.06666666666666667,42,4,2,2,8,Potential Loyal Customers
17386.0,2686.42,6,447.7366666666667,7,165,0.03614457831325301,23,5,5,5,15,Champions
17387.0,784.11,2,392.055,19,33,0.058823529411764705,71,4,3,3,10,Loyal Customers
17388.0,1259.56,4,314.89,77,287,0.013888888888888888,13,2,4,4,10,Loyal Customers
17389.0,31833.68,34,936.2847058823529,0,330,0.1027190332326284,45,5,5,5,15,Champions
17391.0,508.8,2,254.4,163,164,0.012121212121212121,2,2,3,3,8,Potential Loyal Customers
17392.0,457.91,2,228.955,306,357,0.00558659217877095,53,1,3,2,6,At Risk
17394.0,203.86999999999998,1,203.86999999999998,218,218,0.0045662100456621,4,1,2,1,4,Lost Customers
17396.0,7330.8,8,916.35,38,371,0.021505376344086023,24,3,5,5,13,Champions
17397.0,696.41,2,348.205,21,21,0.09090909090909091,88,4,3,3,10,Loyal Customers
17398.0,653.38,3,217.79333333333332,114,254,0.011764705882352941,30,2,4,3,9,Potential Loyal Customers
17400.0,2129.96,5,425.992,125,352,0.014164305949008499,175,2,4,5,11,Loyal Customers
17402.0,2633.85,13,202.60384615384615,4,368,0.03523035230352303,33,5,5,5,15,Champions
17403.0,281.62,1,281.62,35,35,0.027777777777777776,32,3,2,2,7,Potential Loyal Customers
17404.0,31906.82,15,2127.1213333333335,3,359,0.041666666666666664,111,5,5,5,15,Champions
17405.0,1031.41,3,343.80333333333334,0,149,0.02,77,5,4,4,13,Champions
17406.0,2200.42,3,733.4733333333334,332,366,0.008174386920980926,99,1,4,5,10,Loyal Customers
17408.0,32.65,1,32.65,162,162,0.006134969325153374,2,2,2,1,5,At Risk
17409.0,771.85,2,385.925,184,247,0.008064516129032258,13,1,3,3,7,Potential Loyal Customers
17410.0,1214.72,5,242.94400000000002,15,214,0.023255813953488372,57,4,4,4,12,Loyal Customers
17411.0,778.94,3,259.6466666666667,11,260,0.011494252873563218,39,5,4,3,12,Loyal Customers
17412.0,1258.06,7,179.72285714285712,2,371,0.01881720430107527,48,5,5,4,14,Champions
17414.0,778.0,2,389.0,43,184,0.010810810810810811,5,3,3,3,9,Potential Loyal Customers
17415.0,507.84,1,507.84,79,79,0.0125,14,2,2,3,7,Potential Loyal Customers
17416.0,6893.42,7,984.7742857142857,29,280,0.02491103202846975,186,4,5,5,14,Champions
17418.0,463.46000000000004,2,231.73000000000002,41,323,0.006172839506172839,29,3,3,2,8,Potential Loyal Customers
17419.0,4226.57,12,352.21416666666664,10,366,0.0326975476839237,155,5,5,5,15,Champions
17420.0,598.83,3,199.61,49,373,0.008021390374331552,28,3,4,3,10,Loyal Customers
17422.0,1979.37,6,329.895,15,295,0.02027027027027027,93,4,5,4,13,Champions
17423.0,698.41,2,349.205,45,217,0.009174311926605505,26,3,3,3,9,Potential Loyal Customers
17425.0,759.17,2,379.585,18,60,0.03278688524590164,42,4,3,3,10,Loyal Customers
17426.0,5037.26,6,839.5433333333334,7,281,0.02127659574468085,179,5,5,5,15,Champions
17427.0,100.8,1,100.8,71,71,0.013888888888888888,2,3,2,1,6,At Risk
17428.0,17256.85,28,616.3160714285714,0,368,0.07588075880758807,252,5,5,5,15,Champions
17429.0,524.9200000000001,3,174.97333333333336,127,218,0.0136986301369863,36,2,4,3,9,Potential Loyal Customers
17430.0,265.76,2,132.88,32,364,0.005479452054794521,14,4,3,2,9,Potential Loyal Customers
17431.0,403.3,1,403.3,312,312,0.003194888178913738,41,1,2,2,5,At Risk
17432.0,365.76,2,182.88,17,36,0.05405405405405406,44,4,3,2,9,Potential Loyal Customers
17433.0,303.15999999999997,1,303.15999999999997,87,87,0.011363636363636364,53,2,2,2,6,At Risk
17434.0,2373.82,7,339.1171428571429,1,84,0.08235294117647059,100,5,5,5,15,Champions
17436.0,216.29999999999998,2,108.14999999999999,1,226,0.00881057268722467,7,5,3,1,9,Potential Loyal Customers
17438.0,388.45000000000005,1,388.45000000000005,253,253,0.003937007874015748,17,1,2,2,5,At Risk
17440.0,186.42000000000002,3,62.14000000000001,156,247,0.012096774193548387,3,2,4,1,7,Potential Loyal Customers
17442.0,2248.56,6,374.76,36,289,0.020689655172413793,96,3,5,5,13,Champions
17443.0,534.24,1,534.24,219,219,0.004545454545454545,1,1,2,3,6,At Risk
17444.0,2940.04,3,980.0133333333333,147,172,0.017341040462427744,132,2,4,5,11,Loyal Customers
17446.0,120.9,2,60.45,176,309,0.0064516129032258064,6,2,3,1,6,At Risk
17447.0,541.53,2,270.765,39,71,0.027777777777777776,33,3,3,3,9,Potential Loyal Customers
17449.0,2520.86,7,360.1228571428572,1,359,0.019444444444444445,178,5,5,5,15,Champions
17450.0,194550.79,46,4229.365,7,367,0.125,124,5,5,5,15,Champions
17451.0,1721.4,7,245.91428571428574,0,105,0.0660377358490566,83,5,5,4,14,Champions
17453.0,486.71999999999997,2,243.35999999999999,17,63,0.03125,19,4,3,2,9,Potential Loyal Customers
17454.0,517.53,4,129.3825,191,359,0.011111111111111112,57,1,4,3,8,Potential Loyal Customers
17455.0,131.7,1,131.7,203,203,0.004901960784313725,8,1,2,1,4,Lost Customers
17456.0,249.86,1,249.86,364,364,0.0027397260273972603,17,1,2,1,4,Lost Customers
17457.0,1737.7,5,347.54,126,338,0.014749262536873156,14,2,4,4,10,Loyal Customers
17458.0,316.5,1,316.5,14,14,0.06666666666666667,52,4,2,2,8,Potential Loyal Customers
17459.0,657.3,2,328.65,42,59,0.03333333333333333,88,3,3,3,9,Potential Loyal Customers
17460.0,622.4300000000001,6,103.73833333333334,93,372,0.0160857908847185,18,2,5,3,10,Loyal Customers
17461.0,757.46,3,252.48666666666668,22,29,0.1,104,4,4,3,11,Loyal Customers
17462.0,675.69,2,337.845,59,283,0.007042253521126761,25,3,3,3,9,Potential Loyal Customers
17463.0,1896.41,5,379.28200000000004,15,312,0.01597444089456869,162,4,4,4,12,Loyal Customers
17464.0,289.96000000000004,1,289.96000000000004,157,157,0.006329113924050633,9,2,2,2,6,At Risk
17466.0,763.28,2,381.64,9,78,0.02531645569620253,41,5,3,3,11,Loyal Customers
17468.0,137.0,2,68.5,9,13,0.14285714285714285,5,5,3,1,9,Potential Loyal Customers
17469.0,1870.97,5,374.194,15,204,0.024390243902439025,61,4,4,4,12,Loyal Customers
17470.0,1125.07,5,225.01399999999998,44,367,0.01358695652173913,67,3,4,4,11,Loyal Customers
17472.0,710.29,3,236.76333333333332,190,298,0.010033444816053512,142,1,4,3,8,Potential Loyal Customers
17475.0,194.37,1,194.37,78,78,0.012658227848101266,14,2,2,1,5,At Risk
17480.0,511.82,1,511.82,77,77,0.01282051282051282,29,2,2,3,7,Potential Loyal Customers
17481.0,1255.59,4,313.8975,3,93,0.0425531914893617,69,5,4,4,13,Champions
17483.0,414.04,3,138.01333333333335,64,182,0.01639344262295082,18,3,4,2,9,Potential Loyal Customers
17486.0,396.87,1,396.87,260,260,0.0038314176245210726,24,1,2,2,5,At Risk
17489.0,376.64,2,188.32,58,212,0.009389671361502348,28,3,3,2,8,Potential Loyal Customers
17490.0,2092.32,7,298.90285714285716,0,176,0.03954802259887006,63,5,5,5,15,Champions
17491.0,3558.87,10,355.887,0,367,0.02717391304347826,72,5,5,5,15,Champions
17492.0,374.57,1,374.57,247,247,0.004032258064516129,12,1,2,2,5,At Risk
17495.0,497.56,2,248.78,7,38,0.05128205128205128,21,5,3,3,11,Loyal Customers
17496.0,271.05,1,271.05,358,358,0.002785515320334262,10,1,2,2,5,At Risk
17498.0,272.22,1,272.22,75,75,0.013157894736842105,17,2,2,2,6,At Risk
17499.0,622.88,1,622.88,289,289,0.0034482758620689655,40,1,2,3,6,At Risk
17500.0,1138.0,3,379.3333333333333,16,29,0.1,3,4,4,4,12,Loyal Customers
17501.0,288.6,2,144.3,220,220,0.00904977375565611,18,1,3,2,6,At Risk
17502.0,689.1,4,172.275,8,28,0.13793103448275862,25,5,4,3,12,Loyal Customers
17503.0,558.96,2,279.48,2,38,0.05128205128205128,36,5,3,3,11,Loyal Customers
17504.0,2997.0299999999997,9,333.00333333333333,205,322,0.02786377708978328,112,1,5,5,11,Loyal Customers
17505.0,1145.84,2,572.92,161,205,0.009708737864077669,48,2,3,4,9,Potential Loyal Customers
17506.0,302.2,1,302.2,75,75,0.013157894736842105,14,2,2,2,6,At Risk
17507.0,605.58,2,302.79,261,308,0.006472491909385114,79,1,3,3,7,Potential Loyal Customers
17508.0,387.31,1,387.31,280,280,0.0035587188612099642,22,1,2,2,5,At Risk
17509.0,6115.14,8,764.3925,57,62,0.12698412698412698,75,3,5,5,13,Champions
17510.0,308.48,1,308.48,24,24,0.04,20,4,2,2,8,Potential Loyal Customers
17511.0,91062.38,31,2937.496129032258,2,373,0.08288770053475936,453,5,5,5,15,Champions
17512.0,2924.9900000000002,10,292.499,28,301,0.033112582781456956,61,4,5,5,14,Champions
17513.0,513.2,1,513.2,71,71,0.013888888888888888,6,3,2,3,8,Potential Loyal Customers
17514.0,208.65,1,208.65,127,127,0.0078125,40,2,2,1,5,At Risk
17515.0,639.02,4,159.755,30,317,0.012578616352201259,49,4,4,3,11,Loyal Customers
17516.0,768.08,5,153.616,14,285,0.017482517482517484,113,4,4,3,11,Loyal Customers
17517.0,153.94,1,153.94,308,308,0.003236245954692557,11,1,2,1,4,Lost Customers
17519.0,1844.02,6,307.33666666666664,16,367,0.016304347826086956,60,4,5,4,13,Champions
17520.0,546.81,1,546.81,53,53,0.018518518518518517,30,3,2,3,8,Potential Loyal Customers
17521.0,723.2099999999999,3,241.06999999999996,29,198,0.01507537688442211,38,4,4,3,11,Loyal Customers
17522.0,1070.71,5,214.142,1,217,0.022935779816513763,59,5,4,4,13,Champions
17523.0,652.74,4,163.185,10,18,0.21052631578947367,25,5,4,3,12,Loyal Customers
17524.0,145.0,1,145.0,360,360,0.002770083102493075,6,1,2,1,4,Lost Customers
17525.0,422.70000000000005,1,422.70000000000005,359,359,0.002777777777777778,9,1,2,2,5,At Risk
17526.0,1195.8999999999999,4,298.97499999999997,4,365,0.01092896174863388,17,5,4,4,13,Champions
17527.0,939.37,4,234.8425,53,217,0.01834862385321101,45,3,4,3,10,Loyal Customers
17528.0,3628.5,8,453.5625,0,70,0.11267605633802817,183,5,5,5,15,Champions
17530.0,2385.0,10,238.5,0,364,0.0273972602739726,306,5,5,5,15,Champions
17531.0,296.7,1,296.7,189,189,0.005263157894736842,14,1,2,2,5,At Risk
17534.0,223.36,1,223.36,53,53,0.018518518518518517,9,3,2,1,6,At Risk
17535.0,164.4,1,164.4,279,279,0.0035714285714285713,13,1,2,1,4,Lost Customers
17536.0,76.5,1,76.5,176,176,0.005649717514124294,3,2,2,1,5,At Risk
17537.0,897.62,2,448.81,29,302,0.006600660066006601,74,4,3,3,10,Loyal Customers
17538.0,98.42,1,98.42,25,25,0.038461538461538464,9,4,2,1,7,Potential Loyal Customers
17540.0,578.9,2,289.45,24,315,0.006329113924050633,20,4,3,3,10,Loyal Customers
17542.0,170.75,1,170.75,269,269,0.003703703703703704,24,1,2,1,4,Lost Customers
17545.0,645.96,3,215.32000000000002,42,42,0.06976744186046512,122,3,4,3,10,Loyal Customers
17548.0,103.3,1,103.3,233,233,0.004273504273504274,5,1,2,1,4,Lost Customers
17549.0,148.86,2,74.43,23,51,0.038461538461538464,5,4,3,1,8,Potential Loyal Customers
17550.0,267.16,3,89.05333333333334,196,242,0.012345679012345678,42,1,4,2,7,Potential Loyal Customers
17551.0,306.84,1,306.84,358,358,0.002785515320334262,39,1,2,2,5,At Risk
17552.0,930.41,4,232.6025,59,371,0.010752688172043012,43,3,4,3,10,Loyal Customers
17553.0,1487.6,1,1487.6,129,129,0.007692307692307693,2,2,2,4,8,Potential Loyal Customers
17554.0,1952.45,5,390.49,0,147,0.033783783783783786,58,5,4,4,13,Champions
17555.0,483.26,2,241.63,19,334,0.005970149253731343,101,4,3,2,9,Potential Loyal Customers
17556.0,157.9,1,157.9,205,205,0.0048543689320388345,6,1,2,1,4,Lost Customers
17557.0,541.46,3,180.48666666666668,13,80,0.037037037037037035,27,4,4,3,11,Loyal Customers
17560.0,854.95,4,213.7375,94,310,0.012861736334405145,22,2,4,3,9,Potential Loyal Customers
17561.0,167.62,1,167.62,18,18,0.05263157894736842,44,4,2,1,7,Potential Loyal Customers
17562.0,1122.38,7,160.34,13,172,0.04046242774566474,48,4,5,4,13,Champions
17564.0,454.01,3,151.33666666666667,23,79,0.0375,38,4,4,2,10,Loyal Customers
17566.0,901.21,2,450.605,7,24,0.08,113,5,3,3,11,Loyal Customers
17567.0,4331.48,8,541.435,6,371,0.021505376344086023,110,5,5,5,15,Champions
17569.0,344.14,1,344.14,331,331,0.0030120481927710845,29,1,2,2,5,At Risk
17571.0,1498.51,4,374.6275,49,297,0.013422818791946308,247,3,4,4,11,Loyal Customers
17572.0,226.75000000000003,4,56.68750000000001,70,372,0.010723860589812333,7,3,4,1,8,Potential Loyal Customers
17573.0,380.6,3,126.86666666666667,28,93,0.031914893617021274,24,4,4,2,10,Loyal Customers
17574.0,185.65,1,185.65,242,242,0.00411522633744856,8,1,2,1,4,Lost Customers
17576.0,3622.68,19,190.66736842105263,7,364,0.052054794520547946,245,5,5,5,15,Champions
17578.0,143.45999999999998,1,143.45999999999998,217,217,0.0045871559633027525,5,1,2,1,4,Lost Customers
17579.0,448.90000000000003,3,149.63333333333335,4,178,0.01675977653631285,46,5,4,2,11,Loyal Customers
17580.0,215.72,3,71.90666666666667,252,357,0.008379888268156424,43,1,4,1,6,At Risk
17581.0,11045.04,25,441.8016,0,371,0.06720430107526881,229,5,5,5,15,Champions
17582.0,175.27,1,175.27,235,235,0.00423728813559322,28,1,2,1,4,Lost Customers
17584.0,1242.3,2,621.15,6,126,0.015748031496062992,30,5,3,4,12,Loyal Customers
17585.0,1133.07,4,283.2675,108,337,0.011834319526627219,176,2,4,4,10,Loyal Customers
17588.0,1240.2,3,413.40000000000003,99,232,0.012875536480686695,19,2,4,4,10,Loyal Customers
17589.0,2404.17,4,601.0425,59,239,0.016666666666666666,172,3,4,5,12,Loyal Customers
17590.0,1479.22,3,493.0733333333333,1,39,0.075,162,5,4,4,13,Champions
17591.0,2225.9700000000003,7,317.9957142857143,72,366,0.01907356948228883,81,2,5,5,12,Loyal Customers
17593.0,3927.34,5,785.4680000000001,3,352,0.014164305949008499,190,5,4,5,14,Champions
17594.0,993.18,2,496.59,84,254,0.00784313725490196,42,2,3,4,9,Potential Loyal Customers
17595.0,388.79,2,194.395,11,36,0.05405405405405406,68,5,3,2,10,Loyal Customers
17596.0,2827.93,7,403.98999999999995,22,368,0.018970189701897018,168,4,5,5,14,Champions
17597.0,2044.3700000000001,1,2044.3700000000001,213,213,0.004672897196261682,55,1,2,4,7,Potential Loyal Customers
17600.0,161.67000000000002,1,161.67000000000002,17,17,0.05555555555555555,13,4,2,1,7,Potential Loyal Customers
17601.0,116.00999999999999,1,116.00999999999999,238,238,0.0041841004184100415,9,1,2,1,4,Lost Customers
17602.0,5102.97,6,850.495,1,323,0.018518518518518517,335,5,5,5,15,Champions
17603.0,394.72,1,394.72,77,77,0.01282051282051282,11,2,2,2,6,At Risk
17604.0,309.36,2,154.68,216,311,0.00641025641025641,57,1,3,2,6,At Risk
17608.0,193.42,2,96.71,32,32,0.06060606060606061,54,4,3,1,8,Potential Loyal Customers
17609.0,1112.22,5,222.44400000000002,40,326,0.01529051987767584,199,3,4,4,11,Loyal Customers
17611.0,3984.22,15,265.61466666666666,6,360,0.04155124653739612,440,5,5,5,15,Champions
17612.0,2048.45,6,341.4083333333333,52,297,0.020134228187919462,116,3,5,4,12,Loyal Customers
17613.0,4559.150000000001,14,325.65357142857147,22,305,0.0457516339869281,211,4,5,5,14,Champions
17614.0,390.07,1,390.07,56,56,0.017543859649122806,97,3,2,2,7,Potential Loyal Customers
17615.0,329.6,3,109.86666666666667,129,221,0.013513513513513514,13,2,4,2,8,Potential Loyal Customers
17616.0,571.1999999999999,3,190.39999999999998,173,367,0.008152173913043478,1,2,4,3,9,Potential Loyal Customers
17618.0,971.58,3,323.86,5,361,0.008287292817679558,56,5,4,4,13,Champions
17619.0,218.52,1,218.52,311,311,0.003205128205128205,71,1,2,1,4,Lost Customers
17620.0,81.44,1,81.44,59,59,0.016666666666666666,4,3,2,1,6,At Risk
17621.0,1379.9,3,459.9666666666667,20,353,0.00847457627118644,24,4,4,4,12,Loyal Customers
17623.0,527.0500000000001,1,527.0500000000001,32,32,0.030303030303030304,33,4,2,3,9,Potential Loyal Customers
17624.0,843.48,2,421.74,14,217,0.009174311926605505,49,4,3,3,10,Loyal Customers
17625.0,2047.0,4,511.75,17,257,0.015503875968992248,223,4,4,4,12,Loyal Customers
17628.0,75.75,1,75.75,80,80,0.012345679012345678,5,2,2,1,5,At Risk
17629.0,1814.12,8,226.765,5,359,0.022222222222222223,106,5,5,4,14,Champions
17630.0,503.59999999999997,2,251.79999999999998,169,231,0.008620689655172414,24,2,3,3,8,Potential Loyal Customers
17631.0,528.33,3,176.11,1,231,0.01293103448275862,39,5,4,3,12,Loyal Customers
17633.0,1324.84,4,331.21,30,119,0.03333333333333333,59,4,4,4,12,Loyal Customers
17634.0,2361.9700000000003,9,262.4411111111111,35,337,0.026627218934911243,209,3,5,5,13,Champions
17636.0,285.56,1,285.56,18,18,0.05263157894736842,20,4,2,2,8,Potential Loyal Customers
17637.0,547.0600000000001,2,273.53000000000003,30,114,0.017391304347826087,35,4,3,3,10,Loyal Customers
17639.0,108.5,1,108.5,275,275,0.0036231884057971015,7,1,2,1,4,Lost Customers
17640.0,621.66,1,621.66,86,86,0.011494252873563218,5,2,2,3,7,Potential Loyal Customers
17642.0,712.29,2,356.145,119,175,0.011363636363636364,34,2,3,3,8,Potential Loyal Customers
17643.0,101.55,1,101.55,372,372,0.002680965147453083,8,1,2,1,4,Lost Customers
17644.0,2895.64,11,263.24,0,260,0.0421455938697318,102,5,5,5,15,Champions
17646.0,1008.39,3,336.13,218,364,0.00821917808219178,46,1,4,4,9,Potential Loyal Customers
17647.0,133.06,1,133.06,64,64,0.015384615384615385,7,3,2,1,6,At Risk
17648.0,1797.5,4,449.375,60,249,0.016,81,3,4,4,11,Loyal Customers
17649.0,868.49,1,868.49,137,137,0.007246376811594203,52,2,2,3,7,Potential Loyal Customers
17650.0,166.08,1,166.08,20,20,0.047619047619047616,8,4,2,1,7,Potential Loyal Customers
17651.0,3945.0,10,394.5,11,176,0.05649717514124294,149,5,5,5,15,Champions
17652.0,4867.72,12,405.6433333333334,24,280,0.042704626334519574,118,4,5,5,14,Champions
17653.0,1207.56,4,301.89,36,119,0.03333333333333333,44,3,4,4,11,Loyal Customers
17654.0,117.55,1,117.55,276,276,0.0036101083032490976,22,1,2,1,4,Lost Customers
17655.0,2638.94,7,376.99142857142857,10,365,0.01912568306010929,66,5,5,5,15,Champions
17656.0,1674.69,5,334.938,72,128,0.03875968992248062,67,2,4,4,10,Loyal Customers
17658.0,595.42,2,297.71,25,210,0.009478672985781991,17,4,3,3,10,Loyal Customers
17659.0,2999.46,12,249.955,16,371,0.03225806451612903,127,4,5,5,14,Champions
17660.0,196.0,1,196.0,140,140,0.0070921985815602835,37,2,2,1,5,At Risk
17663.0,1802.91,7,257.55857142857144,25,286,0.024390243902439025,63,4,5,4,13,Champions
17664.0,604.64,2,302.32,18,211,0.009433962264150943,41,4,3,3,10,Loyal Customers
17666.0,728.16,2,364.08,3,65,0.030303030303030304,14,5,3,3,11,Loyal Customers
17667.0,2055.51,5,411.10200000000003,65,298,0.016722408026755852,85,3,4,4,11,Loyal Customers
17668.0,347.75,2,173.875,0,37,0.05263157894736842,14,5,3,2,10,Loyal Customers
17669.0,3406.7200000000003,7,486.67428571428576,42,249,0.028,45,3,5,5,13,Champions
17670.0,205.7,1,205.7,227,227,0.0043859649122807015,11,1,2,1,4,Lost Customers
17671.0,1572.71,4,393.1775,15,364,0.010958904109589041,40,4,4,4,12,Loyal Customers
17672.0,3178.17,2,1589.085,49,308,0.006472491909385114,105,3,3,5,11,Loyal Customers
17673.0,1629.12,6,271.52,1,319,0.01875,118,5,5,4,14,Champions
17674.0,551.04,2,275.52,73,368,0.005420054200542005,19,2,3,3,8,Potential Loyal Customers
17675.0,20374.28,31,657.2348387096774,0,366,0.08446866485013624,239,5,5,5,15,Champions
17676.0,1387.68,6,231.28,3,365,0.01639344262295082,49,5,5,4,14,Champions
17677.0,16363.23,30,545.441,1,368,0.08130081300813008,178,5,5,5,15,Champions
17678.0,298.11,1,298.11,263,263,0.003787878787878788,16,1,2,2,5,At Risk
17679.0,1992.1100000000001,2,996.0550000000001,52,85,0.023255813953488372,29,3,3,4,10,Loyal Customers
17680.0,184.4,1,184.4,23,23,0.041666666666666664,11,4,2,1,7,Potential Loyal Customers
17682.0,2474.33,6,412.3883333333333,9,367,0.016304347826086956,48,5,5,5,15,Champions
17684.0,239.41,1,239.41,43,43,0.022727272727272728,15,3,2,1,6,At Risk
17685.0,3191.53,7,455.9328571428572,16,371,0.01881720430107527,88,4,5,5,14,Champions
17686.0,5739.46,7,819.9228571428572,6,302,0.0231023102310231,205,5,5,5,15,Champions
17690.0,4757.95,15,317.19666666666666,29,372,0.040214477211796246,186,4,5,5,14,Champions
17691.0,290.40000000000003,2,145.20000000000002,357,368,0.005420054200542005,18,1,3,2,6,At Risk
17692.0,740.9399999999999,4,185.23499999999999,126,358,0.011142061281337047,34,2,4,3,9,Potential Loyal Customers
17693.0,200.47,1,200.47,136,136,0.0072992700729927005,16,2,2,1,5,At Risk
17694.0,283.12,1,283.12,141,141,0.007042253521126761,15,2,2,2,6,At Risk
17695.0,765.34,2,382.67,131,171,0.011627906976744186,30,2,3,3,8,Potential Loyal Customers
17696.0,2285.71,8,285.71375,37,364,0.021917808219178082,78,3,5,5,13,Champions
17697.0,338.95,1,338.95,235,235,0.00423728813559322,19,1,2,2,5,At Risk
17698.0,154.95,1,154.95,260,260,0.0038314176245210726,8,1,2,1,4,Lost Customers
17700.0,2534.64,4,633.66,16,280,0.014234875444839857,116,4,4,5,13,Champions
17701.0,417.95,1,417.95,252,252,0.003952569169960474,24,1,2,2,5,At Risk
17702.0,1824.37,4,456.0925,29,205,0.019417475728155338,58,4,4,4,12,Loyal Customers
17703.0,798.74,3,266.24666666666667,34,137,0.021739130434782608,47,3,4,3,10,Loyal Customers
17704.0,885.19,2,442.595,168,239,0.008333333333333333,27,2,3,3,8,Potential Loyal Customers
17705.0,1823.52,9,202.61333333333334,2,301,0.029801324503311258,63,5,5,4,14,Champions
17706.0,10504.49,17,617.9111764705882,3,366,0.04632152588555858,270,5,5,5,15,Champions
17707.0,152.4,2,76.2,184,335,0.005952380952380952,3,1,3,1,5,At Risk
17708.0,267.08,2,133.54,187,324,0.006153846153846154,28,1,3,2,6,At Risk
17709.0,137.45,1,137.45,169,169,0.0058823529411764705,7,2,2,1,5,At Risk
17711.0,385.1,2,192.55,10,289,0.006896551724137931,22,5,3,2,10,Loyal Customers
17712.0,522.91,1,522.91,44,44,0.022222222222222223,29,3,2,3,8,Potential Loyal Customers
17714.0,153.0,1,153.0,320,320,0.003115264797507788,10,1,2,1,4,Lost Customers
17715.0,326.4,1,326.4,200,200,0.004975124378109453,1,1,2,2,5,At Risk
17716.0,5655.99,11,514.180909090909,22,267,0.041044776119402986,171,4,5,5,14,Champions
17718.0,139.35,1,139.35,231,231,0.004310344827586207,6,1,2,1,4,Lost Customers
17719.0,5396.04,15,359.736,37,255,0.05859375,111,3,5,5,13,Champions
17720.0,1195.94,4,298.985,25,367,0.010869565217391304,39,4,4,4,12,Loyal Customers
17722.0,2424.04,4,606.01,95,366,0.010899182561307902,111,2,4,5,11,Loyal Customers
17723.0,3276.4000000000005,6,546.0666666666667,126,213,0.028037383177570093,4,2,5,5,12,Loyal Customers
17724.0,1033.0,3,344.3333333333333,70,137,0.021739130434782608,38,3,4,4,11,Loyal Customers
17725.0,3439.08,11,312.64363636363635,15,266,0.04119850187265917,115,4,5,5,14,Champions
17727.0,1060.25,1,1060.25,14,14,0.06666666666666667,66,4,2,4,10,Loyal Customers
17728.0,2876.01,3,958.6700000000001,3,86,0.034482758620689655,153,5,4,5,14,Champions
17730.0,5298.4800000000005,13,407.5753846153847,2,325,0.03987730061349693,127,5,5,5,15,Champions
17731.0,1240.11,4,310.0275,78,182,0.02185792349726776,54,2,4,4,10,Loyal Customers
17732.0,303.97,1,303.97,372,372,0.002680965147453083,18,1,2,2,5,At Risk
17733.0,692.19,2,346.095,38,261,0.007633587786259542,33,3,3,3,9,Potential Loyal Customers
17734.0,700.63,3,233.54333333333332,53,233,0.01282051282051282,40,3,4,3,10,Loyal Customers
17735.0,13110.02,19,690.001052631579,1,367,0.051630434782608696,319,5,5,5,15,Champions
17736.0,377.44,3,125.81333333333333,8,112,0.02654867256637168,24,5,4,2,11,Loyal Customers
17737.0,168.24,2,84.12,8,57,0.034482758620689655,8,5,3,1,9,Potential Loyal Customers
17738.0,1879.05,4,469.7625,18,281,0.014184397163120567,89,4,4,4,12,Loyal Customers
17739.0,2791.35,7,398.7642857142857,11,359,0.019444444444444445,29,5,5,5,15,Champions
17742.0,355.11,2,177.555,112,332,0.006006006006006006,13,2,3,2,7,Potential Loyal Customers
17744.0,2322.4,6,387.06666666666666,3,357,0.01675977653631285,110,5,5,5,15,Champions
17746.0,110.25,1,110.25,239,239,0.004166666666666667,6,1,2,1,4,Lost Customers
17747.0,71.4,1,71.4,112,112,0.008849557522123894,1,2,2,1,5,At Risk
17749.0,674.52,2,337.26,177,255,0.0078125,33,2,3,3,8,Potential Loyal Customers
17750.0,1797.57,9,199.73,4,163,0.054878048780487805,101,5,5,4,14,Champions
17752.0,80.64,1,80.64,358,358,0.002785515320334262,1,1,2,1,4,Lost Customers
17754.0,1772.26,5,354.452,0,259,0.019230769230769232,82,5,4,4,13,Champions
17757.0,5605.29,30,186.843,0,371,0.08064516129032258,275,5,5,5,15,Champions
17758.0,3456.7000000000003,8,432.08750000000003,18,249,0.032,310,4,5,5,14,Champions
17759.0,834.99,3,278.33,16,168,0.01775147928994083,82,4,4,3,11,Loyal Customers
17760.0,287.59,2,143.795,21,372,0.005361930294906166,25,4,3,2,9,Potential Loyal Customers
17761.0,712.78,1,712.78,32,32,0.030303030303030304,19,4,2,3,9,Potential Loyal Customers
17763.0,15.0,1,15.0,262,262,0.0038022813688212928,1,1,2,1,4,Lost Customers
17764.0,818.8199999999999,2,409.40999999999997,50,210,0.009478672985781991,71,3,3,3,9,Potential Loyal Customers
17765.0,371.88,3,123.96,158,256,0.011673151750972763,51,2,4,2,8,Potential Loyal Customers
17767.0,271.2,1,271.2,14,14,0.06666666666666667,21,4,2,2,8,Potential Loyal Customers
17768.0,2273.1800000000003,3,757.7266666666668,7,165,0.018072289156626505,77,5,4,5,14,Champions
17769.0,3997.98,10,399.798,12,320,0.03115264797507788,200,5,5,5,15,Champions
17770.0,1143.27,5,228.654,198,281,0.01773049645390071,33,1,4,4,9,Potential Loyal Customers
17771.0,245.81,2,122.905,56,322,0.006191950464396285,51,3,3,1,7,Potential Loyal Customers
17772.0,182.77,2,91.385,10,10,0.18181818181818182,50,5,3,1,9,Potential Loyal Customers
17774.0,1225.41,4,306.3525,96,304,0.013114754098360656,123,2,4,4,10,Loyal Customers
17775.0,56.4,1,56.4,254,254,0.00392156862745098,3,1,2,1,4,Lost Customers
17777.0,665.86,3,221.95333333333335,24,99,0.03,141,4,4,3,11,Loyal Customers
17779.0,658.57,3,219.52333333333334,20,143,0.020833333333333332,73,4,4,3,11,Loyal Customers
17781.0,188.02,2,94.01,158,252,0.007905138339920948,12,2,3,1,6,At Risk
17783.0,283.47,2,141.735,71,247,0.008064516129032258,67,3,3,2,8,Potential Loyal Customers
17785.0,131.94,1,131.94,52,52,0.018867924528301886,13,3,2,1,6,At Risk
17786.0,278.74,2,139.37,84,316,0.006309148264984227,57,2,3,2,7,Potential Loyal Customers
17787.0,1865.19,4,466.2975,152,370,0.01078167115902965,94,2,4,4,10,Loyal Customers
17788.0,1117.9,2,558.95,73,129,0.015384615384615385,3,2,3,4,9,Potential Loyal Customers
17789.0,225.9,1,225.9,280,280,0.0035587188612099642,14,1,2,1,4,Lost Customers
17790.0,1965.55,14,140.39642857142857,26,364,0.038356164383561646,121,4,5,4,13,Champions
17791.0,106.1,1,106.1,29,29,0.03333333333333333,10,4,2,1,7,Potential Loyal Customers
17793.0,323.04,1,323.04,24,24,0.04,49,4,2,2,8,Potential Loyal Customers
17795.0,350.39,2,175.195,179,264,0.007547169811320755,43,1,3,2,6,At Risk
17796.0,697.9,4,174.475,39,369,0.010810810810810811,63,3,4,3,10,Loyal Customers
17797.0,780.43,3,260.1433333333333,21,182,0.01639344262295082,102,4,4,3,11,Loyal Customers
17799.0,3055.93,10,305.59299999999996,21,360,0.027700831024930747,280,4,5,5,14,Champions
17800.0,1199.01,9,133.22333333333333,36,333,0.02694610778443114,51,3,5,4,12,Loyal Customers
17802.0,1285.04,3,428.34666666666664,81,371,0.008064516129032258,102,2,4,4,10,Loyal Customers
17805.0,512.31,1,512.31,73,73,0.013513513513513514,10,2,2,3,7,Potential Loyal Customers
17806.0,546.04,1,546.04,10,10,0.09090909090909091,43,5,2,3,10,Loyal Customers
17809.0,5411.91,12,450.9925,15,373,0.03208556149732621,46,4,5,5,14,Champions
17811.0,7837.7300000000005,39,200.9674358974359,3,333,0.11676646706586827,359,5,5,5,15,Champions
17812.0,732.16,4,183.04,12,367,0.010869565217391304,113,5,4,3,12,Loyal Customers
17813.0,1770.8799999999999,5,354.176,13,70,0.07042253521126761,297,4,4,4,12,Loyal Customers
17816.0,36.56,4,9.14,36,364,0.010958904109589041,16,3,4,1,8,Potential Loyal Customers
17817.0,387.68,3,129.22666666666666,3,276,0.010830324909747292,32,5,4,2,11,Loyal Customers
17819.0,3704.87,7,529.2671428571429,71,370,0.018867924528301886,36,3,5,5,13,Champions
17824.0,298.4,1,298.4,50,50,0.0196078431372549,13,3,2,2,7,Potential Loyal Customers
17827.0,1995.46,5,399.092,4,364,0.0136986301369863,190,5,4,4,13,Champions
17828.0,1820.09,4,455.0225,22,184,0.021621621621621623,54,4,4,4,12,Loyal Customers
17829.0,889.24,1,889.24,298,298,0.0033444816053511705,30,1,2,3,6,At Risk
17830.0,398.7,3,132.9,1,288,0.010380622837370242,18,5,4,2,11,Loyal Customers
17831.0,35.400000000000006,1,35.400000000000006,32,32,0.030303030303030304,2,4,2,1,7,Potential Loyal Customers
17832.0,155.37,1,155.37,49,49,0.02,61,3,2,1,6,At Risk
17835.0,350.64,3,116.88,2,22,0.13043478260869565,45,5,4,2,11,Loyal Customers
17836.0,110.21000000000001,1,110.21000000000001,46,46,0.02127659574468085,23,3,2,1,6,At Risk
17837.0,1593.38,8,199.1725,41,162,0.049079754601226995,110,3,5,4,12,Loyal Customers
17838.0,2779.3,5,555.86,26,371,0.013440860215053764,96,4,4,5,13,Champions
17839.0,338.8,1,338.8,41,41,0.023809523809523808,50,3,2,2,7,Potential Loyal Customers
17841.0,40991.57,124,330.5771774193548,1,372,0.3324396782841823,1323,5,5,5,15,Champions
17843.0,205.48,1,205.48,302,302,0.0033003300330033004,36,1,2,1,4,Lost Customers
17844.0,51.559999999999995,1,51.559999999999995,106,106,0.009345794392523364,5,2,2,1,5,At Risk
17846.0,2033.1,1,2033.1,84,84,0.011764705882352941,1,2,2,4,8,Potential Loyal Customers
17848.0,901.1999999999999,9,100.13333333333333,80,357,0.025139664804469275,41,2,5,3,10,Loyal Customers
17849.0,605.8000000000001,4,151.45000000000002,217,333,0.011976047904191617,14,1,4,3,8,Potential Loyal Customers
17850.0,5391.21,34,158.565,371,373,0.09090909090909091,21,1,5,5,11,Loyal Customers
17852.0,114.34,2,57.17,11,11,0.16666666666666666,21,5,3,1,9,Potential Loyal Customers
17854.0,311.26,2,155.63,184,226,0.00881057268722467,15,1,3,2,6,At Risk
17855.0,208.97,1,208.97,372,372,0.002680965147453083,17,1,2,1,4,Lost Customers
17856.0,1418.03,4,354.5075,1,281,0.014184397163120567,12,5,4,4,13,Champions
17857.0,26879.04,23,1168.6539130434783,3,365,0.06284153005464481,19,5,5,5,15,Champions
17858.0,5155.66,12,429.6383333333333,5,368,0.032520325203252036,101,5,5,5,15,Champions
17859.0,148.21,1,148.21,304,304,0.003278688524590164,23,1,2,1,4,Lost Customers
17860.0,252.8,1,252.8,368,368,0.0027100271002710027,49,1,2,2,5,At Risk
17861.0,2100.8,8,262.6,2,319,0.025,172,5,5,5,15,Champions
17862.0,330.9,1,330.9,323,323,0.0030864197530864196,11,1,2,2,5,At Risk
17863.0,3160.0,6,526.6666666666666,58,368,0.016260162601626018,110,3,5,5,13,Champions
17864.0,597.5,3,199.16666666666666,12,275,0.010869565217391304,70,5,4,3,12,Loyal Customers
17865.0,10526.32,20,526.316,30,363,0.054945054945054944,191,4,5,5,14,Champions
17866.0,329.65,1,329.65,142,142,0.006993006993006993,9,2,2,2,6,At Risk
17867.0,1197.1000000000001,6,199.51666666666668,29,288,0.020761245674740483,62,4,5,4,13,Champions
17869.0,428.18,5,85.636,106,367,0.01358695652173913,37,2,4,2,8,Potential Loyal Customers
17870.0,1894.35,12,157.86249999999998,1,366,0.0326975476839237,214,5,5,4,14,Champions
17871.0,155.9,1,155.9,204,204,0.004878048780487805,10,1,2,1,4,Lost Customers
17873.0,1859.16,5,371.832,79,372,0.013404825737265416,24,2,4,4,10,Loyal Customers
17874.0,683.46,6,113.91000000000001,184,255,0.0234375,37,1,5,3,9,Potential Loyal Customers
17877.0,237.61,1,237.61,169,169,0.0058823529411764705,12,2,2,1,5,At Risk
17878.0,379.45,1,379.45,43,43,0.022727272727272728,26,3,2,2,7,Potential Loyal Customers
17879.0,178.51999999999998,1,178.51999999999998,173,173,0.005747126436781609,6,2,2,1,5,At Risk
17880.0,458.92,1,458.92,364,364,0.0027397260273972603,26,1,2,2,5,At Risk
17881.0,133.35000000000002,1,133.35000000000002,303,303,0.003289473684210526,8,1,2,1,4,Lost Customers
17883.0,671.77,4,167.9425,2,245,0.016260162601626018,133,5,4,3,12,Loyal Customers
17884.0,717.45,4,179.3625,3,371,0.010752688172043012,107,5,4,3,12,Loyal Customers
17885.0,190.19,1,190.19,11,11,0.08333333333333333,50,5,2,1,8,Potential Loyal Customers
17886.0,899.61,3,299.87,31,249,0.012,93,4,4,3,11,Loyal Customers
17887.0,111.35,1,111.35,128,128,0.007751937984496124,10,2,2,1,5,At Risk
17888.0,726.05,8,90.75625,20,356,0.022408963585434174,60,4,5,3,12,Loyal Customers
17889.0,203.87,2,101.935,211,321,0.006211180124223602,20,1,3,1,5,At Risk
17890.0,602.09,2,301.045,322,360,0.00554016620498615,88,1,3,3,7,Potential Loyal Customers
17891.0,203.85999999999999,1,203.85999999999999,161,161,0.006172839506172839,34,2,2,1,5,At Risk
17892.0,244.1,3,81.36666666666666,55,154,0.01935483870967742,27,3,4,1,8,Potential Loyal Customers
17893.0,112.25,1,112.25,224,224,0.0044444444444444444,15,1,2,1,4,Lost Customers
17894.0,1119.81,8,139.97625,71,365,0.02185792349726776,127,3,5,4,12,Loyal Customers
17895.0,98.0,1,98.0,43,43,0.022727272727272728,15,3,2,1,6,At Risk
17896.0,256.32,1,256.32,22,22,0.043478260869565216,2,4,2,2,8,Potential Loyal Customers
17897.0,566.6,3,188.86666666666667,172,373,0.008021390374331552,100,2,4,3,9,Potential Loyal Customers
17898.0,152.06,2,76.03,84,206,0.00966183574879227,27,2,3,1,6,At Risk
17899.0,155.8,1,155.8,158,158,0.006289308176100629,29,2,2,1,5,At Risk
17900.0,112.19999999999999,2,56.099999999999994,189,189,0.010526315789473684,4,1,3,1,5,At Risk
17901.0,110.38,1,110.38,28,28,0.034482758620689655,19,4,2,1,7,Potential Loyal Customers
17904.0,191.67,1,191.67,20,20,0.047619047619047616,33,4,2,1,7,Potential Loyal Customers
17905.0,800.24,4,200.06,70,372,0.010723860589812333,33,3,4,3,10,Loyal Customers
17906.0,72.9,1,72.9,246,246,0.004048582995951417,12,1,2,1,4,Lost Customers
17908.0,243.28,1,243.28,373,373,0.00267379679144385,51,1,2,1,4,Lost Customers
17911.0,366.23,1,366.23,8,8,0.1111111111111111,39,5,2,2,9,Potential Loyal Customers
17912.0,311.01,5,62.202,309,364,0.0136986301369863,35,1,4,2,7,Potential Loyal Customers
17913.0,411.6,2,205.8,58,355,0.0056179775280898875,55,3,3,2,8,Potential Loyal Customers
17914.0,336.43,1,336.43,3,3,0.25,72,5,2,2,9,Potential Loyal Customers
17917.0,341.28,3,113.75999999999999,44,362,0.008264462809917356,77,3,4,2,9,Potential Loyal Customers
17919.0,1304.04,1,1304.04,87,87,0.011363636363636364,23,2,2,4,8,Potential Loyal Customers
17920.0,4204.1,17,247.3,3,373,0.045454545454545456,407,5,5,5,15,Champions
17921.0,826.52,4,206.63,63,265,0.015037593984962405,114,3,4,3,10,Loyal Customers
17923.0,207.50000000000003,1,207.50000000000003,281,281,0.0035460992907801418,1,1,2,1,4,Lost Customers
17924.0,2962.5,7,423.2142857142857,11,373,0.01871657754010695,26,5,5,5,15,Champions
17925.0,244.08,1,244.08,372,372,0.002680965147453083,1,1,2,1,4,Lost Customers
17926.0,397.29,2,198.645,132,203,0.00980392156862745,17,2,3,2,7,Potential Loyal Customers
17928.0,212.54,2,106.27,44,245,0.008130081300813009,23,3,3,1,7,Potential Loyal Customers
17929.0,843.0,4,210.75,10,308,0.012944983818770227,4,5,4,3,12,Loyal Customers
17930.0,1740.48,5,348.096,35,238,0.02092050209205021,26,3,4,4,11,Loyal Customers
17931.0,408.36,2,204.18,133,255,0.0078125,63,2,3,2,7,Potential Loyal Customers
17932.0,1331.57,3,443.8566666666666,28,210,0.014218009478672985,84,4,4,4,12,Loyal Customers
17934.0,704.25,2,352.125,51,58,0.03389830508474576,21,3,3,3,9,Potential Loyal Customers
17935.0,145.79,2,72.895,137,141,0.014084507042253521,28,2,3,1,6,At Risk
17936.0,389.84,1,389.84,4,4,0.2,68,5,2,2,9,Potential Loyal Customers
17937.0,4301.22,7,614.46,8,361,0.019337016574585635,19,5,5,5,15,Champions
17939.0,99.14,1,99.14,159,159,0.00625,12,2,2,1,5,At Risk
17940.0,4106.4400000000005,10,410.64400000000006,48,302,0.033003300330033,6,3,5,5,13,Champions
17941.0,304.56,1,304.56,130,130,0.007633587786259542,2,2,2,2,6,At Risk
17942.0,77.50000000000001,1,77.50000000000001,7,7,0.125,2,5,2,1,8,Potential Loyal Customers
17946.0,149.57999999999998,2,74.78999999999999,232,258,0.007722007722007722,18,1,3,1,5,At Risk
17947.0,176.68,1,176.68,36,36,0.02702702702702703,9,3,2,1,6,At Risk
17948.0,358.56000000000006,1,358.56000000000006,146,146,0.006802721088435374,1,2,2,2,6,At Risk
17949.0,58510.48,45,1300.232888888889,0,370,0.12129380053908356,29,5,5,5,15,Champions
17950.0,482.2,3,160.73333333333332,71,364,0.00821917808219178,63,3,4,2,9,Potential Loyal Customers
17951.0,1008.5400000000001,3,336.18,39,373,0.008021390374331552,18,3,4,4,11,Loyal Customers
17954.0,2332.72,12,194.39333333333332,4,370,0.03234501347708895,326,5,5,5,15,Champions
17955.0,557.3,4,139.325,198,219,0.01818181818181818,14,1,4,3,8,Potential Loyal Customers
17956.0,12.75,1,12.75,248,248,0.004016064257028112,1,1,2,1,4,Lost Customers
17957.0,111.68,1,111.68,65,65,0.015151515151515152,31,3,2,1,6,At Risk
17958.0,508.4599999999999,1,508.4599999999999,116,116,0.008547008547008548,7,2,2,3,7,Potential Loyal Customers
17960.0,73.78,1,73.78,170,170,0.005847953216374269,26,2,2,1,5,At Risk
17961.0,1296.44,39,33.242051282051285,20,371,0.10483870967741936,211,4,5,4,13,Champions
17962.0,102.83,1,102.83,141,141,0.007042253521126761,33,2,2,1,5,At Risk
17964.0,471.7,2,235.85,31,371,0.005376344086021506,84,4,3,2,9,Potential Loyal Customers
17965.0,2622.57,14,187.32642857142858,37,368,0.037940379403794036,274,3,5,5,13,Champions
17966.0,1098.43,5,219.686,37,260,0.019157088122605363,53,3,4,4,11,Loyal Customers
17967.0,123.07,1,123.07,371,371,0.002688172043010753,41,1,2,1,4,Lost Customers
17968.0,277.35,1,277.35,373,373,0.00267379679144385,74,1,2,2,5,At Risk
17969.0,228.2,2,114.1,165,360,0.00554016620498615,14,2,3,1,6,At Risk
17970.0,582.59,1,582.59,210,210,0.004739336492890996,27,1,2,3,6,At Risk
17972.0,136.04,1,136.04,241,241,0.004132231404958678,30,1,2,1,4,Lost Customers
17973.0,337.04,1,337.04,51,51,0.019230769230769232,15,3,2,2,7,Potential Loyal Customers
17974.0,740.79,3,246.92999999999998,24,219,0.013636363636363636,143,4,4,3,11,Loyal Customers
17975.0,4488.81,13,345.29307692307697,14,366,0.035422343324250684,189,4,5,5,14,Champions
17976.0,353.19,1,353.19,371,371,0.002688172043010753,56,1,2,2,5,At Risk
17977.0,288.14,1,288.14,28,28,0.034482758620689655,19,4,2,2,8,Potential Loyal Customers
17978.0,300.91999999999996,1,300.91999999999996,364,364,0.0027397260273972603,12,1,2,2,5,At Risk
17979.0,757.71,4,189.4275,35,259,0.015384615384615385,116,3,4,3,10,Loyal Customers
17980.0,811.45,3,270.48333333333335,165,358,0.008356545961002786,23,2,4,3,9,Potential Loyal Customers
17984.0,152.68,1,152.68,144,144,0.006896551724137931,48,2,2,1,5,At Risk
17985.0,634.95,1,634.95,21,21,0.045454545454545456,20,4,2,3,9,Potential Loyal Customers
17986.0,20.8,1,20.8,55,55,0.017857142857142856,1,3,2,1,6,At Risk
17987.0,198.57,1,198.57,184,184,0.005405405405405406,13,1,2,1,4,Lost Customers
17988.0,201.12,7,28.731428571428573,11,326,0.021406727828746176,37,5,5,1,11,Loyal Customers
17990.0,630.84,3,210.28,236,361,0.008287292817679558,27,1,4,3,8,Potential Loyal Customers
17991.0,93.35,2,46.675,224,225,0.008849557522123894,4,1,3,1,5,At Risk
17994.0,678.49,4,169.6225,121,290,0.013745704467353952,63,2,4,3,9,Potential Loyal Customers
17995.0,76.1,1,76.1,281,281,0.0035460992907801418,2,1,2,1,4,Lost Customers
17997.0,1970.6699999999998,8,246.33374999999998,73,163,0.04878048780487805,133,2,5,4,11,Loyal Customers
17999.0,382.06,2,191.03,36,365,0.00546448087431694,87,3,3,2,8,Potential Loyal Customers
18001.0,417.23,2,208.615,11,86,0.022988505747126436,56,5,3,2,10,Loyal Customers
18004.0,169.47,1,169.47,361,361,0.0027624309392265192,32,1,2,1,4,Lost Customers
18005.0,249.72,2,124.86,3,46,0.0425531914893617,52,5,3,1,9,Potential Loyal Customers
18006.0,444.68,1,444.68,22,22,0.043478260869565216,21,4,2,2,8,Potential Loyal Customers
18008.0,2116.19,9,235.13222222222223,69,318,0.02821316614420063,24,3,5,5,13,Champions
18009.0,257.34,1,257.34,234,234,0.00425531914893617,31,1,2,2,5,At Risk
18010.0,174.8,1,174.8,256,256,0.0038910505836575876,14,1,2,1,4,Lost Customers
18011.0,102.78999999999999,1,102.78999999999999,372,372,0.002680965147453083,28,1,2,1,4,Lost Customers
18013.0,187.29,2,93.645,154,154,0.012903225806451613,31,2,3,1,6,At Risk
18014.0,166.42,1,166.42,27,27,0.03571428571428571,29,4,2,1,7,Potential Loyal Customers
18015.0,120.03,1,120.03,3,3,0.25,46,5,2,1,8,Potential Loyal Customers
18016.0,1483.56,5,296.712,31,363,0.013736263736263736,90,4,4,4,12,Loyal Customers
18017.0,523.0,3,174.33333333333334,80,309,0.00967741935483871,1,2,4,3,9,Potential Loyal Customers
18018.0,122.14,2,61.07,107,198,0.010050251256281407,29,2,3,1,6,At Risk
18019.0,38.45,1,38.45,51,51,0.019230769230769232,5,3,2,1,6,At Risk
18022.0,668.11,1,668.11,35,35,0.027777777777777776,141,3,2,3,8,Potential Loyal Customers
18024.0,389.78,2,194.89,152,152,0.013071895424836602,21,2,3,2,7,Potential Loyal Customers
18027.0,115.31,1,115.31,98,98,0.010101010101010102,21,2,2,1,5,At Risk
18030.0,230.64999999999998,2,115.32499999999999,3,41,0.047619047619047616,8,5,3,1,9,Potential Loyal Customers
18032.0,73.5,1,73.5,333,333,0.0029940119760479044,5,1,2,1,4,Lost Customers
18033.0,97.97,1,97.97,64,64,0.015384615384615385,32,3,2,1,6,At Risk
18034.0,422.88,2,211.44,21,21,0.09090909090909091,99,4,3,2,9,Potential Loyal Customers
18035.0,730.4,3,243.46666666666667,35,42,0.06976744186046512,44,3,4,3,10,Loyal Customers
18036.0,405.62,3,135.20666666666668,31,245,0.012195121951219513,77,4,4,2,10,Loyal Customers
18037.0,70.02,6,11.67,153,361,0.016574585635359115,19,2,5,1,8,Potential Loyal Customers
18040.0,357.20000000000005,2,178.60000000000002,18,245,0.008130081300813009,18,4,3,2,9,Potential Loyal Customers
18041.0,4183.39,21,199.20904761904762,11,372,0.05630026809651475,285,5,5,5,15,Champions
18042.0,165.04999999999998,1,165.04999999999998,53,53,0.018518518518518517,7,3,2,1,6,At Risk
18043.0,559.51,3,186.50333333333333,24,366,0.008174386920980926,106,4,4,3,11,Loyal Customers
18044.0,2088.6,10,208.85999999999999,3,360,0.027700831024930747,88,5,5,5,15,Champions
18045.0,189.4,1,189.4,44,44,0.022222222222222223,43,3,2,1,6,At Risk
18048.0,172.29000000000002,2,86.14500000000001,202,202,0.009852216748768473,6,1,3,1,5,At Risk
18050.0,74.4,1,74.4,358,358,0.002785515320334262,5,1,2,1,4,Lost Customers
18053.0,300.02,1,300.02,70,70,0.014084507042253521,20,3,2,2,7,Potential Loyal Customers
18055.0,6784.1900000000005,10,678.4190000000001,6,369,0.02702702702702703,223,5,5,5,15,Champions
18056.0,363.65,1,363.65,287,287,0.003472222222222222,19,1,2,2,5,At Risk
18058.0,170.16,1,170.16,9,9,0.1,3,5,2,1,8,Potential Loyal Customers
18059.0,306.46,3,102.15333333333332,22,67,0.04411764705882353,17,4,4,2,10,Loyal Customers
18061.0,2119.41,10,211.94099999999997,21,365,0.0273224043715847,18,4,5,5,14,Champions
18062.0,720.52,3,240.17333333333332,172,337,0.008875739644970414,23,2,4,3,9,Potential Loyal Customers
18064.0,814.0,2,407.0,132,234,0.00851063829787234,7,2,3,3,8,Potential Loyal Customers
18065.0,2392.83,14,170.91642857142855,5,364,0.038356164383561646,110,5,5,5,15,Champions
18066.0,318.0,1,318.0,74,74,0.013333333333333334,10,2,2,2,6,At Risk
18067.0,396.33,1,396.33,39,39,0.025,36,3,2,2,7,Potential Loyal Customers
18068.0,101.69999999999999,1,101.69999999999999,288,288,0.0034602076124567475,1,1,2,1,4,Lost Customers
18069.0,2036.67,5,407.334,25,326,0.01529051987767584,334,4,4,4,12,Loyal Customers
18071.0,453.0,2,226.5,257,365,0.00546448087431694,23,1,3,2,6,At Risk
18072.0,247.44,1,247.44,185,185,0.005376344086021506,18,1,2,1,4,Lost Customers
18073.0,3877.5200000000004,12,323.1266666666667,113,196,0.06091370558375635,23,2,5,5,12,Loyal Customers
18074.0,489.6,1,489.6,373,373,0.00267379679144385,13,1,2,2,5,At Risk
18075.0,2611.75,10,261.175,22,360,0.027700831024930747,97,4,5,5,14,Champions
18077.0,2633.0099999999998,11,239.36454545454544,7,366,0.02997275204359673,101,5,5,5,15,Champions
18078.0,336.13,2,168.065,216,258,0.007722007722007722,27,1,3,2,6,At Risk
18079.0,3651.97,4,912.9925,44,238,0.016736401673640166,99,3,4,5,12,Loyal Customers
18080.0,1231.5,2,615.75,18,242,0.00823045267489712,2,4,3,4,11,Loyal Customers
18081.0,343.45,3,114.48333333333333,35,133,0.022388059701492536,14,3,4,2,9,Potential Loyal Customers
18082.0,703.37,1,703.37,25,25,0.038461538461538464,62,4,2,3,9,Potential Loyal Customers
18084.0,90.47999999999999,1,90.47999999999999,15,15,0.0625,1,4,2,1,7,Potential Loyal Customers
18085.0,689.95,2,344.975,329,373,0.0053475935828877,25,1,3,3,7,Potential Loyal Customers
18086.0,101.34,1,101.34,273,273,0.0036496350364963502,7,1,2,1,4,Lost Customers
18087.0,4055.7199999999993,2,2027.8599999999997,97,290,0.006872852233676976,2,2,3,5,10,Loyal Customers
18088.0,167.67000000000002,1,167.67000000000002,60,60,0.01639344262295082,35,3,2,1,6,At Risk
18092.0,9068.26,11,824.3872727272727,1,365,0.030054644808743168,28,5,5,5,15,Champions
18093.0,2106.52,4,526.63,92,302,0.013201320132013201,31,2,4,5,11,Loyal Customers
18094.0,3017.3,7,431.04285714285714,81,291,0.023972602739726026,39,2,5,5,12,Loyal Customers
18095.0,580.0500000000001,2,290.02500000000003,312,332,0.006006006006006006,20,1,3,3,7,Potential Loyal Customers
18096.0,911.15,3,303.71666666666664,11,63,0.046875,157,5,4,3,12,Loyal Customers
18097.0,2697.8,6,449.6333333333334,7,353,0.01694915254237288,65,5,5,5,15,Champions
18099.0,168.31,1,168.31,126,126,0.007874015748031496,19,2,2,1,5,At Risk
18101.0,223.65,2,111.825,10,142,0.013986013986013986,37,5,3,1,9,Potential Loyal Customers
18102.0,259657.3,60,4327.621666666667,0,366,0.16348773841961853,150,5,5,5,15,Champions
18104.0,754.64,1,754.64,36,36,0.02702702702702703,38,3,2,3,8,Potential Loyal Customers
18105.0,113.48000000000002,1,113.48000000000002,37,37,0.02631578947368421,18,3,2,1,6,At Risk
18106.0,430.7,1,430.7,329,329,0.0030303030303030303,33,1,2,2,5,At Risk
18108.0,271.0,1,271.0,253,253,0.003937007874015748,17,1,2,2,5,At Risk
18109.0,8052.97,26,309.7296153846154,1,369,0.07027027027027027,119,5,5,5,15,Champions
18110.0,236.3,1,236.3,19,19,0.05,33,4,2,1,7,Potential Loyal Customers
18112.0,352.69,2,176.345,11,165,0.012048192771084338,26,5,3,2,10,Loyal Customers
18113.0,76.32000000000001,1,76.32000000000001,368,368,0.0027100271002710027,1,1,2,1,4,Lost Customers
18114.0,220.1,1,220.1,289,289,0.0034482758620689655,28,1,2,1,4,Lost Customers
18116.0,1418.03,8,177.25375,67,364,0.021917808219178082,230,3,5,4,12,Loyal Customers
18117.0,320.72,1,320.72,25,25,0.038461538461538464,68,4,2,2,8,Potential Loyal Customers
18118.0,5653.82,26,217.45461538461538,10,369,0.07027027027027027,424,5,5,5,15,Champions
18119.0,181.12,1,181.12,367,367,0.002717391304347826,29,1,2,1,4,Lost Customers
18120.0,111.15,1,111.15,213,213,0.004672897196261682,17,1,2,1,4,Lost Customers
18121.0,673.1,2,336.55,148,154,0.012903225806451613,28,2,3,3,8,Potential Loyal Customers
18122.0,1826.21,6,304.36833333333334,7,150,0.039735099337748346,239,5,5,4,14,Champions
18123.0,589.4399999999999,2,294.71999999999997,23,30,0.06451612903225806,31,4,3,3,10,Loyal Customers
18125.0,1142.99,4,285.7475,29,315,0.012658227848101266,164,4,4,4,12,Loyal Customers
18126.0,206.82999999999998,1,206.82999999999998,60,60,0.01639344262295082,52,3,2,1,6,At Risk
18127.0,348.73,3,116.24333333333334,18,133,0.022388059701492536,41,4,4,2,10,Loyal Customers
18129.0,112.55000000000001,1,112.55000000000001,242,242,0.00411522633744856,13,1,2,1,4,Lost Customers
18130.0,1059.39,3,353.13000000000005,14,56,0.05263157894736842,58,4,4,4,12,Loyal Customers
18133.0,931.4999999999999,1,931.4999999999999,211,211,0.0047169811320754715,1,1,2,3,6,At Risk
18135.0,681.9100000000001,5,136.382,28,189,0.02631578947368421,11,4,4,3,11,Loyal Customers
18136.0,784.33,3,261.4433333333333,62,319,0.009375,34,3,4,3,10,Loyal Customers
18138.0,152.65,1,152.65,294,294,0.003389830508474576,8,1,2,1,4,Lost Customers
18139.0,8438.34,6,1406.39,17,17,0.3333333333333333,35,4,5,5,14,Champions
18142.0,1019.52,2,509.76,156,215,0.009259259259259259,9,2,3,4,9,Potential Loyal Customers
18143.0,1000.16,2,500.08,116,141,0.014084507042253521,59,2,3,4,9,Potential Loyal Customers
18144.0,2888.75,12,240.72916666666666,7,372,0.032171581769437,27,5,5,5,15,Champions
18145.0,2861.55,4,715.3875,12,312,0.012779552715654952,174,5,4,5,14,Champions
18146.0,160.35000000000002,2,80.17500000000001,140,219,0.00909090909090909,10,2,3,1,6,At Risk
18147.0,179.33999999999997,2,89.66999999999999,45,108,0.01834862385321101,7,3,3,1,7,Potential Loyal Customers
18149.0,612.0799999999999,3,204.02666666666664,50,273,0.010948905109489052,11,3,4,3,10,Loyal Customers
18150.0,566.58,3,188.86,31,201,0.01485148514851485,29,4,4,3,11,Loyal Customers
18151.0,653.35,2,326.675,134,289,0.006896551724137931,38,2,3,3,8,Potential Loyal Customers
18154.0,399.19,2,199.595,2,43,0.045454545454545456,15,5,3,2,10,Loyal Customers
18155.0,371.62,3,123.87333333333333,74,291,0.010273972602739725,19,2,4,2,8,Potential Loyal Customers
18156.0,734.94,2,367.47,12,369,0.005405405405405406,100,5,3,3,11,Loyal Customers
18158.0,453.4,2,226.7,8,88,0.02247191011235955,24,5,3,2,10,Loyal Customers
18159.0,530.15,1,530.15,300,300,0.0033222591362126247,23,1,2,3,6,At Risk
18160.0,638.0600000000001,2,319.03000000000003,56,199,0.01,37,3,3,3,9,Potential Loyal Customers
18161.0,1618.69,5,323.738,14,319,0.015625,49,4,4,4,12,Loyal Customers
18164.0,399.65000000000003,1,399.65000000000003,36,36,0.02702702702702703,24,3,2,2,7,Potential Loyal Customers
18165.0,302.46000000000004,1,302.46000000000004,176,176,0.005649717514124294,10,2,2,2,6,At Risk
18167.0,1384.8600000000001,3,461.62000000000006,22,105,0.02830188679245283,24,4,4,4,12,Loyal Customers
18168.0,1169.94,6,194.99,175,371,0.016129032258064516,97,2,5,4,11,Loyal Customers
18169.0,202.65,1,202.65,60,60,0.01639344262295082,9,3,2,1,6,At Risk
18170.0,980.31,3,326.77,32,216,0.013824884792626729,29,4,4,4,12,Loyal Customers
18171.0,1231.31,5,246.262,58,333,0.014970059880239521,43,3,4,4,11,Loyal Customers
18172.0,7561.68,20,378.084,14,289,0.06896551724137931,100,4,5,5,14,Champions
18173.0,2106.84,4,526.71,86,274,0.014545454545454545,23,2,4,5,11,Loyal Customers
18174.0,104.0,1,104.0,6,6,0.14285714285714285,1,5,2,1,8,Potential Loyal Customers
18176.0,476.35,1,476.35,357,357,0.002793296089385475,30,1,2,2,5,At Risk
18177.0,1341.42,6,223.57000000000002,30,255,0.0234375,53,4,5,4,13,Champions
18178.0,1590.81,4,397.7025,128,364,0.010958904109589041,80,2,4,4,10,Loyal Customers
18179.0,1793.17,6,298.8616666666667,8,335,0.017857142857142856,86,5,5,4,14,Champions
18180.0,1843.75,6,307.2916666666667,4,142,0.04195804195804196,108,5,5,4,14,Champions
18181.0,382.8,1,382.8,23,23,0.041666666666666664,40,4,2,2,8,Potential Loyal Customers
18183.0,632.07,2,316.035,226,274,0.007272727272727273,36,1,3,3,7,Potential Loyal Customers
18184.0,49.8,1,49.8,14,14,0.06666666666666667,1,4,2,1,7,Potential Loyal Customers
18185.0,304.25,1,304.25,248,248,0.004016064257028112,17,1,2,2,5,At Risk
18188.0,2001.04,3,667.0133333333333,14,289,0.010344827586206896,63,4,4,4,12,Loyal Customers
18189.0,1090.24,2,545.12,77,267,0.007462686567164179,65,2,3,4,9,Potential Loyal Customers
18190.0,284.46000000000004,2,142.23000000000002,191,330,0.006042296072507553,14,1,3,2,6,At Risk
18191.0,207.79999999999998,1,207.79999999999998,261,261,0.003816793893129771,7,1,2,1,4,Lost Customers
18192.0,957.97,1,957.97,71,71,0.013888888888888888,45,3,2,4,9,Potential Loyal Customers
18193.0,243.76,1,243.76,164,164,0.006060606060606061,16,2,2,1,5,At Risk
18194.0,973.8399999999999,1,973.8399999999999,81,81,0.012195121951219513,7,2,2,4,8,Potential Loyal Customers
18196.0,689.13,2,344.565,94,289,0.006896551724137931,131,2,3,3,8,Potential Loyal Customers
18198.0,5425.56,17,319.15058823529415,3,335,0.050595238095238096,81,5,5,5,15,Champions
18200.0,163.8,1,163.8,105,105,0.009433962264150943,29,2,2,1,5,At Risk
18202.0,1396.99,3,465.66333333333336,199,310,0.00964630225080386,55,1,4,4,9,Potential Loyal Customers
18203.0,160.42000000000002,1,160.42000000000002,156,156,0.006369426751592357,19,2,2,1,5,At Risk
18204.0,1993.7,3,664.5666666666667,70,191,0.015625,159,3,4,4,11,Loyal Customers
18205.0,517.36,2,258.68,35,74,0.02666666666666667,30,3,3,3,9,Potential Loyal Customers
18209.0,139.10000000000002,1,139.10000000000002,28,28,0.034482758620689655,8,4,2,1,7,Potential Loyal Customers
18210.0,2621.38,6,436.8966666666667,1,266,0.02247191011235955,109,5,5,5,15,Champions
18211.0,600.07,5,120.01400000000001,25,278,0.017921146953405017,37,4,4,3,11,Loyal Customers
18212.0,248.42,1,248.42,325,325,0.003067484662576687,30,1,2,1,4,Lost Customers
18213.0,232.48000000000002,1,232.48000000000002,236,236,0.004219409282700422,15,1,2,1,4,Lost Customers
18215.0,299.34000000000003,1,299.34000000000003,88,88,0.011235955056179775,13,2,2,2,6,At Risk
18216.0,481.75,1,481.75,30,30,0.03225806451612903,26,4,2,2,8,Potential Loyal Customers
18217.0,621.75,2,310.875,28,70,0.028169014084507043,27,4,3,3,10,Loyal Customers
18218.0,662.08,2,331.04,210,281,0.0070921985815602835,17,1,3,3,7,Potential Loyal Customers
18219.0,2069.77,10,206.977,2,368,0.02710027100271003,58,5,5,5,15,Champions
18220.0,305.28000000000003,1,305.28000000000003,226,226,0.004405286343612335,2,1,2,2,5,At Risk
18221.0,1041.61,5,208.32199999999997,21,210,0.023696682464454975,59,4,4,4,12,Loyal Customers
18222.0,443.0,1,443.0,92,92,0.010752688172043012,19,2,2,2,6,At Risk
18223.0,6484.54,14,463.18142857142857,4,357,0.03910614525139665,116,5,5,5,15,Champions
18224.0,158.95000000000002,1,158.95000000000002,263,263,0.003787878787878788,10,1,2,1,4,Lost Customers
18225.0,5509.12,12,459.0933333333333,2,364,0.03287671232876712,150,5,5,5,15,Champions
18226.0,5228.05,11,475.27727272727276,43,337,0.03254437869822485,141,3,5,5,13,Champions
18227.0,93.75,1,93.75,217,217,0.0045871559633027525,5,1,2,1,4,Lost Customers
18228.0,779.9,2,389.95,56,79,0.025,23,3,3,3,9,Potential Loyal Customers
18229.0,7276.900000000001,20,363.845,11,372,0.05361930294906166,66,5,5,5,15,Champions
18230.0,2810.2000000000003,7,401.4571428571429,8,301,0.023178807947019868,32,5,5,5,15,Champions
18231.0,2083.27,5,416.654,191,288,0.01730103806228374,106,1,4,5,10,Loyal Customers
18232.0,592.97,4,148.2425,81,196,0.02030456852791878,31,2,4,3,9,Potential Loyal Customers
18233.0,440.0,1,440.0,325,325,0.003067484662576687,1,1,2,2,5,At Risk
18235.0,1796.48,3,598.8266666666667,71,216,0.013824884792626729,100,3,4,4,11,Loyal Customers
18236.0,882.24,6,147.04,29,240,0.024896265560165973,42,4,5,3,12,Loyal Customers
18237.0,987.1,5,197.42000000000002,2,133,0.03731343283582089,40,5,4,4,13,Champions
18239.0,1561.6100000000001,5,312.322,218,371,0.013440860215053764,80,1,4,4,9,Potential Loyal Customers
18240.0,422.58,1,422.58,45,45,0.021739130434782608,6,3,2,2,7,Potential Loyal Customers
18241.0,2073.09,17,121.9464705882353,9,217,0.0779816513761468,60,5,5,5,15,Champions
18242.0,2232.4900000000002,4,558.1225000000001,71,213,0.018691588785046728,72,3,4,5,12,Loyal Customers
18245.0,2567.06,7,366.72285714285715,6,354,0.01971830985915493,153,5,5,5,15,Champions
18246.0,596.1,2,298.05,23,232,0.008583690987124463,3,4,3,3,10,Loyal Customers
18248.0,804.02,2,402.01,122,185,0.010752688172043012,39,2,3,3,8,Potential Loyal Customers
18249.0,95.34,1,95.34,16,16,0.058823529411764705,8,4,2,1,7,Potential Loyal Customers
18250.0,349.27,1,349.27,309,309,0.0032258064516129032,21,1,2,2,5,At Risk
18251.0,4314.72,1,4314.72,86,86,0.011494252873563218,16,2,2,5,9,Potential Loyal Customers
18252.0,526.67,2,263.335,50,171,0.011627906976744186,90,3,3,3,9,Potential Loyal Customers
18255.0,103.3,1,103.3,88,88,0.011235955056179775,6,2,2,1,5,At Risk
18257.0,2337.63,8,292.20375,38,295,0.02702702702702703,97,3,5,5,13,Champions
18259.0,2338.6000000000004,3,779.5333333333334,24,365,0.00819672131147541,27,4,4,5,13,Champions
18260.0,2643.2000000000003,6,440.53333333333336,172,357,0.01675977653631285,86,2,5,5,12,Loyal Customers
18261.0,324.24,2,162.12,42,95,0.020833333333333332,19,3,3,2,8,Potential Loyal Customers
18262.0,149.48,1,149.48,139,139,0.007142857142857143,13,2,2,1,5,At Risk
18263.0,1213.1599999999999,3,404.3866666666666,25,252,0.011857707509881422,59,4,4,4,12,Loyal Customers
18265.0,801.51,2,400.755,71,157,0.012658227848101266,44,3,3,3,9,Potential Loyal Customers
18268.0,25.5,1,25.5,133,133,0.007462686567164179,1,2,2,1,5,At Risk
18269.0,168.6,1,168.6,365,365,0.00273224043715847,7,1,2,1,4,Lost Customers
18270.0,283.15,2,141.575,37,266,0.00749063670411985,11,3,3,2,8,Potential Loyal Customers
18272.0,3078.58,6,513.0966666666667,2,246,0.024291497975708502,99,5,5,5,15,Champions
18273.0,204.0,3,68.0,1,257,0.011627906976744186,1,5,4,1,10,Loyal Customers
18274.0,175.92,1,175.92,29,29,0.03333333333333333,11,4,2,1,7,Potential Loyal Customers
18276.0,335.86,1,335.86,43,43,0.022727272727272728,14,3,2,2,7,Potential Loyal Customers
18277.0,110.38,1,110.38,57,57,0.017241379310344827,8,3,2,1,6,At Risk
18278.0,173.9,1,173.9,73,73,0.013513513513513514,9,2,2,1,5,At Risk
18280.0,180.60000000000002,1,180.60000000000002,277,277,0.0035971223021582736,10,1,2,1,4,Lost Customers
18281.0,80.82,1,80.82,180,180,0.0055248618784530384,7,1,2,1,4,Lost Customers
18282.0,178.05,2,89.025,7,125,0.015873015873015872,12,5,3,1,9,Potential Loyal Customers
18283.0,2094.88,16,130.93,3,336,0.04747774480712166,263,5,5,5,15,Champions
18287.0,1837.28,3,612.4266666666666,42,201,0.01485148514851485,59,3,4,4,11,Loyal Customers
